{
"type": "FeatureCollection",
"name": "Post",
"crs": { "type": "name", "properties": { "name": "urn:ogc:def:crs:OGC:1.3:CRS84" } },
"features": [
{ "type": "Feature", "properties": { "fid": 1, "full_id": "n254367470", "osm_id": "254367470", "osm_type": "node", "amenity": "post_office", "survey:date": null, "wheelchair": null, "District": null, "addr:district": null, "office": null, "government": null, "addr:hamlet": null, "name:es": null, "description:zh": null, "post_office:type": null, "addr:housenumber": null, "phone": null, "name:ta": null, "name:nl": null, "name:si": null, "alt_name": null, "junction": null, "designation": null, "man_made": null, "collection_times": null, "postal_code": null, "name:zh": null, "name:en": null, "atm": null, "ele": null, "brand:wikidata": null, "brand": null, "wikipedia": null, "wikidata": null, "opening_hours": null, "branch": null, "ref": null, "check_date": null, "addr:street": null, "addr:city": null, "operator": "Sri Lanka Post", "name": "Horana post office", "addr:postcode": "12400", "Date": "2015-01-01" }, "geometry": { "type": "Point", "coordinates": [ 80.0684241, 6.7175451 ] } },
{ "type": "Feature", "properties": { "fid": 2, "full_id": "n266478499", "osm_id": "266478499", "osm_type": "node", "amenity": "post_office", "survey:date": null, "wheelchair": null, "District": null, "addr:district": null, "office": null, "government": null, "addr:hamlet": null, "name:es": null, "description:zh": null, "post_office:type": null, "addr:housenumber": null, "phone": null, "name:ta": null, "name:nl": null, "name:si": null, "alt_name": null, "junction": null, "designation": null, "man_made": null, "collection_times": null, "postal_code": null, "name:zh": null, "name:en": null, "atm": null, "ele": null, "brand:wikidata": null, "brand": null, "wikipedia": null, "wikidata": null, "opening_hours": null, "branch": null, "ref": null, "check_date": null, "addr:street": "Colombo -Matara Road", "addr:city": "Mirissa", "operator": null, "name": null, "addr:postcode": null, "Date": "2015-01-01" }, "geometry": { "type": "Point", "coordinates": [ 80.455355, 5.9505111 ] } },
{ "type": "Feature", "properties": { "fid": 3, "full_id": "n331444092", "osm_id": "331444092", "osm_type": "node", "amenity": "post_office", "survey:date": null, "wheelchair": null, "District": null, "addr:district": null, "office": null, "government": null, "addr:hamlet": null, "name:es": null, "description:zh": null, "post_office:type": null, "addr:housenumber": null, "phone": null, "name:ta": null, "name:nl": null, "name:si": null, "alt_name": null, "junction": null, "designation": null, "man_made": null, "collection_times": null, "postal_code": null, "name:zh": null, "name:en": null, "atm": null, "ele": null, "brand:wikidata": null, "brand": null, "wikipedia": null, "wikidata": null, "opening_hours": null, "branch": null, "ref": null, "check_date": null, "addr:street": "Dehiwala Road", "addr:city": "Maharagama", "operator": null, "name": null, "addr:postcode": null, "Date": "2015-01-01" }, "geometry": { "type": "Point", "coordinates": [ 79.9255936, 6.8465944 ] } },
{ "type": "Feature", "properties": { "fid": 4, "full_id": "n619297604", "osm_id": "619297604", "osm_type": "node", "amenity": "post_office", "survey:date": null, "wheelchair": null, "District": null, "addr:district": null, "office": null, "government": null, "addr:hamlet": null, "name:es": null, "description:zh": null, "post_office:type": null, "addr:housenumber": null, "phone": null, "name:ta": null, "name:nl": null, "name:si": null, "alt_name": null, "junction": null, "designation": null, "man_made": null, "collection_times": null, "postal_code": null, "name:zh": null, "name:en": null, "atm": null, "ele": null, "brand:wikidata": null, "brand": null, "wikipedia": null, "wikidata": null, "opening_hours": null, "branch": null, "ref": null, "check_date": "2023-01-05", "addr:street": "Gnanartha Pradeepa Mawatha", "addr:city": "Punchi Borella", "operator": null, "name": "Post Office Punchi Borerella", "addr:postcode": null, "Date": "2015-01-01" }, "geometry": { "type": "Point", "coordinates": [ 79.8709201, 6.9213534 ] } },
{ "type": "Feature", "properties": { "fid": 5, "full_id": "n625786574", "osm_id": "625786574", "osm_type": "node", "amenity": "post_office", "survey:date": null, "wheelchair": null, "District": null, "addr:district": null, "office": null, "government": null, "addr:hamlet": null, "name:es": null, "description:zh": null, "post_office:type": null, "addr:housenumber": null, "phone": null, "name:ta": null, "name:nl": null, "name:si": null, "alt_name": null, "junction": null, "designation": null, "man_made": null, "collection_times": null, "postal_code": null, "name:zh": null, "name:en": null, "atm": null, "ele": null, "brand:wikidata": null, "brand": null, "wikipedia": null, "wikidata": null, "opening_hours": null, "branch": null, "ref": null, "check_date": null, "addr:street": "Thalawathugoda road", "addr:city": "Thalawathugoda", "operator": null, "name": "Post Office Thalawathugoda", "addr:postcode": null, "Date": "2015-01-01" }, "geometry": { "type": "Point", "coordinates": [ 79.9353569, 6.8750726 ] } },
{ "type": "Feature", "properties": { "fid": 6, "full_id": "n678287424", "osm_id": "678287424", "osm_type": "node", "amenity": "post_office", "survey:date": null, "wheelchair": null, "District": null, "addr:district": null, "office": null, "government": null, "addr:hamlet": null, "name:es": null, "description:zh": null, "post_office:type": null, "addr:housenumber": null, "phone": null, "name:ta": null, "name:nl": null, "name:si": null, "alt_name": null, "junction": null, "designation": null, "man_made": null, "collection_times": null, "postal_code": null, "name:zh": null, "name:en": null, "atm": null, "ele": null, "brand:wikidata": null, "brand": null, "wikipedia": null, "wikidata": null, "opening_hours": null, "branch": null, "ref": null, "check_date": null, "addr:street": null, "addr:city": null, "operator": null, "name": "Post Office Slave Island", "addr:postcode": null, "Date": "2015-01-01" }, "geometry": { "type": "Point", "coordinates": [ 79.8531208, 6.9229035 ] } },
{ "type": "Feature", "properties": { "fid": 7, "full_id": "n1134708432", "osm_id": "1134708432", "osm_type": "node", "amenity": "post_office", "survey:date": null, "wheelchair": null, "District": null, "addr:district": null, "office": null, "government": null, "addr:hamlet": null, "name:es": null, "description:zh": null, "post_office:type": null, "addr:housenumber": null, "phone": null, "name:ta": null, "name:nl": null, "name:si": null, "alt_name": null, "junction": null, "designation": null, "man_made": null, "collection_times": null, "postal_code": null, "name:zh": null, "name:en": null, "atm": null, "ele": null, "brand:wikidata": null, "brand": null, "wikipedia": null, "wikidata": null, "opening_hours": null, "branch": null, "ref": null, "check_date": null, "addr:street": null, "addr:city": "Waikkala", "operator": null, "name": "Post Office", "addr:postcode": null, "Date": "2015-01-01" }, "geometry": { "type": "Point", "coordinates": [ 79.8598528, 7.2772505 ] } },
{ "type": "Feature", "properties": { "fid": 8, "full_id": "n1138325375", "osm_id": "1138325375", "osm_type": "node", "amenity": "post_office", "survey:date": null, "wheelchair": null, "District": null, "addr:district": null, "office": null, "government": null, "addr:hamlet": null, "name:es": null, "description:zh": null, "post_office:type": null, "addr:housenumber": null, "phone": null, "name:ta": null, "name:nl": null, "name:si": null, "alt_name": null, "junction": null, "designation": null, "man_made": null, "collection_times": null, "postal_code": null, "name:zh": null, "name:en": null, "atm": null, "ele": null, "brand:wikidata": null, "brand": null, "wikipedia": null, "wikidata": null, "opening_hours": null, "branch": null, "ref": null, "check_date": null, "addr:street": null, "addr:city": null, "operator": null, "name": "Moratuwa Post Office", "addr:postcode": null, "Date": "2015-01-01" }, "geometry": { "type": "Point", "coordinates": [ 79.8828845, 6.7749155 ] } },
{ "type": "Feature", "properties": { "fid": 9, "full_id": "n1140291161", "osm_id": "1140291161", "osm_type": "node", "amenity": "post_office", "survey:date": null, "wheelchair": null, "District": null, "addr:district": null, "office": null, "government": null, "addr:hamlet": null, "name:es": null, "description:zh": null, "post_office:type": null, "addr:housenumber": null, "phone": null, "name:ta": null, "name:nl": null, "name:si": null, "alt_name": null, "junction": null, "designation": null, "man_made": null, "collection_times": null, "postal_code": null, "name:zh": null, "name:en": null, "atm": null, "ele": null, "brand:wikidata": null, "brand": null, "wikipedia": null, "wikidata": null, "opening_hours": null, "branch": null, "ref": null, "check_date": null, "addr:street": null, "addr:city": null, "operator": null, "name": "Veyangoda Post Office", "addr:postcode": null, "Date": "2015-01-01" }, "geometry": { "type": "Point", "coordinates": [ 80.0560933, 7.1560749 ] } },
{ "type": "Feature", "properties": { "fid": 10, "full_id": "n1148495473", "osm_id": "1148495473", "osm_type": "node", "amenity": "post_office", "survey:date": null, "wheelchair": null, "District": null, "addr:district": null, "office": null, "government": null, "addr:hamlet": null, "name:es": null, "description:zh": null, "post_office:type": null, "addr:housenumber": null, "phone": null, "name:ta": null, "name:nl": null, "name:si": null, "alt_name": null, "junction": null, "designation": null, "man_made": null, "collection_times": null, "postal_code": null, "name:zh": null, "name:en": null, "atm": null, "ele": null, "brand:wikidata": null, "brand": null, "wikipedia": null, "wikidata": null, "opening_hours": null, "branch": null, "ref": null, "check_date": null, "addr:street": null, "addr:city": null, "operator": null, "name": "Point Pedro Post Office", "addr:postcode": null, "Date": "2015-01-01" }, "geometry": { "type": "Point", "coordinates": [ 80.2369809, 9.823589 ] } },
{ "type": "Feature", "properties": { "fid": 11, "full_id": "n1181986264", "osm_id": "1181986264", "osm_type": "node", "amenity": "post_office", "survey:date": null, "wheelchair": null, "District": null, "addr:district": null, "office": null, "government": null, "addr:hamlet": null, "name:es": null, "description:zh": null, "post_office:type": null, "addr:housenumber": null, "phone": null, "name:ta": null, "name:nl": null, "name:si": null, "alt_name": null, "junction": null, "designation": null, "man_made": null, "collection_times": null, "postal_code": null, "name:zh": null, "name:en": null, "atm": null, "ele": null, "brand:wikidata": null, "brand": null, "wikipedia": null, "wikidata": null, "opening_hours": null, "branch": null, "ref": null, "check_date": null, "addr:street": null, "addr:city": null, "operator": null, "name": "Anuradhapura Post Office", "addr:postcode": null, "Date": "2015-01-01" }, "geometry": { "type": "Point", "coordinates": [ 80.4104018, 8.3330301 ] } },
{ "type": "Feature", "properties": { "fid": 12, "full_id": "n1243358327", "osm_id": "1243358327", "osm_type": "node", "amenity": "post_office", "survey:date": null, "wheelchair": null, "District": null, "addr:district": null, "office": null, "government": null, "addr:hamlet": null, "name:es": null, "description:zh": null, "post_office:type": null, "addr:housenumber": null, "phone": null, "name:ta": null, "name:nl": null, "name:si": null, "alt_name": null, "junction": null, "designation": null, "man_made": null, "collection_times": null, "postal_code": null, "name:zh": null, "name:en": null, "atm": null, "ele": null, "brand:wikidata": null, "brand": null, "wikipedia": null, "wikidata": null, "opening_hours": null, "branch": null, "ref": "Trinco", "check_date": null, "addr:street": "Post Office Road", "addr:city": "Trincomalee", "operator": "Sri Lanka POst", "name": "Post Office Trincomalee", "addr:postcode": null, "Date": "2015-01-01" }, "geometry": { "type": "Point", "coordinates": [ 81.2331673, 8.568455 ] } },
{ "type": "Feature", "properties": { "fid": 13, "full_id": "n1261066169", "osm_id": "1261066169", "osm_type": "node", "amenity": "post_office", "survey:date": null, "wheelchair": null, "District": null, "addr:district": null, "office": null, "government": null, "addr:hamlet": null, "name:es": null, "description:zh": null, "post_office:type": null, "addr:housenumber": null, "phone": null, "name:ta": null, "name:nl": null, "name:si": null, "alt_name": null, "junction": null, "designation": null, "man_made": null, "collection_times": null, "postal_code": null, "name:zh": null, "name:en": null, "atm": null, "ele": null, "brand:wikidata": null, "brand": null, "wikipedia": "en:Sri Lanka Post", "wikidata": "Q3610628", "opening_hours": "Mo-Fr 09:00-15:00", "branch": "Wellawatte", "ref": null, "check_date": null, "addr:street": null, "addr:city": "Wellawatte - Colombo 06", "operator": null, "name": "Post Office Wellawatte", "addr:postcode": null, "Date": "2015-01-01" }, "geometry": { "type": "Point", "coordinates": [ 79.8609684, 6.87499 ] } },
{ "type": "Feature", "properties": { "fid": 14, "full_id": "n1398239719", "osm_id": "1398239719", "osm_type": "node", "amenity": "post_office", "survey:date": null, "wheelchair": null, "District": null, "addr:district": null, "office": null, "government": null, "addr:hamlet": null, "name:es": null, "description:zh": null, "post_office:type": null, "addr:housenumber": null, "phone": null, "name:ta": null, "name:nl": null, "name:si": null, "alt_name": null, "junction": null, "designation": null, "man_made": null, "collection_times": null, "postal_code": null, "name:zh": null, "name:en": null, "atm": null, "ele": null, "brand:wikidata": null, "brand": null, "wikipedia": null, "wikidata": null, "opening_hours": null, "branch": null, "ref": "Weligama Post office", "check_date": null, "addr:street": null, "addr:city": null, "operator": null, "name": "Weligama Post office", "addr:postcode": null, "Date": "2015-01-01" }, "geometry": { "type": "Point", "coordinates": [ 80.4294463, 5.9752824 ] } },
{ "type": "Feature", "properties": { "fid": 15, "full_id": "n1420480932", "osm_id": "1420480932", "osm_type": "node", "amenity": "post_office", "survey:date": null, "wheelchair": null, "District": null, "addr:district": null, "office": null, "government": null, "addr:hamlet": null, "name:es": null, "description:zh": null, "post_office:type": null, "addr:housenumber": null, "phone": null, "name:ta": null, "name:nl": null, "name:si": null, "alt_name": null, "junction": null, "designation": null, "man_made": null, "collection_times": null, "postal_code": null, "name:zh": null, "name:en": null, "atm": null, "ele": null, "brand:wikidata": null, "brand": null, "wikipedia": null, "wikidata": null, "opening_hours": null, "branch": null, "ref": null, "check_date": null, "addr:street": null, "addr:city": null, "operator": null, "name": "Mirihana Post Office", "addr:postcode": null, "Date": "2015-01-01" }, "geometry": { "type": "Point", "coordinates": [ 79.9010879, 6.8752209 ] } },
{ "type": "Feature", "properties": { "fid": 16, "full_id": "n1478762113", "osm_id": "1478762113", "osm_type": "node", "amenity": "post_office", "survey:date": null, "wheelchair": null, "District": null, "addr:district": null, "office": null, "government": null, "addr:hamlet": null, "name:es": null, "description:zh": null, "post_office:type": null, "addr:housenumber": null, "phone": null, "name:ta": null, "name:nl": null, "name:si": null, "alt_name": null, "junction": null, "designation": null, "man_made": null, "collection_times": null, "postal_code": null, "name:zh": null, "name:en": null, "atm": null, "ele": null, "brand:wikidata": null, "brand": null, "wikipedia": null, "wikidata": null, "opening_hours": null, "branch": null, "ref": "61158", "check_date": null, "addr:street": null, "addr:city": null, "operator": null, "name": "Koswatta Post Office", "addr:postcode": null, "Date": "2015-01-01" }, "geometry": { "type": "Point", "coordinates": [ 79.9002602, 7.3764064 ] } },
{ "type": "Feature", "properties": { "fid": 17, "full_id": "n1528649536", "osm_id": "1528649536", "osm_type": "node", "amenity": "post_office", "survey:date": null, "wheelchair": null, "District": null, "addr:district": null, "office": null, "government": null, "addr:hamlet": null, "name:es": null, "description:zh": null, "post_office:type": null, "addr:housenumber": null, "phone": null, "name:ta": null, "name:nl": null, "name:si": null, "alt_name": null, "junction": null, "designation": null, "man_made": null, "collection_times": null, "postal_code": null, "name:zh": null, "name:en": null, "atm": null, "ele": null, "brand:wikidata": null, "brand": null, "wikipedia": null, "wikidata": null, "opening_hours": null, "branch": null, "ref": null, "check_date": null, "addr:street": null, "addr:city": null, "operator": "Postal Departmant", "name": "KAwdana Sub Post Office", "addr:postcode": null, "Date": "2015-01-01" }, "geometry": { "type": "Point", "coordinates": [ 79.8704876, 6.8478635 ] } },
{ "type": "Feature", "properties": { "fid": 18, "full_id": "n1533923901", "osm_id": "1533923901", "osm_type": "node", "amenity": "post_office", "survey:date": null, "wheelchair": null, "District": null, "addr:district": null, "office": null, "government": null, "addr:hamlet": null, "name:es": null, "description:zh": null, "post_office:type": null, "addr:housenumber": null, "phone": null, "name:ta": null, "name:nl": null, "name:si": null, "alt_name": null, "junction": null, "designation": null, "man_made": null, "collection_times": null, "postal_code": null, "name:zh": null, "name:en": null, "atm": null, "ele": null, "brand:wikidata": null, "brand": null, "wikipedia": null, "wikidata": null, "opening_hours": null, "branch": null, "ref": "1", "check_date": null, "addr:street": null, "addr:city": null, "operator": null, "name": "Kawdana Post Office", "addr:postcode": null, "Date": "2015-01-01" }, "geometry": { "type": "Point", "coordinates": [ 79.8705937, 6.8478712 ] } },
{ "type": "Feature", "properties": { "fid": 19, "full_id": "n1621585113", "osm_id": "1621585113", "osm_type": "node", "amenity": "post_office", "survey:date": null, "wheelchair": null, "District": null, "addr:district": null, "office": null, "government": null, "addr:hamlet": null, "name:es": null, "description:zh": null, "post_office:type": null, "addr:housenumber": null, "phone": null, "name:ta": null, "name:nl": null, "name:si": null, "alt_name": null, "junction": null, "designation": null, "man_made": null, "collection_times": null, "postal_code": null, "name:zh": null, "name:en": null, "atm": null, "ele": null, "brand:wikidata": "Q489815", "brand": "DHL", "wikipedia": null, "wikidata": null, "opening_hours": null, "branch": null, "ref": null, "check_date": null, "addr:street": null, "addr:city": null, "operator": "DHL", "name": "DHL", "addr:postcode": null, "Date": "2015-01-01" }, "geometry": { "type": "Point", "coordinates": [ 80.0023121, 6.4197541 ] } },
{ "type": "Feature", "properties": { "fid": 20, "full_id": "n1796683547", "osm_id": "1796683547", "osm_type": "node", "amenity": "post_office", "survey:date": null, "wheelchair": null, "District": null, "addr:district": null, "office": null, "government": null, "addr:hamlet": null, "name:es": null, "description:zh": null, "post_office:type": null, "addr:housenumber": null, "phone": null, "name:ta": null, "name:nl": null, "name:si": null, "alt_name": null, "junction": null, "designation": null, "man_made": null, "collection_times": null, "postal_code": null, "name:zh": null, "name:en": null, "atm": null, "ele": null, "brand:wikidata": null, "brand": null, "wikipedia": null, "wikidata": null, "opening_hours": null, "branch": null, "ref": null, "check_date": null, "addr:street": null, "addr:city": null, "operator": null, "name": "Post Office Bandaragama", "addr:postcode": null, "Date": "2015-01-01" }, "geometry": { "type": "Point", "coordinates": [ 79.9904923, 6.7132839 ] } },
{ "type": "Feature", "properties": { "fid": 21, "full_id": "n1798382660", "osm_id": "1798382660", "osm_type": "node", "amenity": "post_office", "survey:date": null, "wheelchair": null, "District": null, "addr:district": null, "office": null, "government": null, "addr:hamlet": null, "name:es": null, "description:zh": null, "post_office:type": null, "addr:housenumber": null, "phone": null, "name:ta": null, "name:nl": null, "name:si": null, "alt_name": null, "junction": null, "designation": null, "man_made": null, "collection_times": null, "postal_code": null, "name:zh": null, "name:en": null, "atm": null, "ele": null, "brand:wikidata": null, "brand": null, "wikipedia": null, "wikidata": null, "opening_hours": null, "branch": null, "ref": null, "check_date": "2024-08-22", "addr:street": "Colombo-Kandy Road", "addr:city": "warakapola", "operator": null, "name": "Warakapola Post Office", "addr:postcode": null, "Date": "2015-01-01" }, "geometry": { "type": "Point", "coordinates": [ 80.1976884, 7.2253073 ] } },
{ "type": "Feature", "properties": { "fid": 22, "full_id": "n1815547363", "osm_id": "1815547363", "osm_type": "node", "amenity": "post_office", "survey:date": null, "wheelchair": null, "District": null, "addr:district": null, "office": null, "government": null, "addr:hamlet": null, "name:es": null, "description:zh": null, "post_office:type": null, "addr:housenumber": null, "phone": null, "name:ta": null, "name:nl": null, "name:si": null, "alt_name": null, "junction": null, "designation": null, "man_made": null, "collection_times": null, "postal_code": null, "name:zh": null, "name:en": null, "atm": null, "ele": null, "brand:wikidata": null, "brand": null, "wikipedia": null, "wikidata": null, "opening_hours": null, "branch": null, "ref": "Mulleriyawa sub Post Office", "check_date": null, "addr:street": null, "addr:city": null, "operator": "gov", "name": null, "addr:postcode": null, "Date": "2015-01-01" }, "geometry": { "type": "Point", "coordinates": [ 79.9406299, 6.9248799 ] } },
{ "type": "Feature", "properties": { "fid": 23, "full_id": "n1815549235", "osm_id": "1815549235", "osm_type": "node", "amenity": "post_office", "survey:date": null, "wheelchair": null, "District": null, "addr:district": null, "office": null, "government": null, "addr:hamlet": null, "name:es": null, "description:zh": null, "post_office:type": null, "addr:housenumber": null, "phone": null, "name:ta": null, "name:nl": null, "name:si": null, "alt_name": null, "junction": null, "designation": null, "man_made": null, "collection_times": null, "postal_code": null, "name:zh": null, "name:en": null, "atm": null, "ele": null, "brand:wikidata": null, "brand": null, "wikipedia": null, "wikidata": null, "opening_hours": null, "branch": null, "ref": null, "check_date": null, "addr:street": null, "addr:city": null, "operator": "gov", "name": "Mulleriyawa Post Office", "addr:postcode": null, "Date": "2015-01-01" }, "geometry": { "type": "Point", "coordinates": [ 79.9278928, 6.9270648 ] } },
{ "type": "Feature", "properties": { "fid": 24, "full_id": "n1819857210", "osm_id": "1819857210", "osm_type": "node", "amenity": "post_office", "survey:date": null, "wheelchair": null, "District": null, "addr:district": null, "office": null, "government": null, "addr:hamlet": null, "name:es": null, "description:zh": null, "post_office:type": null, "addr:housenumber": null, "phone": null, "name:ta": null, "name:nl": null, "name:si": null, "alt_name": null, "junction": null, "designation": null, "man_made": null, "collection_times": null, "postal_code": null, "name:zh": null, "name:en": null, "atm": null, "ele": null, "brand:wikidata": null, "brand": null, "wikipedia": null, "wikidata": null, "opening_hours": null, "branch": null, "ref": null, "check_date": null, "addr:street": null, "addr:city": null, "operator": null, "name": "Ettampitiya Post Office", "addr:postcode": null, "Date": "2015-01-01" }, "geometry": { "type": "Point", "coordinates": [ 80.9907575, 6.9366165 ] } },
{ "type": "Feature", "properties": { "fid": 25, "full_id": "n1822753288", "osm_id": "1822753288", "osm_type": "node", "amenity": "post_office", "survey:date": null, "wheelchair": null, "District": null, "addr:district": null, "office": null, "government": null, "addr:hamlet": null, "name:es": null, "description:zh": null, "post_office:type": null, "addr:housenumber": null, "phone": null, "name:ta": null, "name:nl": null, "name:si": null, "alt_name": null, "junction": null, "designation": null, "man_made": null, "collection_times": null, "postal_code": null, "name:zh": null, "name:en": null, "atm": null, "ele": null, "brand:wikidata": null, "brand": null, "wikipedia": null, "wikidata": null, "opening_hours": null, "branch": null, "ref": null, "check_date": null, "addr:street": null, "addr:city": null, "operator": null, "name": "Kalutara", "addr:postcode": null, "Date": "2015-01-01" }, "geometry": { "type": "Point", "coordinates": [ 79.9593632, 6.5837102 ] } },
{ "type": "Feature", "properties": { "fid": 26, "full_id": "n1830490111", "osm_id": "1830490111", "osm_type": "node", "amenity": "post_office", "survey:date": null, "wheelchair": null, "District": null, "addr:district": null, "office": null, "government": null, "addr:hamlet": null, "name:es": null, "description:zh": null, "post_office:type": null, "addr:housenumber": null, "phone": null, "name:ta": null, "name:nl": null, "name:si": null, "alt_name": null, "junction": null, "designation": null, "man_made": null, "collection_times": null, "postal_code": null, "name:zh": null, "name:en": null, "atm": null, "ele": null, "brand:wikidata": null, "brand": null, "wikipedia": null, "wikidata": null, "opening_hours": null, "branch": null, "ref": null, "check_date": null, "addr:street": null, "addr:city": "Gampola", "operator": null, "name": "Post Office", "addr:postcode": null, "Date": "2015-01-01" }, "geometry": { "type": "Point", "coordinates": [ 80.5701196, 7.162616 ] } },
{ "type": "Feature", "properties": { "fid": 27, "full_id": "n1839503222", "osm_id": "1839503222", "osm_type": "node", "amenity": "post_office", "survey:date": null, "wheelchair": null, "District": null, "addr:district": null, "office": null, "government": null, "addr:hamlet": null, "name:es": null, "description:zh": null, "post_office:type": null, "addr:housenumber": null, "phone": null, "name:ta": null, "name:nl": null, "name:si": null, "alt_name": null, "junction": null, "designation": null, "man_made": null, "collection_times": null, "postal_code": null, "name:zh": null, "name:en": null, "atm": null, "ele": null, "brand:wikidata": null, "brand": null, "wikipedia": null, "wikidata": null, "opening_hours": null, "branch": null, "ref": null, "check_date": null, "addr:street": null, "addr:city": null, "operator": null, "name": "Beddagana Sub Post Office", "addr:postcode": null, "Date": "2015-01-01" }, "geometry": { "type": "Point", "coordinates": [ 79.910488, 6.8866576 ] } },
{ "type": "Feature", "properties": { "fid": 28, "full_id": "n1847947555", "osm_id": "1847947555", "osm_type": "node", "amenity": "post_office", "survey:date": null, "wheelchair": null, "District": null, "addr:district": null, "office": null, "government": null, "addr:hamlet": null, "name:es": null, "description:zh": null, "post_office:type": null, "addr:housenumber": null, "phone": null, "name:ta": null, "name:nl": null, "name:si": null, "alt_name": null, "junction": null, "designation": null, "man_made": null, "collection_times": null, "postal_code": null, "name:zh": null, "name:en": null, "atm": null, "ele": null, "brand:wikidata": null, "brand": null, "wikipedia": null, "wikidata": null, "opening_hours": null, "branch": null, "ref": null, "check_date": null, "addr:street": null, "addr:city": null, "operator": null, "name": "Post office Minuwangoda", "addr:postcode": null, "Date": "2015-01-01" }, "geometry": { "type": "Point", "coordinates": [ 79.9501574, 7.1696196 ] } },
{ "type": "Feature", "properties": { "fid": 29, "full_id": "n1848020330", "osm_id": "1848020330", "osm_type": "node", "amenity": "post_office", "survey:date": null, "wheelchair": null, "District": null, "addr:district": null, "office": null, "government": null, "addr:hamlet": null, "name:es": null, "description:zh": null, "post_office:type": null, "addr:housenumber": null, "phone": null, "name:ta": null, "name:nl": null, "name:si": null, "alt_name": null, "junction": null, "designation": null, "man_made": null, "collection_times": null, "postal_code": null, "name:zh": null, "name:en": null, "atm": null, "ele": null, "brand:wikidata": null, "brand": null, "wikipedia": null, "wikidata": null, "opening_hours": null, "branch": null, "ref": null, "check_date": null, "addr:street": null, "addr:city": null, "operator": null, "name": "Makandura Post Office", "addr:postcode": null, "Date": "2015-01-01" }, "geometry": { "type": "Point", "coordinates": [ 79.9770202, 7.3216367 ] } },
{ "type": "Feature", "properties": { "fid": 30, "full_id": "n1854600560", "osm_id": "1854600560", "osm_type": "node", "amenity": "post_office", "survey:date": null, "wheelchair": null, "District": null, "addr:district": null, "office": null, "government": null, "addr:hamlet": null, "name:es": null, "description:zh": null, "post_office:type": null, "addr:housenumber": null, "phone": null, "name:ta": null, "name:nl": null, "name:si": null, "alt_name": null, "junction": null, "designation": null, "man_made": null, "collection_times": null, "postal_code": null, "name:zh": null, "name:en": null, "atm": null, "ele": null, "brand:wikidata": null, "brand": null, "wikipedia": null, "wikidata": null, "opening_hours": null, "branch": null, "ref": null, "check_date": null, "addr:street": null, "addr:city": null, "operator": null, "name": "Kosgama Post Office", "addr:postcode": null, "Date": "2015-01-01" }, "geometry": { "type": "Point", "coordinates": [ 80.1373713, 6.9398941 ] } },
{ "type": "Feature", "properties": { "fid": 31, "full_id": "n1862625149", "osm_id": "1862625149", "osm_type": "node", "amenity": "post_office", "survey:date": null, "wheelchair": null, "District": null, "addr:district": null, "office": null, "government": null, "addr:hamlet": null, "name:es": null, "description:zh": null, "post_office:type": null, "addr:housenumber": null, "phone": null, "name:ta": null, "name:nl": null, "name:si": null, "alt_name": null, "junction": null, "designation": null, "man_made": null, "collection_times": null, "postal_code": null, "name:zh": null, "name:en": null, "atm": null, "ele": "18.2", "brand:wikidata": null, "brand": null, "wikipedia": null, "wikidata": null, "opening_hours": null, "branch": null, "ref": null, "check_date": null, "addr:street": null, "addr:city": null, "operator": null, "name": "Pahathgama Post Office", "addr:postcode": null, "Date": "2015-01-01" }, "geometry": { "type": "Point", "coordinates": [ 80.087217, 6.9030792 ] } },
{ "type": "Feature", "properties": { "fid": 32, "full_id": "n1879028084", "osm_id": "1879028084", "osm_type": "node", "amenity": "post_office", "survey:date": null, "wheelchair": null, "District": null, "addr:district": null, "office": null, "government": null, "addr:hamlet": null, "name:es": null, "description:zh": null, "post_office:type": null, "addr:housenumber": null, "phone": null, "name:ta": null, "name:nl": null, "name:si": null, "alt_name": null, "junction": null, "designation": null, "man_made": null, "collection_times": null, "postal_code": null, "name:zh": null, "name:en": null, "atm": null, "ele": null, "brand:wikidata": null, "brand": null, "wikipedia": null, "wikidata": null, "opening_hours": null, "branch": null, "ref": null, "check_date": null, "addr:street": null, "addr:city": null, "operator": null, "name": "Post office - Sammanturai", "addr:postcode": null, "Date": "2015-01-01" }, "geometry": { "type": "Point", "coordinates": [ 81.810846, 7.3658205 ] } },
{ "type": "Feature", "properties": { "fid": 33, "full_id": "n1932028157", "osm_id": "1932028157", "osm_type": "node", "amenity": "post_office", "survey:date": null, "wheelchair": null, "District": null, "addr:district": null, "office": null, "government": null, "addr:hamlet": null, "name:es": null, "description:zh": null, "post_office:type": null, "addr:housenumber": null, "phone": null, "name:ta": null, "name:nl": null, "name:si": null, "alt_name": null, "junction": null, "designation": null, "man_made": null, "collection_times": null, "postal_code": null, "name:zh": null, "name:en": null, "atm": null, "ele": null, "brand:wikidata": null, "brand": null, "wikipedia": null, "wikidata": null, "opening_hours": null, "branch": null, "ref": null, "check_date": null, "addr:street": null, "addr:city": null, "operator": null, "name": "Walasmulla", "addr:postcode": null, "Date": "2015-01-01" }, "geometry": { "type": "Point", "coordinates": [ 80.6973623, 6.1508981 ] } },
{ "type": "Feature", "properties": { "fid": 34, "full_id": "n1934641449", "osm_id": "1934641449", "osm_type": "node", "amenity": "post_office", "survey:date": null, "wheelchair": null, "District": null, "addr:district": null, "office": null, "government": null, "addr:hamlet": null, "name:es": null, "description:zh": null, "post_office:type": null, "addr:housenumber": null, "phone": null, "name:ta": null, "name:nl": null, "name:si": null, "alt_name": null, "junction": null, "designation": null, "man_made": null, "collection_times": null, "postal_code": null, "name:zh": null, "name:en": null, "atm": null, "ele": null, "brand:wikidata": null, "brand": null, "wikipedia": null, "wikidata": null, "opening_hours": null, "branch": null, "ref": null, "check_date": null, "addr:street": null, "addr:city": null, "operator": null, "name": null, "addr:postcode": null, "Date": "2015-01-01" }, "geometry": { "type": "Point", "coordinates": [ 80.67092, 7.1543603 ] } },
{ "type": "Feature", "properties": { "fid": 35, "full_id": "n1945644654", "osm_id": "1945644654", "osm_type": "node", "amenity": "post_office", "survey:date": null, "wheelchair": null, "District": null, "addr:district": null, "office": null, "government": null, "addr:hamlet": null, "name:es": null, "description:zh": null, "post_office:type": null, "addr:housenumber": null, "phone": null, "name:ta": null, "name:nl": null, "name:si": null, "alt_name": null, "junction": null, "designation": null, "man_made": null, "collection_times": null, "postal_code": null, "name:zh": null, "name:en": null, "atm": null, "ele": null, "brand:wikidata": null, "brand": null, "wikipedia": null, "wikidata": null, "opening_hours": null, "branch": null, "ref": null, "check_date": null, "addr:street": null, "addr:city": null, "operator": null, "name": "Passara Post Office", "addr:postcode": null, "Date": "2015-01-01" }, "geometry": { "type": "Point", "coordinates": [ 81.1542901, 6.9349087 ] } },
{ "type": "Feature", "properties": { "fid": 36, "full_id": "n1969471282", "osm_id": "1969471282", "osm_type": "node", "amenity": "post_office", "survey:date": null, "wheelchair": null, "District": null, "addr:district": null, "office": null, "government": null, "addr:hamlet": null, "name:es": null, "description:zh": null, "post_office:type": null, "addr:housenumber": null, "phone": null, "name:ta": null, "name:nl": null, "name:si": null, "alt_name": null, "junction": null, "designation": null, "man_made": null, "collection_times": null, "postal_code": null, "name:zh": null, "name:en": null, "atm": null, "ele": null, "brand:wikidata": null, "brand": null, "wikipedia": null, "wikidata": null, "opening_hours": null, "branch": null, "ref": null, "check_date": null, "addr:street": null, "addr:city": null, "operator": null, "name": "Matugama", "addr:postcode": null, "Date": "2015-01-01" }, "geometry": { "type": "Point", "coordinates": [ 80.1167553, 6.5208928 ] } },
{ "type": "Feature", "properties": { "fid": 37, "full_id": "n1974728777", "osm_id": "1974728777", "osm_type": "node", "amenity": "post_office", "survey:date": null, "wheelchair": null, "District": null, "addr:district": null, "office": null, "government": null, "addr:hamlet": null, "name:es": null, "description:zh": null, "post_office:type": null, "addr:housenumber": null, "phone": null, "name:ta": null, "name:nl": null, "name:si": null, "alt_name": null, "junction": null, "designation": null, "man_made": null, "collection_times": null, "postal_code": null, "name:zh": null, "name:en": null, "atm": null, "ele": null, "brand:wikidata": null, "brand": null, "wikipedia": null, "wikidata": null, "opening_hours": null, "branch": null, "ref": null, "check_date": null, "addr:street": null, "addr:city": null, "operator": null, "name": "Dehiattakandiya Post Office", "addr:postcode": null, "Date": "2015-01-01" }, "geometry": { "type": "Point", "coordinates": [ 81.046223, 7.670628 ] } },
{ "type": "Feature", "properties": { "fid": 38, "full_id": "n1974740755", "osm_id": "1974740755", "osm_type": "node", "amenity": "post_office", "survey:date": null, "wheelchair": null, "District": null, "addr:district": null, "office": null, "government": null, "addr:hamlet": null, "name:es": null, "description:zh": null, "post_office:type": null, "addr:housenumber": null, "phone": null, "name:ta": null, "name:nl": null, "name:si": null, "alt_name": null, "junction": null, "designation": null, "man_made": null, "collection_times": null, "postal_code": null, "name:zh": null, "name:en": null, "atm": null, "ele": null, "brand:wikidata": null, "brand": null, "wikipedia": null, "wikidata": null, "opening_hours": null, "branch": null, "ref": null, "check_date": null, "addr:street": null, "addr:city": null, "operator": null, "name": "Siripura", "addr:postcode": null, "Date": "2015-01-01" }, "geometry": { "type": "Point", "coordinates": [ 81.0159844, 7.7284344 ] } },
{ "type": "Feature", "properties": { "fid": 39, "full_id": "n1980792496", "osm_id": "1980792496", "osm_type": "node", "amenity": "post_office", "survey:date": null, "wheelchair": null, "District": null, "addr:district": null, "office": null, "government": null, "addr:hamlet": null, "name:es": null, "description:zh": null, "post_office:type": null, "addr:housenumber": null, "phone": null, "name:ta": null, "name:nl": null, "name:si": null, "alt_name": null, "junction": null, "designation": null, "man_made": null, "collection_times": null, "postal_code": null, "name:zh": null, "name:en": null, "atm": null, "ele": null, "brand:wikidata": null, "brand": null, "wikipedia": null, "wikidata": null, "opening_hours": null, "branch": null, "ref": null, "check_date": null, "addr:street": null, "addr:city": null, "operator": null, "name": "Gintota", "addr:postcode": null, "Date": "2015-01-01" }, "geometry": { "type": "Point", "coordinates": [ 80.1757746, 6.0632822 ] } },
{ "type": "Feature", "properties": { "fid": 40, "full_id": "n1990941099", "osm_id": "1990941099", "osm_type": "node", "amenity": "post_office", "survey:date": null, "wheelchair": null, "District": null, "addr:district": null, "office": null, "government": null, "addr:hamlet": null, "name:es": null, "description:zh": null, "post_office:type": null, "addr:housenumber": null, "phone": null, "name:ta": null, "name:nl": null, "name:si": null, "alt_name": null, "junction": null, "designation": null, "man_made": null, "collection_times": null, "postal_code": null, "name:zh": null, "name:en": null, "atm": null, "ele": null, "brand:wikidata": null, "brand": null, "wikipedia": null, "wikidata": null, "opening_hours": null, "branch": null, "ref": null, "check_date": null, "addr:street": "Station Road", "addr:city": "Mount Lavinia", "operator": "asanka", "name": "mount lavinia post office", "addr:postcode": null, "Date": "2015-01-01" }, "geometry": { "type": "Point", "coordinates": [ 79.8664425, 6.8326492 ] } },
{ "type": "Feature", "properties": { "fid": 41, "full_id": "n2045858055", "osm_id": "2045858055", "osm_type": "node", "amenity": "post_office", "survey:date": null, "wheelchair": null, "District": null, "addr:district": null, "office": null, "government": null, "addr:hamlet": null, "name:es": null, "description:zh": null, "post_office:type": null, "addr:housenumber": null, "phone": null, "name:ta": null, "name:nl": null, "name:si": null, "alt_name": null, "junction": null, "designation": null, "man_made": null, "collection_times": null, "postal_code": null, "name:zh": null, "name:en": null, "atm": null, "ele": null, "brand:wikidata": null, "brand": null, "wikipedia": null, "wikidata": null, "opening_hours": null, "branch": null, "ref": null, "check_date": null, "addr:street": null, "addr:city": null, "operator": "Sri Lanka Post", "name": "Post Office, Kottawa", "addr:postcode": null, "Date": "2015-01-01" }, "geometry": { "type": "Point", "coordinates": [ 79.9638822, 6.84179 ] } },
{ "type": "Feature", "properties": { "fid": 42, "full_id": "n2045960596", "osm_id": "2045960596", "osm_type": "node", "amenity": "post_office", "survey:date": null, "wheelchair": null, "District": null, "addr:district": null, "office": null, "government": null, "addr:hamlet": null, "name:es": null, "description:zh": null, "post_office:type": null, "addr:housenumber": null, "phone": null, "name:ta": null, "name:nl": null, "name:si": null, "alt_name": null, "junction": null, "designation": null, "man_made": null, "collection_times": null, "postal_code": null, "name:zh": null, "name:en": null, "atm": null, "ele": null, "brand:wikidata": null, "brand": null, "wikipedia": null, "wikidata": null, "opening_hours": null, "branch": null, "ref": null, "check_date": null, "addr:street": null, "addr:city": null, "operator": null, "name": "Hiripitiya sub post office", "addr:postcode": null, "Date": "2015-01-01" }, "geometry": { "type": "Point", "coordinates": [ 79.9764959, 6.8284841 ] } },
{ "type": "Feature", "properties": { "fid": 43, "full_id": "n2091835070", "osm_id": "2091835070", "osm_type": "node", "amenity": "post_office", "survey:date": null, "wheelchair": null, "District": null, "addr:district": null, "office": null, "government": null, "addr:hamlet": null, "name:es": null, "description:zh": null, "post_office:type": null, "addr:housenumber": null, "phone": null, "name:ta": null, "name:nl": null, "name:si": null, "alt_name": null, "junction": null, "designation": null, "man_made": null, "collection_times": null, "postal_code": null, "name:zh": null, "name:en": null, "atm": null, "ele": null, "brand:wikidata": null, "brand": null, "wikipedia": null, "wikidata": null, "opening_hours": null, "branch": null, "ref": "10600", "check_date": null, "addr:street": null, "addr:city": null, "operator": null, "name": "Post Office - Wellampitiya", "addr:postcode": null, "Date": "2015-01-01" }, "geometry": { "type": "Point", "coordinates": [ 79.896791, 6.9370655 ] } },
{ "type": "Feature", "properties": { "fid": 44, "full_id": "n2094344647", "osm_id": "2094344647", "osm_type": "node", "amenity": "post_office", "survey:date": null, "wheelchair": null, "District": null, "addr:district": null, "office": null, "government": null, "addr:hamlet": null, "name:es": null, "description:zh": null, "post_office:type": null, "addr:housenumber": null, "phone": null, "name:ta": null, "name:nl": null, "name:si": null, "alt_name": null, "junction": null, "designation": null, "man_made": null, "collection_times": null, "postal_code": null, "name:zh": null, "name:en": null, "atm": null, "ele": null, "brand:wikidata": null, "brand": null, "wikipedia": null, "wikidata": null, "opening_hours": null, "branch": null, "ref": null, "check_date": null, "addr:street": null, "addr:city": null, "operator": null, "name": "Borella Post Office", "addr:postcode": null, "Date": "2015-01-01" }, "geometry": { "type": "Point", "coordinates": [ 79.8785152, 6.9143804 ] } },
{ "type": "Feature", "properties": { "fid": 45, "full_id": "n2097460290", "osm_id": "2097460290", "osm_type": "node", "amenity": "post_office", "survey:date": null, "wheelchair": null, "District": null, "addr:district": null, "office": null, "government": null, "addr:hamlet": null, "name:es": null, "description:zh": null, "post_office:type": null, "addr:housenumber": null, "phone": null, "name:ta": null, "name:nl": null, "name:si": null, "alt_name": null, "junction": null, "designation": null, "man_made": null, "collection_times": null, "postal_code": null, "name:zh": null, "name:en": null, "atm": "no", "ele": null, "brand:wikidata": null, "brand": null, "wikipedia": null, "wikidata": null, "opening_hours": null, "branch": null, "ref": null, "check_date": null, "addr:street": null, "addr:city": null, "operator": null, "name": "Munagama Sub post office", "addr:postcode": null, "Date": "2015-01-01" }, "geometry": { "type": "Point", "coordinates": [ 80.0718457, 6.7199627 ] } },
{ "type": "Feature", "properties": { "fid": 46, "full_id": "n2105362425", "osm_id": "2105362425", "osm_type": "node", "amenity": "post_office", "survey:date": null, "wheelchair": null, "District": null, "addr:district": null, "office": null, "government": null, "addr:hamlet": null, "name:es": null, "description:zh": null, "post_office:type": null, "addr:housenumber": null, "phone": null, "name:ta": null, "name:nl": null, "name:si": null, "alt_name": null, "junction": null, "designation": null, "man_made": null, "collection_times": null, "postal_code": null, "name:zh": null, "name:en": null, "atm": null, "ele": null, "brand:wikidata": null, "brand": null, "wikipedia": null, "wikidata": null, "opening_hours": null, "branch": null, "ref": null, "check_date": null, "addr:street": null, "addr:city": "Nugegoda", "operator": "Sri Lanka Post", "name": null, "addr:postcode": null, "Date": "2015-01-01" }, "geometry": { "type": "Point", "coordinates": [ 79.8895222, 6.8711913 ] } },
{ "type": "Feature", "properties": { "fid": 47, "full_id": "n2146224166", "osm_id": "2146224166", "osm_type": "node", "amenity": "post_office", "survey:date": null, "wheelchair": null, "District": null, "addr:district": null, "office": null, "government": null, "addr:hamlet": null, "name:es": null, "description:zh": null, "post_office:type": null, "addr:housenumber": null, "phone": null, "name:ta": null, "name:nl": null, "name:si": null, "alt_name": null, "junction": null, "designation": null, "man_made": null, "collection_times": null, "postal_code": null, "name:zh": null, "name:en": null, "atm": null, "ele": null, "brand:wikidata": null, "brand": null, "wikipedia": null, "wikidata": null, "opening_hours": "Kuruwita", "branch": null, "ref": null, "check_date": null, "addr:street": "Colombo-Ratnapura Road", "addr:city": "Kuruwita", "operator": null, "name": "Kuruwita Post Office", "addr:postcode": null, "Date": "2015-01-01" }, "geometry": { "type": "Point", "coordinates": [ 80.3623492, 6.7799231 ] } },
{ "type": "Feature", "properties": { "fid": 48, "full_id": "n2151690225", "osm_id": "2151690225", "osm_type": "node", "amenity": "post_office", "survey:date": null, "wheelchair": null, "District": null, "addr:district": null, "office": null, "government": null, "addr:hamlet": null, "name:es": null, "description:zh": null, "post_office:type": null, "addr:housenumber": null, "phone": null, "name:ta": null, "name:nl": null, "name:si": null, "alt_name": null, "junction": null, "designation": null, "man_made": null, "collection_times": null, "postal_code": null, "name:zh": null, "name:en": null, "atm": null, "ele": null, "brand:wikidata": null, "brand": null, "wikipedia": null, "wikidata": null, "opening_hours": null, "branch": null, "ref": null, "check_date": null, "addr:street": "Pelmadulla - Embilipitiya - Nonagama Highway", "addr:city": "Pelmadulla", "operator": null, "name": "Post Office", "addr:postcode": null, "Date": "2015-01-01" }, "geometry": { "type": "Point", "coordinates": [ 80.5434478, 6.6231688 ] } },
{ "type": "Feature", "properties": { "fid": 49, "full_id": "n2155827197", "osm_id": "2155827197", "osm_type": "node", "amenity": "post_office", "survey:date": null, "wheelchair": null, "District": null, "addr:district": null, "office": null, "government": null, "addr:hamlet": null, "name:es": null, "description:zh": null, "post_office:type": null, "addr:housenumber": null, "phone": null, "name:ta": null, "name:nl": null, "name:si": null, "alt_name": null, "junction": null, "designation": null, "man_made": null, "collection_times": null, "postal_code": null, "name:zh": null, "name:en": null, "atm": null, "ele": null, "brand:wikidata": null, "brand": null, "wikipedia": null, "wikidata": null, "opening_hours": null, "branch": null, "ref": null, "check_date": null, "addr:street": null, "addr:city": null, "operator": null, "name": "Kotapola", "addr:postcode": null, "Date": "2015-01-01" }, "geometry": { "type": "Point", "coordinates": [ 80.5450397, 6.2932256 ] } },
{ "type": "Feature", "properties": { "fid": 50, "full_id": "n2155827630", "osm_id": "2155827630", "osm_type": "node", "amenity": "post_office", "survey:date": null, "wheelchair": null, "District": null, "addr:district": null, "office": null, "government": null, "addr:hamlet": null, "name:es": null, "description:zh": null, "post_office:type": null, "addr:housenumber": null, "phone": null, "name:ta": null, "name:nl": null, "name:si": null, "alt_name": null, "junction": null, "designation": null, "man_made": null, "collection_times": null, "postal_code": null, "name:zh": null, "name:en": null, "atm": null, "ele": null, "brand:wikidata": null, "brand": null, "wikipedia": null, "wikidata": null, "opening_hours": null, "branch": null, "ref": null, "check_date": null, "addr:street": null, "addr:city": null, "operator": null, "name": "Neluwa Post Office", "addr:postcode": null, "Date": "2015-01-01" }, "geometry": { "type": "Point", "coordinates": [ 80.3609476, 6.3788973 ] } },
{ "type": "Feature", "properties": { "fid": 51, "full_id": "n2164965750", "osm_id": "2164965750", "osm_type": "node", "amenity": "post_office", "survey:date": null, "wheelchair": null, "District": null, "addr:district": null, "office": null, "government": null, "addr:hamlet": null, "name:es": null, "description:zh": null, "post_office:type": null, "addr:housenumber": null, "phone": null, "name:ta": null, "name:nl": null, "name:si": null, "alt_name": null, "junction": null, "designation": null, "man_made": null, "collection_times": null, "postal_code": null, "name:zh": null, "name:en": null, "atm": null, "ele": null, "brand:wikidata": null, "brand": null, "wikipedia": null, "wikidata": null, "opening_hours": null, "branch": null, "ref": null, "check_date": null, "addr:street": null, "addr:city": "Akuressa", "operator": null, "name": "Akuressa", "addr:postcode": "81400", "Date": "2015-01-01" }, "geometry": { "type": "Point", "coordinates": [ 80.4765301, 6.0998088 ] } },
{ "type": "Feature", "properties": { "fid": 52, "full_id": "n2199126869", "osm_id": "2199126869", "osm_type": "node", "amenity": "post_office", "survey:date": null, "wheelchair": null, "District": null, "addr:district": null, "office": null, "government": null, "addr:hamlet": null, "name:es": null, "description:zh": null, "post_office:type": null, "addr:housenumber": null, "phone": null, "name:ta": null, "name:nl": null, "name:si": null, "alt_name": null, "junction": null, "designation": null, "man_made": null, "collection_times": null, "postal_code": null, "name:zh": null, "name:en": null, "atm": null, "ele": null, "brand:wikidata": null, "brand": null, "wikipedia": null, "wikidata": null, "opening_hours": null, "branch": null, "ref": null, "check_date": null, "addr:street": null, "addr:city": "Kochchikade", "operator": null, "name": "Kochchikade", "addr:postcode": null, "Date": "2015-01-01" }, "geometry": { "type": "Point", "coordinates": [ 79.8592766, 7.2657794 ] } },
{ "type": "Feature", "properties": { "fid": 53, "full_id": "n2279222353", "osm_id": "2279222353", "osm_type": "node", "amenity": "post_office", "survey:date": null, "wheelchair": null, "District": null, "addr:district": null, "office": null, "government": null, "addr:hamlet": null, "name:es": null, "description:zh": null, "post_office:type": null, "addr:housenumber": null, "phone": null, "name:ta": null, "name:nl": null, "name:si": null, "alt_name": null, "junction": null, "designation": null, "man_made": null, "collection_times": null, "postal_code": null, "name:zh": null, "name:en": null, "atm": null, "ele": null, "brand:wikidata": null, "brand": null, "wikipedia": null, "wikidata": null, "opening_hours": null, "branch": null, "ref": null, "check_date": null, "addr:street": null, "addr:city": null, "operator": null, "name": "Kaduruwela", "addr:postcode": null, "Date": "2015-01-01" }, "geometry": { "type": "Point", "coordinates": [ 81.0328852, 7.930148 ] } },
{ "type": "Feature", "properties": { "fid": 54, "full_id": "n2286402637", "osm_id": "2286402637", "osm_type": "node", "amenity": "post_office", "survey:date": null, "wheelchair": null, "District": null, "addr:district": null, "office": null, "government": null, "addr:hamlet": null, "name:es": null, "description:zh": null, "post_office:type": null, "addr:housenumber": null, "phone": null, "name:ta": null, "name:nl": null, "name:si": null, "alt_name": null, "junction": null, "designation": null, "man_made": null, "collection_times": null, "postal_code": null, "name:zh": null, "name:en": "40 Medrigriya Town Internal Road", "atm": null, "ele": null, "brand:wikidata": null, "brand": null, "wikipedia": null, "wikidata": null, "opening_hours": null, "branch": null, "ref": null, "check_date": null, "addr:street": null, "addr:city": null, "operator": null, "name": "Medirigiriya", "addr:postcode": null, "Date": "2015-01-01" }, "geometry": { "type": "Point", "coordinates": [ 80.9634562, 8.140687 ] } },
{ "type": "Feature", "properties": { "fid": 55, "full_id": "n2303597280", "osm_id": "2303597280", "osm_type": "node", "amenity": "post_office", "survey:date": null, "wheelchair": null, "District": null, "addr:district": null, "office": null, "government": null, "addr:hamlet": null, "name:es": null, "description:zh": null, "post_office:type": null, "addr:housenumber": null, "phone": null, "name:ta": null, "name:nl": null, "name:si": null, "alt_name": null, "junction": null, "designation": null, "man_made": null, "collection_times": null, "postal_code": null, "name:zh": null, "name:en": null, "atm": null, "ele": null, "brand:wikidata": null, "brand": null, "wikipedia": null, "wikidata": null, "opening_hours": null, "branch": null, "ref": null, "check_date": null, "addr:street": null, "addr:city": null, "operator": null, "name": "Welikanda", "addr:postcode": null, "Date": "2015-01-01" }, "geometry": { "type": "Point", "coordinates": [ 81.2462845, 7.9468495 ] } },
{ "type": "Feature", "properties": { "fid": 56, "full_id": "n2312756053", "osm_id": "2312756053", "osm_type": "node", "amenity": "post_office", "survey:date": null, "wheelchair": null, "District": null, "addr:district": null, "office": null, "government": null, "addr:hamlet": null, "name:es": null, "description:zh": null, "post_office:type": null, "addr:housenumber": null, "phone": null, "name:ta": null, "name:nl": null, "name:si": null, "alt_name": null, "junction": null, "designation": null, "man_made": null, "collection_times": null, "postal_code": null, "name:zh": null, "name:en": null, "atm": null, "ele": null, "brand:wikidata": null, "brand": null, "wikipedia": null, "wikidata": null, "opening_hours": null, "branch": null, "ref": null, "check_date": null, "addr:street": null, "addr:city": null, "operator": null, "name": "Hunnasgiriya", "addr:postcode": null, "Date": "2015-01-01" }, "geometry": { "type": "Point", "coordinates": [ 80.8530297, 7.2955406 ] } },
{ "type": "Feature", "properties": { "fid": 57, "full_id": "n2315533332", "osm_id": "2315533332", "osm_type": "node", "amenity": "post_office", "survey:date": null, "wheelchair": null, "District": null, "addr:district": null, "office": null, "government": null, "addr:hamlet": null, "name:es": null, "description:zh": null, "post_office:type": null, "addr:housenumber": null, "phone": null, "name:ta": null, "name:nl": null, "name:si": null, "alt_name": null, "junction": null, "designation": null, "man_made": null, "collection_times": null, "postal_code": null, "name:zh": null, "name:en": null, "atm": null, "ele": null, "brand:wikidata": null, "brand": null, "wikipedia": null, "wikidata": null, "opening_hours": null, "branch": null, "ref": null, "check_date": null, "addr:street": null, "addr:city": null, "operator": null, "name": "Medamahanuwara", "addr:postcode": null, "Date": "2015-01-01" }, "geometry": { "type": "Point", "coordinates": [ 80.8155834, 7.2888627 ] } },
{ "type": "Feature", "properties": { "fid": 58, "full_id": "n2323963206", "osm_id": "2323963206", "osm_type": "node", "amenity": "post_office", "survey:date": null, "wheelchair": null, "District": null, "addr:district": null, "office": null, "government": null, "addr:hamlet": null, "name:es": null, "description:zh": null, "post_office:type": null, "addr:housenumber": null, "phone": null, "name:ta": null, "name:nl": null, "name:si": null, "alt_name": null, "junction": null, "designation": null, "man_made": null, "collection_times": null, "postal_code": null, "name:zh": null, "name:en": null, "atm": null, "ele": null, "brand:wikidata": null, "brand": null, "wikipedia": null, "wikidata": null, "opening_hours": null, "branch": null, "ref": "60280", "check_date": null, "addr:street": null, "addr:city": null, "operator": null, "name": "Alawwa Post Office", "addr:postcode": null, "Date": "2015-01-01" }, "geometry": { "type": "Point", "coordinates": [ 80.2333207, 7.2963959 ] } },
{ "type": "Feature", "properties": { "fid": 59, "full_id": "n2323963207", "osm_id": "2323963207", "osm_type": "node", "amenity": "post_office", "survey:date": null, "wheelchair": null, "District": null, "addr:district": null, "office": null, "government": null, "addr:hamlet": null, "name:es": null, "description:zh": null, "post_office:type": null, "addr:housenumber": null, "phone": null, "name:ta": null, "name:nl": null, "name:si": null, "alt_name": null, "junction": null, "designation": null, "man_made": null, "collection_times": null, "postal_code": null, "name:zh": null, "name:en": null, "atm": null, "ele": null, "brand:wikidata": null, "brand": null, "wikipedia": null, "wikidata": null, "opening_hours": null, "branch": null, "ref": null, "check_date": null, "addr:street": null, "addr:city": null, "operator": null, "name": "Bujjomuwa Post Office", "addr:postcode": null, "Date": "2015-01-01" }, "geometry": { "type": "Point", "coordinates": [ 80.2109593, 7.2746501 ] } },
{ "type": "Feature", "properties": { "fid": 60, "full_id": "n2328940514", "osm_id": "2328940514", "osm_type": "node", "amenity": "post_office", "survey:date": null, "wheelchair": null, "District": null, "addr:district": null, "office": null, "government": null, "addr:hamlet": null, "name:es": null, "description:zh": null, "post_office:type": null, "addr:housenumber": null, "phone": null, "name:ta": null, "name:nl": null, "name:si": null, "alt_name": null, "junction": null, "designation": null, "man_made": null, "collection_times": null, "postal_code": null, "name:zh": "EMS 速运", "name:en": null, "atm": null, "ele": null, "brand:wikidata": null, "brand": null, "wikipedia": null, "wikidata": null, "opening_hours": null, "branch": null, "ref": null, "check_date": null, "addr:street": null, "addr:city": null, "operator": null, "name": "EMS Speed Post", "addr:postcode": null, "Date": "2015-01-01" }, "geometry": { "type": "Point", "coordinates": [ 79.8512184, 6.9325666 ] } },
{ "type": "Feature", "properties": { "fid": 61, "full_id": "n2335141829", "osm_id": "2335141829", "osm_type": "node", "amenity": "post_office", "survey:date": null, "wheelchair": null, "District": null, "addr:district": null, "office": null, "government": null, "addr:hamlet": null, "name:es": null, "description:zh": null, "post_office:type": null, "addr:housenumber": null, "phone": null, "name:ta": null, "name:nl": null, "name:si": null, "alt_name": null, "junction": null, "designation": null, "man_made": null, "collection_times": null, "postal_code": null, "name:zh": null, "name:en": null, "atm": null, "ele": null, "brand:wikidata": null, "brand": null, "wikipedia": null, "wikidata": null, "opening_hours": null, "branch": null, "ref": null, "check_date": null, "addr:street": null, "addr:city": "Digana", "operator": null, "name": "Rajawella Post Office", "addr:postcode": null, "Date": "2015-01-01" }, "geometry": { "type": "Point", "coordinates": [ 80.7341678, 7.2970312 ] } },
{ "type": "Feature", "properties": { "fid": 62, "full_id": "n2339029353", "osm_id": "2339029353", "osm_type": "node", "amenity": "post_office", "survey:date": null, "wheelchair": null, "District": null, "addr:district": null, "office": null, "government": null, "addr:hamlet": null, "name:es": null, "description:zh": null, "post_office:type": null, "addr:housenumber": null, "phone": null, "name:ta": null, "name:nl": null, "name:si": null, "alt_name": null, "junction": null, "designation": null, "man_made": null, "collection_times": null, "postal_code": null, "name:zh": null, "name:en": null, "atm": null, "ele": null, "brand:wikidata": null, "brand": null, "wikipedia": null, "wikidata": null, "opening_hours": null, "branch": null, "ref": null, "check_date": null, "addr:street": null, "addr:city": null, "operator": "SLPost", "name": "Sub-post office", "addr:postcode": null, "Date": "2015-01-01" }, "geometry": { "type": "Point", "coordinates": [ 80.4579959, 7.1986488 ] } },
{ "type": "Feature", "properties": { "fid": 63, "full_id": "n2343111704", "osm_id": "2343111704", "osm_type": "node", "amenity": "post_office", "survey:date": null, "wheelchair": null, "District": null, "addr:district": null, "office": null, "government": null, "addr:hamlet": null, "name:es": null, "description:zh": null, "post_office:type": null, "addr:housenumber": null, "phone": null, "name:ta": null, "name:nl": null, "name:si": null, "alt_name": null, "junction": null, "designation": null, "man_made": null, "collection_times": null, "postal_code": null, "name:zh": null, "name:en": null, "atm": null, "ele": null, "brand:wikidata": null, "brand": null, "wikipedia": null, "wikidata": null, "opening_hours": null, "branch": null, "ref": "Google", "check_date": null, "addr:street": null, "addr:city": null, "operator": null, "name": "Amunugama Sub Post Office", "addr:postcode": null, "Date": "2015-01-01" }, "geometry": { "type": "Point", "coordinates": [ 80.6675998, 7.3030762 ] } },
{ "type": "Feature", "properties": { "fid": 64, "full_id": "n2343140822", "osm_id": "2343140822", "osm_type": "node", "amenity": "post_office", "survey:date": null, "wheelchair": null, "District": null, "addr:district": null, "office": null, "government": null, "addr:hamlet": null, "name:es": null, "description:zh": null, "post_office:type": null, "addr:housenumber": null, "phone": null, "name:ta": null, "name:nl": null, "name:si": null, "alt_name": null, "junction": null, "designation": null, "man_made": null, "collection_times": null, "postal_code": null, "name:zh": null, "name:en": null, "atm": null, "ele": null, "brand:wikidata": null, "brand": null, "wikipedia": null, "wikidata": null, "opening_hours": null, "branch": null, "ref": null, "check_date": null, "addr:street": null, "addr:city": null, "operator": null, "name": "Menikhinna Post Office", "addr:postcode": null, "Date": "2015-01-01" }, "geometry": { "type": "Point", "coordinates": [ 80.7002762, 7.3170694 ] } },
{ "type": "Feature", "properties": { "fid": 65, "full_id": "n2343202890", "osm_id": "2343202890", "osm_type": "node", "amenity": "post_office", "survey:date": null, "wheelchair": null, "District": null, "addr:district": null, "office": null, "government": null, "addr:hamlet": null, "name:es": null, "description:zh": null, "post_office:type": null, "addr:housenumber": null, "phone": null, "name:ta": null, "name:nl": null, "name:si": null, "alt_name": null, "junction": null, "designation": null, "man_made": null, "collection_times": null, "postal_code": null, "name:zh": null, "name:en": null, "atm": null, "ele": null, "brand:wikidata": null, "brand": null, "wikipedia": null, "wikidata": null, "opening_hours": null, "branch": null, "ref": null, "check_date": null, "addr:street": null, "addr:city": null, "operator": null, "name": "Gunnepana Post Office", "addr:postcode": null, "Date": "2015-01-01" }, "geometry": { "type": "Point", "coordinates": [ 80.6692377, 7.3154679 ] } },
{ "type": "Feature", "properties": { "fid": 66, "full_id": "n2347272762", "osm_id": "2347272762", "osm_type": "node", "amenity": "post_office", "survey:date": null, "wheelchair": null, "District": null, "addr:district": null, "office": null, "government": null, "addr:hamlet": null, "name:es": null, "description:zh": null, "post_office:type": null, "addr:housenumber": null, "phone": null, "name:ta": null, "name:nl": null, "name:si": null, "alt_name": null, "junction": null, "designation": null, "man_made": null, "collection_times": null, "postal_code": null, "name:zh": null, "name:en": null, "atm": null, "ele": null, "brand:wikidata": null, "brand": null, "wikipedia": null, "wikidata": null, "opening_hours": null, "branch": null, "ref": null, "check_date": null, "addr:street": null, "addr:city": "Kapugoda", "operator": null, "name": "Kapugoda", "addr:postcode": null, "Date": "2015-01-01" }, "geometry": { "type": "Point", "coordinates": [ 80.0954809, 6.9497295 ] } },
{ "type": "Feature", "properties": { "fid": 67, "full_id": "n2375714085", "osm_id": "2375714085", "osm_type": "node", "amenity": "post_office", "survey:date": null, "wheelchair": null, "District": null, "addr:district": null, "office": null, "government": null, "addr:hamlet": null, "name:es": null, "description:zh": null, "post_office:type": null, "addr:housenumber": null, "phone": null, "name:ta": null, "name:nl": null, "name:si": null, "alt_name": null, "junction": null, "designation": null, "man_made": null, "collection_times": null, "postal_code": "61360", "name:zh": null, "name:en": null, "atm": null, "ele": null, "brand:wikidata": null, "brand": null, "wikipedia": null, "wikidata": null, "opening_hours": null, "branch": null, "ref": null, "check_date": null, "addr:street": null, "addr:city": null, "operator": null, "name": "Kalpitiya Post Office", "addr:postcode": null, "Date": "2015-01-01" }, "geometry": { "type": "Point", "coordinates": [ 79.7659338, 8.2366426 ] } },
{ "type": "Feature", "properties": { "fid": 68, "full_id": "n2380386316", "osm_id": "2380386316", "osm_type": "node", "amenity": "post_office", "survey:date": null, "wheelchair": null, "District": null, "addr:district": null, "office": null, "government": null, "addr:hamlet": null, "name:es": null, "description:zh": null, "post_office:type": null, "addr:housenumber": null, "phone": null, "name:ta": null, "name:nl": null, "name:si": null, "alt_name": null, "junction": null, "designation": null, "man_made": null, "collection_times": null, "postal_code": null, "name:zh": null, "name:en": "Chundikuli Post Office", "atm": null, "ele": null, "brand:wikidata": null, "brand": null, "wikipedia": null, "wikidata": null, "opening_hours": null, "branch": null, "ref": null, "check_date": null, "addr:street": null, "addr:city": null, "operator": null, "name": null, "addr:postcode": null, "Date": "2015-01-01" }, "geometry": { "type": "Point", "coordinates": [ 80.029136, 9.6609872 ] } },
{ "type": "Feature", "properties": { "fid": 69, "full_id": "n2380847329", "osm_id": "2380847329", "osm_type": "node", "amenity": "post_office", "survey:date": null, "wheelchair": null, "District": null, "addr:district": null, "office": null, "government": null, "addr:hamlet": null, "name:es": null, "description:zh": null, "post_office:type": null, "addr:housenumber": null, "phone": null, "name:ta": null, "name:nl": null, "name:si": null, "alt_name": null, "junction": null, "designation": null, "man_made": null, "collection_times": null, "postal_code": null, "name:zh": null, "name:en": null, "atm": null, "ele": null, "brand:wikidata": null, "brand": null, "wikipedia": null, "wikidata": null, "opening_hours": null, "branch": null, "ref": null, "check_date": null, "addr:street": "Kundasale New Town", "addr:city": "Kundasale", "operator": null, "name": "Kundasale Post Office", "addr:postcode": "20168", "Date": "2015-01-01" }, "geometry": { "type": "Point", "coordinates": [ 80.6845368, 7.2813259 ] } },
{ "type": "Feature", "properties": { "fid": 70, "full_id": "n2426343702", "osm_id": "2426343702", "osm_type": "node", "amenity": "post_office", "survey:date": null, "wheelchair": null, "District": null, "addr:district": null, "office": null, "government": null, "addr:hamlet": null, "name:es": null, "description:zh": null, "post_office:type": null, "addr:housenumber": null, "phone": null, "name:ta": null, "name:nl": null, "name:si": null, "alt_name": null, "junction": null, "designation": null, "man_made": null, "collection_times": null, "postal_code": null, "name:zh": null, "name:en": null, "atm": null, "ele": null, "brand:wikidata": null, "brand": null, "wikipedia": null, "wikidata": null, "opening_hours": null, "branch": null, "ref": null, "check_date": null, "addr:street": null, "addr:city": null, "operator": null, "name": "Ingiriya", "addr:postcode": null, "Date": "2015-01-01" }, "geometry": { "type": "Point", "coordinates": [ 80.1737274, 6.7437323 ] } },
{ "type": "Feature", "properties": { "fid": 71, "full_id": "n2504602511", "osm_id": "2504602511", "osm_type": "node", "amenity": "post_office", "survey:date": null, "wheelchair": null, "District": null, "addr:district": null, "office": null, "government": null, "addr:hamlet": null, "name:es": null, "description:zh": null, "post_office:type": null, "addr:housenumber": null, "phone": null, "name:ta": null, "name:nl": null, "name:si": null, "alt_name": null, "junction": null, "designation": null, "man_made": null, "collection_times": null, "postal_code": null, "name:zh": null, "name:en": null, "atm": null, "ele": null, "brand:wikidata": null, "brand": null, "wikipedia": null, "wikidata": null, "opening_hours": null, "branch": null, "ref": null, "check_date": null, "addr:street": null, "addr:city": null, "operator": "SLPOST", "name": "Sub Post Office - Veravil", "addr:postcode": null, "Date": "2015-01-01" }, "geometry": { "type": "Point", "coordinates": [ 80.0792804, 9.3493955 ] } },
{ "type": "Feature", "properties": { "fid": 72, "full_id": "n2521211192", "osm_id": "2521211192", "osm_type": "node", "amenity": "post_office", "survey:date": null, "wheelchair": null, "District": null, "addr:district": null, "office": null, "government": null, "addr:hamlet": null, "name:es": null, "description:zh": null, "post_office:type": null, "addr:housenumber": null, "phone": null, "name:ta": null, "name:nl": null, "name:si": null, "alt_name": null, "junction": null, "designation": null, "man_made": null, "collection_times": null, "postal_code": null, "name:zh": null, "name:en": null, "atm": null, "ele": null, "brand:wikidata": null, "brand": null, "wikipedia": null, "wikidata": null, "opening_hours": null, "branch": null, "ref": null, "check_date": null, "addr:street": null, "addr:city": null, "operator": null, "name": null, "addr:postcode": null, "Date": "2015-01-01" }, "geometry": { "type": "Point", "coordinates": [ 80.9570263, 6.8072805 ] } },
{ "type": "Feature", "properties": { "fid": 73, "full_id": "n2523355919", "osm_id": "2523355919", "osm_type": "node", "amenity": "post_office", "survey:date": null, "wheelchair": null, "District": null, "addr:district": null, "office": null, "government": null, "addr:hamlet": null, "name:es": null, "description:zh": null, "post_office:type": null, "addr:housenumber": null, "phone": null, "name:ta": null, "name:nl": null, "name:si": null, "alt_name": null, "junction": null, "designation": null, "man_made": null, "collection_times": null, "postal_code": null, "name:zh": null, "name:en": null, "atm": null, "ele": null, "brand:wikidata": null, "brand": null, "wikipedia": null, "wikidata": null, "opening_hours": null, "branch": null, "ref": null, "check_date": null, "addr:street": null, "addr:city": null, "operator": null, "name": "Bandarawela Main Post Office", "addr:postcode": null, "Date": "2015-01-01" }, "geometry": { "type": "Point", "coordinates": [ 80.9889155, 6.8310692 ] } },
{ "type": "Feature", "properties": { "fid": 74, "full_id": "n2610271945", "osm_id": "2610271945", "osm_type": "node", "amenity": "post_office", "survey:date": null, "wheelchair": null, "District": null, "addr:district": null, "office": null, "government": null, "addr:hamlet": null, "name:es": null, "description:zh": null, "post_office:type": null, "addr:housenumber": null, "phone": null, "name:ta": null, "name:nl": null, "name:si": null, "alt_name": null, "junction": null, "designation": null, "man_made": null, "collection_times": null, "postal_code": null, "name:zh": null, "name:en": null, "atm": null, "ele": null, "brand:wikidata": null, "brand": null, "wikipedia": null, "wikidata": null, "opening_hours": null, "branch": null, "ref": null, "check_date": null, "addr:street": null, "addr:city": null, "operator": null, "name": "Sub Post Office", "addr:postcode": null, "Date": "2015-01-01" }, "geometry": { "type": "Point", "coordinates": [ 80.248683, 6.3082887 ] } },
{ "type": "Feature", "properties": { "fid": 75, "full_id": "n2610355422", "osm_id": "2610355422", "osm_type": "node", "amenity": "post_office", "survey:date": null, "wheelchair": null, "District": null, "addr:district": null, "office": null, "government": null, "addr:hamlet": null, "name:es": null, "description:zh": null, "post_office:type": null, "addr:housenumber": null, "phone": null, "name:ta": null, "name:nl": null, "name:si": null, "alt_name": null, "junction": null, "designation": null, "man_made": null, "collection_times": null, "postal_code": null, "name:zh": null, "name:en": null, "atm": null, "ele": null, "brand:wikidata": null, "brand": null, "wikipedia": null, "wikidata": null, "opening_hours": null, "branch": null, "ref": null, "check_date": null, "addr:street": null, "addr:city": null, "operator": null, "name": "Sub Post Office", "addr:postcode": null, "Date": "2015-01-01" }, "geometry": { "type": "Point", "coordinates": [ 80.2536877, 6.2013154 ] } },
{ "type": "Feature", "properties": { "fid": 76, "full_id": "n2678443904", "osm_id": "2678443904", "osm_type": "node", "amenity": "post_office", "survey:date": null, "wheelchair": null, "District": null, "addr:district": null, "office": null, "government": null, "addr:hamlet": null, "name:es": null, "description:zh": null, "post_office:type": null, "addr:housenumber": null, "phone": null, "name:ta": null, "name:nl": null, "name:si": null, "alt_name": null, "junction": null, "designation": null, "man_made": null, "collection_times": null, "postal_code": null, "name:zh": null, "name:en": null, "atm": null, "ele": null, "brand:wikidata": null, "brand": null, "wikipedia": null, "wikidata": null, "opening_hours": null, "branch": null, "ref": null, "check_date": null, "addr:street": null, "addr:city": null, "operator": null, "name": "Kosgoda", "addr:postcode": null, "Date": "2015-01-01" }, "geometry": { "type": "Point", "coordinates": [ 80.0320373, 6.3318896 ] } },
{ "type": "Feature", "properties": { "fid": 77, "full_id": "n2678507342", "osm_id": "2678507342", "osm_type": "node", "amenity": "post_office", "survey:date": null, "wheelchair": null, "District": null, "addr:district": null, "office": null, "government": null, "addr:hamlet": null, "name:es": null, "description:zh": null, "post_office:type": null, "addr:housenumber": null, "phone": null, "name:ta": null, "name:nl": null, "name:si": null, "alt_name": null, "junction": null, "designation": null, "man_made": null, "collection_times": null, "postal_code": null, "name:zh": null, "name:en": null, "atm": null, "ele": null, "brand:wikidata": null, "brand": null, "wikipedia": null, "wikidata": null, "opening_hours": null, "branch": null, "ref": null, "check_date": null, "addr:street": null, "addr:city": null, "operator": null, "name": "Ahungalla Sub Post Office", "addr:postcode": null, "Date": "2015-01-01" }, "geometry": { "type": "Point", "coordinates": [ 80.0367813, 6.3142464 ] } },
{ "type": "Feature", "properties": { "fid": 78, "full_id": "n2755707863", "osm_id": "2755707863", "osm_type": "node", "amenity": "post_office", "survey:date": null, "wheelchair": null, "District": null, "addr:district": null, "office": null, "government": null, "addr:hamlet": null, "name:es": null, "description:zh": null, "post_office:type": null, "addr:housenumber": null, "phone": null, "name:ta": null, "name:nl": null, "name:si": null, "alt_name": null, "junction": null, "designation": null, "man_made": null, "collection_times": "07:00, 10:30, 14:00", "postal_code": null, "name:zh": null, "name:en": null, "atm": null, "ele": null, "brand:wikidata": null, "brand": null, "wikipedia": null, "wikidata": null, "opening_hours": null, "branch": null, "ref": null, "check_date": null, "addr:street": null, "addr:city": null, "operator": null, "name": "Wathugedara Post Office", "addr:postcode": null, "Date": "2015-01-01" }, "geometry": { "type": "Point", "coordinates": [ 80.0586967, 6.2622635 ] } },
{ "type": "Feature", "properties": { "fid": 79, "full_id": "n2755818385", "osm_id": "2755818385", "osm_type": "node", "amenity": "post_office", "survey:date": null, "wheelchair": null, "District": null, "addr:district": null, "office": null, "government": null, "addr:hamlet": null, "name:es": null, "description:zh": null, "post_office:type": null, "addr:housenumber": null, "phone": null, "name:ta": null, "name:nl": null, "name:si": null, "alt_name": null, "junction": null, "designation": null, "man_made": null, "collection_times": null, "postal_code": null, "name:zh": null, "name:en": null, "atm": null, "ele": null, "brand:wikidata": null, "brand": null, "wikipedia": null, "wikidata": null, "opening_hours": null, "branch": null, "ref": null, "check_date": null, "addr:street": null, "addr:city": null, "operator": null, "name": "Kaduwela Post Office", "addr:postcode": null, "Date": "2015-01-01" }, "geometry": { "type": "Point", "coordinates": [ 79.9835762, 6.9335663 ] } },
{ "type": "Feature", "properties": { "fid": 80, "full_id": "n2821336752", "osm_id": "2821336752", "osm_type": "node", "amenity": "post_office", "survey:date": null, "wheelchair": null, "District": null, "addr:district": null, "office": null, "government": null, "addr:hamlet": null, "name:es": null, "description:zh": null, "post_office:type": null, "addr:housenumber": null, "phone": null, "name:ta": null, "name:nl": null, "name:si": null, "alt_name": null, "junction": null, "designation": null, "man_made": null, "collection_times": null, "postal_code": null, "name:zh": null, "name:en": null, "atm": null, "ele": null, "brand:wikidata": null, "brand": null, "wikipedia": null, "wikidata": null, "opening_hours": null, "branch": null, "ref": null, "check_date": null, "addr:street": null, "addr:city": null, "operator": null, "name": "Newtown Branch", "addr:postcode": null, "Date": "2015-01-01" }, "geometry": { "type": "Point", "coordinates": [ 81.0009292, 7.9140227 ] } },
{ "type": "Feature", "properties": { "fid": 81, "full_id": "n2822277572", "osm_id": "2822277572", "osm_type": "node", "amenity": "post_office", "survey:date": null, "wheelchair": null, "District": null, "addr:district": null, "office": null, "government": null, "addr:hamlet": null, "name:es": null, "description:zh": null, "post_office:type": null, "addr:housenumber": null, "phone": null, "name:ta": null, "name:nl": null, "name:si": null, "alt_name": null, "junction": null, "designation": null, "man_made": null, "collection_times": null, "postal_code": null, "name:zh": null, "name:en": null, "atm": null, "ele": null, "brand:wikidata": null, "brand": null, "wikipedia": null, "wikidata": null, "opening_hours": null, "branch": null, "ref": null, "check_date": null, "addr:street": null, "addr:city": null, "operator": null, "name": "Polonnaruwa Sub Post Office", "addr:postcode": null, "Date": "2015-01-01" }, "geometry": { "type": "Point", "coordinates": [ 81.0020171, 7.9405123 ] } },
{ "type": "Feature", "properties": { "fid": 82, "full_id": "n2834980601", "osm_id": "2834980601", "osm_type": "node", "amenity": "post_office", "survey:date": null, "wheelchair": null, "District": null, "addr:district": null, "office": null, "government": null, "addr:hamlet": null, "name:es": null, "description:zh": null, "post_office:type": null, "addr:housenumber": null, "phone": null, "name:ta": null, "name:nl": null, "name:si": null, "alt_name": null, "junction": null, "designation": null, "man_made": "works", "collection_times": null, "postal_code": null, "name:zh": null, "name:en": null, "atm": null, "ele": null, "brand:wikidata": null, "brand": null, "wikipedia": null, "wikidata": null, "opening_hours": null, "branch": null, "ref": null, "check_date": null, "addr:street": null, "addr:city": null, "operator": null, "name": null, "addr:postcode": null, "Date": "2015-01-01" }, "geometry": { "type": "Point", "coordinates": [ 80.7072614, 8.0650285 ] } },
{ "type": "Feature", "properties": { "fid": 83, "full_id": "n2835863869", "osm_id": "2835863869", "osm_type": "node", "amenity": "post_office", "survey:date": null, "wheelchair": null, "District": null, "addr:district": null, "office": null, "government": null, "addr:hamlet": null, "name:es": null, "description:zh": null, "post_office:type": null, "addr:housenumber": null, "phone": null, "name:ta": null, "name:nl": null, "name:si": null, "alt_name": null, "junction": null, "designation": null, "man_made": null, "collection_times": null, "postal_code": null, "name:zh": null, "name:en": null, "atm": null, "ele": null, "brand:wikidata": null, "brand": null, "wikipedia": null, "wikidata": null, "opening_hours": null, "branch": null, "ref": null, "check_date": null, "addr:street": null, "addr:city": null, "operator": null, "name": null, "addr:postcode": null, "Date": "2015-01-01" }, "geometry": { "type": "Point", "coordinates": [ 80.3760958, 8.2968162 ] } },
{ "type": "Feature", "properties": { "fid": 84, "full_id": "n2902370580", "osm_id": "2902370580", "osm_type": "node", "amenity": "post_office", "survey:date": null, "wheelchair": null, "District": null, "addr:district": null, "office": null, "government": null, "addr:hamlet": null, "name:es": null, "description:zh": null, "post_office:type": null, "addr:housenumber": null, "phone": null, "name:ta": null, "name:nl": null, "name:si": null, "alt_name": null, "junction": null, "designation": null, "man_made": null, "collection_times": null, "postal_code": null, "name:zh": null, "name:en": null, "atm": null, "ele": null, "brand:wikidata": null, "brand": null, "wikipedia": null, "wikidata": null, "opening_hours": null, "branch": null, "ref": "60***", "check_date": null, "addr:street": null, "addr:city": null, "operator": "SL post", "name": "Post office", "addr:postcode": null, "Date": "2015-01-01" }, "geometry": { "type": "Point", "coordinates": [ 80.1482691, 7.366772 ] } },
{ "type": "Feature", "properties": { "fid": 85, "full_id": "n2907433897", "osm_id": "2907433897", "osm_type": "node", "amenity": "post_office", "survey:date": null, "wheelchair": null, "District": null, "addr:district": null, "office": null, "government": null, "addr:hamlet": null, "name:es": null, "description:zh": null, "post_office:type": null, "addr:housenumber": null, "phone": null, "name:ta": null, "name:nl": null, "name:si": null, "alt_name": null, "junction": null, "designation": "Government", "man_made": null, "collection_times": null, "postal_code": null, "name:zh": null, "name:en": null, "atm": null, "ele": null, "brand:wikidata": null, "brand": null, "wikipedia": null, "wikidata": null, "opening_hours": null, "branch": null, "ref": "Post Office", "check_date": null, "addr:street": null, "addr:city": "Baddegama", "operator": null, "name": "Post Office", "addr:postcode": null, "Date": "2015-01-01" }, "geometry": { "type": "Point", "coordinates": [ 80.1801478, 6.1655127 ] } },
{ "type": "Feature", "properties": { "fid": 86, "full_id": "n2908649921", "osm_id": "2908649921", "osm_type": "node", "amenity": "post_office", "survey:date": null, "wheelchair": null, "District": null, "addr:district": null, "office": null, "government": null, "addr:hamlet": null, "name:es": null, "description:zh": null, "post_office:type": null, "addr:housenumber": null, "phone": null, "name:ta": null, "name:nl": null, "name:si": null, "alt_name": null, "junction": null, "designation": null, "man_made": null, "collection_times": null, "postal_code": null, "name:zh": null, "name:en": null, "atm": null, "ele": null, "brand:wikidata": null, "brand": null, "wikipedia": null, "wikidata": null, "opening_hours": null, "branch": null, "ref": null, "check_date": null, "addr:street": null, "addr:city": null, "operator": null, "name": null, "addr:postcode": null, "Date": "2015-01-01" }, "geometry": { "type": "Point", "coordinates": [ 81.0479761, 6.986901 ] } },
{ "type": "Feature", "properties": { "fid": 87, "full_id": "n2911468050", "osm_id": "2911468050", "osm_type": "node", "amenity": "post_office", "survey:date": null, "wheelchair": null, "District": null, "addr:district": null, "office": null, "government": null, "addr:hamlet": null, "name:es": null, "description:zh": null, "post_office:type": null, "addr:housenumber": null, "phone": null, "name:ta": null, "name:nl": null, "name:si": null, "alt_name": null, "junction": null, "designation": null, "man_made": null, "collection_times": null, "postal_code": null, "name:zh": null, "name:en": null, "atm": null, "ele": null, "brand:wikidata": null, "brand": null, "wikipedia": null, "wikidata": null, "opening_hours": null, "branch": null, "ref": null, "check_date": null, "addr:street": null, "addr:city": null, "operator": "government", "name": "Yalpathwela", "addr:postcode": null, "Date": "2015-01-01" }, "geometry": { "type": "Point", "coordinates": [ 80.9239915, 6.8894455 ] } },
{ "type": "Feature", "properties": { "fid": 88, "full_id": "n2920667728", "osm_id": "2920667728", "osm_type": "node", "amenity": "post_office", "survey:date": null, "wheelchair": null, "District": null, "addr:district": null, "office": null, "government": null, "addr:hamlet": null, "name:es": null, "description:zh": null, "post_office:type": null, "addr:housenumber": null, "phone": null, "name:ta": null, "name:nl": null, "name:si": null, "alt_name": null, "junction": null, "designation": null, "man_made": null, "collection_times": null, "postal_code": null, "name:zh": null, "name:en": null, "atm": null, "ele": null, "brand:wikidata": null, "brand": null, "wikipedia": null, "wikidata": null, "opening_hours": null, "branch": null, "ref": "post Office", "check_date": null, "addr:street": "Rathnapura - Embilipitiya Road", "addr:city": "Godakawela", "operator": null, "name": "Post Office", "addr:postcode": null, "Date": "2015-01-01" }, "geometry": { "type": "Point", "coordinates": [ 80.647295, 6.503974 ] } },
{ "type": "Feature", "properties": { "fid": 89, "full_id": "n3077742647", "osm_id": "3077742647", "osm_type": "node", "amenity": "post_office", "survey:date": null, "wheelchair": null, "District": null, "addr:district": null, "office": null, "government": null, "addr:hamlet": null, "name:es": null, "description:zh": null, "post_office:type": null, "addr:housenumber": null, "phone": null, "name:ta": null, "name:nl": null, "name:si": null, "alt_name": null, "junction": null, "designation": null, "man_made": null, "collection_times": null, "postal_code": null, "name:zh": null, "name:en": null, "atm": null, "ele": null, "brand:wikidata": null, "brand": null, "wikipedia": null, "wikidata": null, "opening_hours": null, "branch": null, "ref": null, "check_date": null, "addr:street": null, "addr:city": null, "operator": null, "name": "Sub-Post Office", "addr:postcode": null, "Date": "2015-01-01" }, "geometry": { "type": "Point", "coordinates": [ 79.8762096, 6.8535258 ] } },
{ "type": "Feature", "properties": { "fid": 90, "full_id": "n3137971201", "osm_id": "3137971201", "osm_type": "node", "amenity": "post_office", "survey:date": null, "wheelchair": null, "District": null, "addr:district": null, "office": null, "government": null, "addr:hamlet": null, "name:es": null, "description:zh": null, "post_office:type": null, "addr:housenumber": null, "phone": null, "name:ta": null, "name:nl": null, "name:si": null, "alt_name": null, "junction": null, "designation": null, "man_made": null, "collection_times": null, "postal_code": null, "name:zh": null, "name:en": null, "atm": null, "ele": null, "brand:wikidata": null, "brand": null, "wikipedia": null, "wikidata": null, "opening_hours": null, "branch": null, "ref": "sub post office", "check_date": null, "addr:street": null, "addr:city": null, "operator": "kurunegala", "name": "wewagedara ", "addr:postcode": null, "Date": "2015-01-01" }, "geometry": { "type": "Point", "coordinates": [ 80.363833, 7.5100145 ] } },
{ "type": "Feature", "properties": { "fid": 91, "full_id": "n3207187960", "osm_id": "3207187960", "osm_type": "node", "amenity": "post_office", "survey:date": null, "wheelchair": null, "District": null, "addr:district": null, "office": null, "government": null, "addr:hamlet": null, "name:es": null, "description:zh": null, "post_office:type": null, "addr:housenumber": null, "phone": null, "name:ta": null, "name:nl": null, "name:si": null, "alt_name": null, "junction": null, "designation": null, "man_made": null, "collection_times": null, "postal_code": null, "name:zh": null, "name:en": null, "atm": null, "ele": null, "brand:wikidata": null, "brand": null, "wikipedia": null, "wikidata": null, "opening_hours": null, "branch": null, "ref": null, "check_date": null, "addr:street": null, "addr:city": null, "operator": null, "name": "Mawathagama", "addr:postcode": null, "Date": "2015-01-01" }, "geometry": { "type": "Point", "coordinates": [ 80.4498519, 7.4304626 ] } },
{ "type": "Feature", "properties": { "fid": 92, "full_id": "n3216905256", "osm_id": "3216905256", "osm_type": "node", "amenity": "post_office", "survey:date": null, "wheelchair": null, "District": null, "addr:district": null, "office": null, "government": null, "addr:hamlet": null, "name:es": null, "description:zh": null, "post_office:type": null, "addr:housenumber": null, "phone": null, "name:ta": null, "name:nl": null, "name:si": null, "alt_name": null, "junction": null, "designation": null, "man_made": null, "collection_times": null, "postal_code": null, "name:zh": null, "name:en": null, "atm": null, "ele": null, "brand:wikidata": null, "brand": null, "wikipedia": null, "wikidata": null, "opening_hours": null, "branch": null, "ref": null, "check_date": null, "addr:street": null, "addr:city": "Kithulgala", "operator": null, "name": "Kithulgala", "addr:postcode": null, "Date": "2015-01-01" }, "geometry": { "type": "Point", "coordinates": [ 80.4099021, 6.9981372 ] } },
{ "type": "Feature", "properties": { "fid": 93, "full_id": "n3220247861", "osm_id": "3220247861", "osm_type": "node", "amenity": "post_office", "survey:date": null, "wheelchair": null, "District": null, "addr:district": null, "office": null, "government": null, "addr:hamlet": null, "name:es": null, "description:zh": null, "post_office:type": null, "addr:housenumber": null, "phone": null, "name:ta": null, "name:nl": null, "name:si": null, "alt_name": null, "junction": null, "designation": null, "man_made": null, "collection_times": null, "postal_code": null, "name:zh": null, "name:en": null, "atm": null, "ele": null, "brand:wikidata": null, "brand": null, "wikipedia": null, "wikidata": null, "opening_hours": null, "branch": null, "ref": null, "check_date": null, "addr:street": null, "addr:city": null, "operator": null, "name": null, "addr:postcode": null, "Date": "2015-01-01" }, "geometry": { "type": "Point", "coordinates": [ 79.8849612, 9.7421205 ] } },
{ "type": "Feature", "properties": { "fid": 94, "full_id": "n3224617306", "osm_id": "3224617306", "osm_type": "node", "amenity": "post_office", "survey:date": null, "wheelchair": null, "District": null, "addr:district": null, "office": null, "government": null, "addr:hamlet": null, "name:es": null, "description:zh": null, "post_office:type": null, "addr:housenumber": null, "phone": null, "name:ta": null, "name:nl": null, "name:si": null, "alt_name": null, "junction": null, "designation": null, "man_made": null, "collection_times": null, "postal_code": null, "name:zh": null, "name:en": null, "atm": null, "ele": null, "brand:wikidata": null, "brand": null, "wikipedia": null, "wikidata": null, "opening_hours": null, "branch": null, "ref": null, "check_date": null, "addr:street": "Karandupana-Rambukkana Road", "addr:city": "Hiriwadunna", "operator": null, "name": "Hiriwadunna Post Office", "addr:postcode": null, "Date": "2015-01-01" }, "geometry": { "type": "Point", "coordinates": [ 80.3845225, 7.2861216 ] } },
{ "type": "Feature", "properties": { "fid": 95, "full_id": "n3235924899", "osm_id": "3235924899", "osm_type": "node", "amenity": "post_office", "survey:date": null, "wheelchair": null, "District": null, "addr:district": null, "office": null, "government": null, "addr:hamlet": null, "name:es": null, "description:zh": null, "post_office:type": null, "addr:housenumber": null, "phone": null, "name:ta": null, "name:nl": null, "name:si": null, "alt_name": null, "junction": null, "designation": null, "man_made": null, "collection_times": null, "postal_code": null, "name:zh": null, "name:en": null, "atm": null, "ele": null, "brand:wikidata": null, "brand": null, "wikipedia": null, "wikidata": null, "opening_hours": null, "branch": null, "ref": null, "check_date": "2024-08-22", "addr:street": null, "addr:city": "Kadugannawa", "operator": null, "name": "Kadugannawa", "addr:postcode": null, "Date": "2015-01-01" }, "geometry": { "type": "Point", "coordinates": [ 80.520763, 7.2573166 ] } },
{ "type": "Feature", "properties": { "fid": 96, "full_id": "n3237459436", "osm_id": "3237459436", "osm_type": "node", "amenity": "post_office", "survey:date": null, "wheelchair": null, "District": null, "addr:district": null, "office": null, "government": null, "addr:hamlet": null, "name:es": null, "description:zh": null, "post_office:type": null, "addr:housenumber": null, "phone": null, "name:ta": null, "name:nl": null, "name:si": null, "alt_name": null, "junction": null, "designation": null, "man_made": null, "collection_times": null, "postal_code": null, "name:zh": null, "name:en": null, "atm": null, "ele": null, "brand:wikidata": null, "brand": null, "wikipedia": null, "wikidata": null, "opening_hours": null, "branch": null, "ref": null, "check_date": null, "addr:street": null, "addr:city": "Bambaradeniya", "operator": null, "name": "Sub Post Office", "addr:postcode": null, "Date": "2015-01-01" }, "geometry": { "type": "Point", "coordinates": [ 80.5634538, 7.2096898 ] } },
{ "type": "Feature", "properties": { "fid": 97, "full_id": "n3247327793", "osm_id": "3247327793", "osm_type": "node", "amenity": "post_office", "survey:date": null, "wheelchair": null, "District": null, "addr:district": null, "office": null, "government": null, "addr:hamlet": null, "name:es": null, "description:zh": null, "post_office:type": null, "addr:housenumber": null, "phone": null, "name:ta": null, "name:nl": null, "name:si": null, "alt_name": null, "junction": null, "designation": null, "man_made": null, "collection_times": null, "postal_code": null, "name:zh": null, "name:en": null, "atm": null, "ele": null, "brand:wikidata": null, "brand": null, "wikipedia": null, "wikidata": null, "opening_hours": null, "branch": null, "ref": null, "check_date": null, "addr:street": null, "addr:city": "Madiwela", "operator": null, "name": "Madiwela", "addr:postcode": null, "Date": "2015-01-01" }, "geometry": { "type": "Point", "coordinates": [ 79.9215875, 6.8786199 ] } },
{ "type": "Feature", "properties": { "fid": 98, "full_id": "n3269993226", "osm_id": "3269993226", "osm_type": "node", "amenity": "post_office", "survey:date": null, "wheelchair": null, "District": null, "addr:district": null, "office": null, "government": null, "addr:hamlet": null, "name:es": null, "description:zh": null, "post_office:type": null, "addr:housenumber": null, "phone": null, "name:ta": null, "name:nl": null, "name:si": null, "alt_name": null, "junction": null, "designation": null, "man_made": null, "collection_times": null, "postal_code": null, "name:zh": null, "name:en": null, "atm": null, "ele": null, "brand:wikidata": null, "brand": null, "wikipedia": null, "wikidata": null, "opening_hours": null, "branch": null, "ref": null, "check_date": null, "addr:street": null, "addr:city": null, "operator": null, "name": "Sub Post Office", "addr:postcode": null, "Date": "2015-01-01" }, "geometry": { "type": "Point", "coordinates": [ 80.6093228, 7.2880947 ] } },
{ "type": "Feature", "properties": { "fid": 99, "full_id": "n3276158577", "osm_id": "3276158577", "osm_type": "node", "amenity": "post_office", "survey:date": null, "wheelchair": null, "District": null, "addr:district": null, "office": null, "government": null, "addr:hamlet": null, "name:es": null, "description:zh": null, "post_office:type": null, "addr:housenumber": null, "phone": null, "name:ta": null, "name:nl": null, "name:si": null, "alt_name": null, "junction": null, "designation": null, "man_made": null, "collection_times": null, "postal_code": null, "name:zh": null, "name:en": null, "atm": null, "ele": null, "brand:wikidata": null, "brand": null, "wikipedia": null, "wikidata": null, "opening_hours": null, "branch": null, "ref": null, "check_date": null, "addr:street": null, "addr:city": "Thissamaharama SP", "operator": null, "name": "Dhammika Agency Post Office", "addr:postcode": null, "Date": "2015-01-01" }, "geometry": { "type": "Point", "coordinates": [ 81.289697, 6.2769795 ] } },
{ "type": "Feature", "properties": { "fid": 100, "full_id": "n3301935963", "osm_id": "3301935963", "osm_type": "node", "amenity": "post_office", "survey:date": null, "wheelchair": null, "District": null, "addr:district": null, "office": null, "government": null, "addr:hamlet": null, "name:es": null, "description:zh": null, "post_office:type": null, "addr:housenumber": null, "phone": null, "name:ta": null, "name:nl": null, "name:si": null, "alt_name": null, "junction": null, "designation": null, "man_made": null, "collection_times": null, "postal_code": null, "name:zh": null, "name:en": null, "atm": null, "ele": null, "brand:wikidata": null, "brand": null, "wikipedia": null, "wikidata": null, "opening_hours": null, "branch": null, "ref": null, "check_date": null, "addr:street": null, "addr:city": "Badulla", "operator": null, "name": "Puwakodamulla Sub Post Office", "addr:postcode": null, "Date": "2015-01-01" }, "geometry": { "type": "Point", "coordinates": [ 81.0569385, 7.0015753 ] } },
{ "type": "Feature", "properties": { "fid": 101, "full_id": "n3302171947", "osm_id": "3302171947", "osm_type": "node", "amenity": "post_office", "survey:date": null, "wheelchair": null, "District": null, "addr:district": null, "office": null, "government": null, "addr:hamlet": null, "name:es": null, "description:zh": null, "post_office:type": null, "addr:housenumber": null, "phone": null, "name:ta": null, "name:nl": null, "name:si": null, "alt_name": null, "junction": null, "designation": null, "man_made": null, "collection_times": null, "postal_code": null, "name:zh": null, "name:en": null, "atm": null, "ele": null, "brand:wikidata": null, "brand": null, "wikipedia": null, "wikidata": null, "opening_hours": null, "branch": null, "ref": null, "check_date": null, "addr:street": null, "addr:city": "Akkaraipattu", "operator": null, "name": "Post Office", "addr:postcode": null, "Date": "2015-01-01" }, "geometry": { "type": "Point", "coordinates": [ 81.850262, 7.2232517 ] } },
{ "type": "Feature", "properties": { "fid": 102, "full_id": "n3314166642", "osm_id": "3314166642", "osm_type": "node", "amenity": "post_office", "survey:date": null, "wheelchair": null, "District": null, "addr:district": null, "office": null, "government": null, "addr:hamlet": null, "name:es": null, "description:zh": null, "post_office:type": null, "addr:housenumber": null, "phone": null, "name:ta": null, "name:nl": null, "name:si": null, "alt_name": null, "junction": null, "designation": null, "man_made": null, "collection_times": null, "postal_code": null, "name:zh": null, "name:en": null, "atm": null, "ele": null, "brand:wikidata": null, "brand": null, "wikipedia": null, "wikidata": null, "opening_hours": null, "branch": null, "ref": null, "check_date": null, "addr:street": null, "addr:city": "Palamunai", "operator": null, "name": "Sub Post Office", "addr:postcode": null, "Date": "2015-01-01" }, "geometry": { "type": "Point", "coordinates": [ 81.8624464, 7.2682124 ] } },
{ "type": "Feature", "properties": { "fid": 103, "full_id": "n3316577727", "osm_id": "3316577727", "osm_type": "node", "amenity": "post_office", "survey:date": null, "wheelchair": null, "District": null, "addr:district": null, "office": null, "government": null, "addr:hamlet": null, "name:es": null, "description:zh": null, "post_office:type": null, "addr:housenumber": null, "phone": null, "name:ta": null, "name:nl": null, "name:si": null, "alt_name": null, "junction": null, "designation": null, "man_made": null, "collection_times": null, "postal_code": null, "name:zh": null, "name:en": null, "atm": null, "ele": null, "brand:wikidata": null, "brand": null, "wikipedia": null, "wikidata": null, "opening_hours": null, "branch": null, "ref": null, "check_date": null, "addr:street": null, "addr:city": "Sainthamruthu", "operator": null, "name": "Maligaikadu Sub Post Office", "addr:postcode": null, "Date": "2015-01-01" }, "geometry": { "type": "Point", "coordinates": [ 81.8436649, 7.3890553 ] } },
{ "type": "Feature", "properties": { "fid": 104, "full_id": "n3317976546", "osm_id": "3317976546", "osm_type": "node", "amenity": "post_office", "survey:date": null, "wheelchair": null, "District": null, "addr:district": null, "office": null, "government": null, "addr:hamlet": null, "name:es": null, "description:zh": null, "post_office:type": null, "addr:housenumber": null, "phone": null, "name:ta": null, "name:nl": null, "name:si": null, "alt_name": null, "junction": null, "designation": null, "man_made": null, "collection_times": null, "postal_code": null, "name:zh": null, "name:en": null, "atm": null, "ele": null, "brand:wikidata": null, "brand": null, "wikipedia": null, "wikidata": null, "opening_hours": null, "branch": null, "ref": null, "check_date": null, "addr:street": null, "addr:city": "Sainthamaruthu", "operator": null, "name": null, "addr:postcode": null, "Date": "2015-01-01" }, "geometry": { "type": "Point", "coordinates": [ 81.8337004, 7.394972 ] } },
{ "type": "Feature", "properties": { "fid": 105, "full_id": "n3320212328", "osm_id": "3320212328", "osm_type": "node", "amenity": "post_office", "survey:date": null, "wheelchair": null, "District": null, "addr:district": null, "office": null, "government": null, "addr:hamlet": null, "name:es": null, "description:zh": null, "post_office:type": null, "addr:housenumber": null, "phone": null, "name:ta": null, "name:nl": null, "name:si": null, "alt_name": null, "junction": null, "designation": null, "man_made": null, "collection_times": null, "postal_code": null, "name:zh": null, "name:en": null, "atm": null, "ele": null, "brand:wikidata": null, "brand": null, "wikipedia": null, "wikidata": null, "opening_hours": null, "branch": null, "ref": null, "check_date": null, "addr:street": null, "addr:city": "Kalmunai", "operator": null, "name": "Chief Post Office", "addr:postcode": null, "Date": "2015-01-01" }, "geometry": { "type": "Point", "coordinates": [ 81.8237242, 7.4160995 ] } },
{ "type": "Feature", "properties": { "fid": 106, "full_id": "n3370212785", "osm_id": "3370212785", "osm_type": "node", "amenity": "post_office", "survey:date": null, "wheelchair": null, "District": null, "addr:district": null, "office": null, "government": null, "addr:hamlet": null, "name:es": null, "description:zh": null, "post_office:type": null, "addr:housenumber": null, "phone": null, "name:ta": null, "name:nl": null, "name:si": null, "alt_name": null, "junction": null, "designation": null, "man_made": null, "collection_times": null, "postal_code": null, "name:zh": null, "name:en": null, "atm": null, "ele": null, "brand:wikidata": null, "brand": null, "wikipedia": null, "wikidata": null, "opening_hours": null, "branch": null, "ref": null, "check_date": null, "addr:street": null, "addr:city": null, "operator": null, "name": "Mahagama Post Office", "addr:postcode": null, "Date": "2015-01-01" }, "geometry": { "type": "Point", "coordinates": [ 80.1639241, 6.5911715 ] } },
{ "type": "Feature", "properties": { "fid": 107, "full_id": "n3401481195", "osm_id": "3401481195", "osm_type": "node", "amenity": "post_office", "survey:date": null, "wheelchair": null, "District": null, "addr:district": null, "office": null, "government": null, "addr:hamlet": null, "name:es": null, "description:zh": null, "post_office:type": null, "addr:housenumber": null, "phone": null, "name:ta": null, "name:nl": null, "name:si": null, "alt_name": null, "junction": null, "designation": null, "man_made": null, "collection_times": null, "postal_code": null, "name:zh": null, "name:en": null, "atm": null, "ele": null, "brand:wikidata": null, "brand": null, "wikipedia": null, "wikidata": null, "opening_hours": null, "branch": null, "ref": null, "check_date": null, "addr:street": null, "addr:city": "Dehiwala", "operator": null, "name": "Sub Post Office", "addr:postcode": null, "Date": "2015-01-01" }, "geometry": { "type": "Point", "coordinates": [ 79.8644587, 6.8611518 ] } },
{ "type": "Feature", "properties": { "fid": 108, "full_id": "n3419384220", "osm_id": "3419384220", "osm_type": "node", "amenity": "post_office", "survey:date": null, "wheelchair": null, "District": null, "addr:district": null, "office": null, "government": null, "addr:hamlet": null, "name:es": null, "description:zh": null, "post_office:type": null, "addr:housenumber": null, "phone": null, "name:ta": null, "name:nl": null, "name:si": null, "alt_name": null, "junction": null, "designation": null, "man_made": null, "collection_times": null, "postal_code": null, "name:zh": null, "name:en": null, "atm": null, "ele": null, "brand:wikidata": null, "brand": null, "wikipedia": null, "wikidata": null, "opening_hours": null, "branch": null, "ref": null, "check_date": null, "addr:street": null, "addr:city": "Thiththapattara", "operator": null, "name": "Sub Post Office", "addr:postcode": null, "Date": "2015-01-01" }, "geometry": { "type": "Point", "coordinates": [ 80.0892595, 6.9363861 ] } },
{ "type": "Feature", "properties": { "fid": 109, "full_id": "n3421059733", "osm_id": "3421059733", "osm_type": "node", "amenity": "post_office", "survey:date": null, "wheelchair": null, "District": null, "addr:district": null, "office": null, "government": null, "addr:hamlet": null, "name:es": null, "description:zh": null, "post_office:type": null, "addr:housenumber": null, "phone": null, "name:ta": null, "name:nl": null, "name:si": null, "alt_name": null, "junction": null, "designation": null, "man_made": null, "collection_times": null, "postal_code": null, "name:zh": null, "name:en": null, "atm": null, "ele": null, "brand:wikidata": null, "brand": null, "wikipedia": null, "wikidata": null, "opening_hours": null, "branch": null, "ref": null, "check_date": null, "addr:street": null, "addr:city": "Wadduwa", "operator": null, "name": "Agency Post Office", "addr:postcode": null, "Date": "2015-01-01" }, "geometry": { "type": "Point", "coordinates": [ 79.9281032, 6.6693599 ] } },
{ "type": "Feature", "properties": { "fid": 110, "full_id": "n3455643229", "osm_id": "3455643229", "osm_type": "node", "amenity": "post_office", "survey:date": null, "wheelchair": null, "District": null, "addr:district": null, "office": null, "government": null, "addr:hamlet": null, "name:es": null, "description:zh": null, "post_office:type": null, "addr:housenumber": null, "phone": null, "name:ta": null, "name:nl": null, "name:si": null, "alt_name": null, "junction": null, "designation": null, "man_made": null, "collection_times": null, "postal_code": null, "name:zh": null, "name:en": null, "atm": null, "ele": null, "brand:wikidata": null, "brand": null, "wikipedia": null, "wikidata": null, "opening_hours": null, "branch": null, "ref": null, "check_date": null, "addr:street": null, "addr:city": null, "operator": "Government of Sri Lanka", "name": "Ariyalai Sub Post Office", "addr:postcode": null, "Date": "2015-01-01" }, "geometry": { "type": "Point", "coordinates": [ 80.0417615, 9.6606697 ] } },
{ "type": "Feature", "properties": { "fid": 111, "full_id": "n3474435579", "osm_id": "3474435579", "osm_type": "node", "amenity": "post_office", "survey:date": null, "wheelchair": null, "District": null, "addr:district": null, "office": null, "government": null, "addr:hamlet": null, "name:es": null, "description:zh": null, "post_office:type": null, "addr:housenumber": null, "phone": null, "name:ta": null, "name:nl": null, "name:si": null, "alt_name": null, "junction": null, "designation": null, "man_made": null, "collection_times": null, "postal_code": null, "name:zh": null, "name:en": null, "atm": null, "ele": null, "brand:wikidata": null, "brand": null, "wikipedia": null, "wikidata": null, "opening_hours": null, "branch": null, "ref": null, "check_date": null, "addr:street": null, "addr:city": null, "operator": "SL Post", "name": "Thiruvaiaru Sub Post Office", "addr:postcode": null, "Date": "2015-01-01" }, "geometry": { "type": "Point", "coordinates": [ 80.4193714, 9.3851852 ] } },
{ "type": "Feature", "properties": { "fid": 112, "full_id": "n3474550886", "osm_id": "3474550886", "osm_type": "node", "amenity": "post_office", "survey:date": null, "wheelchair": null, "District": null, "addr:district": null, "office": null, "government": null, "addr:hamlet": null, "name:es": null, "description:zh": null, "post_office:type": null, "addr:housenumber": null, "phone": null, "name:ta": null, "name:nl": null, "name:si": null, "alt_name": null, "junction": null, "designation": null, "man_made": null, "collection_times": null, "postal_code": null, "name:zh": null, "name:en": null, "atm": null, "ele": null, "brand:wikidata": null, "brand": null, "wikipedia": null, "wikidata": null, "opening_hours": null, "branch": null, "ref": null, "check_date": null, "addr:street": null, "addr:city": null, "operator": null, "name": null, "addr:postcode": null, "Date": "2015-01-01" }, "geometry": { "type": "Point", "coordinates": [ 79.9882576, 6.9422367 ] } },
{ "type": "Feature", "properties": { "fid": 113, "full_id": "n3477986651", "osm_id": "3477986651", "osm_type": "node", "amenity": "post_office", "survey:date": null, "wheelchair": null, "District": null, "addr:district": null, "office": null, "government": null, "addr:hamlet": null, "name:es": null, "description:zh": null, "post_office:type": null, "addr:housenumber": null, "phone": null, "name:ta": null, "name:nl": null, "name:si": null, "alt_name": null, "junction": null, "designation": null, "man_made": null, "collection_times": null, "postal_code": null, "name:zh": null, "name:en": null, "atm": null, "ele": null, "brand:wikidata": null, "brand": null, "wikipedia": null, "wikidata": null, "opening_hours": null, "branch": null, "ref": null, "check_date": null, "addr:street": "Ragama-Kadawatha Road", "addr:city": "Kadawatha", "operator": null, "name": "Kadawath Post office", "addr:postcode": null, "Date": "2015-01-01" }, "geometry": { "type": "Point", "coordinates": [ 79.9497795, 7.0022672 ] } },
{ "type": "Feature", "properties": { "fid": 114, "full_id": "n3493140358", "osm_id": "3493140358", "osm_type": "node", "amenity": "post_office", "survey:date": null, "wheelchair": null, "District": null, "addr:district": null, "office": null, "government": null, "addr:hamlet": null, "name:es": null, "description:zh": null, "post_office:type": null, "addr:housenumber": null, "phone": null, "name:ta": null, "name:nl": null, "name:si": null, "alt_name": null, "junction": null, "designation": null, "man_made": null, "collection_times": null, "postal_code": null, "name:zh": null, "name:en": null, "atm": null, "ele": null, "brand:wikidata": null, "brand": null, "wikipedia": null, "wikidata": null, "opening_hours": null, "branch": null, "ref": null, "check_date": null, "addr:street": null, "addr:city": null, "operator": null, "name": "Horadugoda sub post office", "addr:postcode": null, "Date": "2015-01-01" }, "geometry": { "type": "Point", "coordinates": [ 80.4070883, 6.0228656 ] } },
{ "type": "Feature", "properties": { "fid": 115, "full_id": "n3504275661", "osm_id": "3504275661", "osm_type": "node", "amenity": "post_office", "survey:date": null, "wheelchair": null, "District": null, "addr:district": null, "office": null, "government": null, "addr:hamlet": null, "name:es": null, "description:zh": null, "post_office:type": null, "addr:housenumber": null, "phone": null, "name:ta": null, "name:nl": null, "name:si": null, "alt_name": null, "junction": null, "designation": null, "man_made": null, "collection_times": null, "postal_code": null, "name:zh": null, "name:en": null, "atm": null, "ele": null, "brand:wikidata": null, "brand": null, "wikipedia": null, "wikidata": null, "opening_hours": null, "branch": null, "ref": null, "check_date": null, "addr:street": null, "addr:city": "Divulpitiya (Boralesgamuwa)", "operator": null, "name": "Sub Post Office", "addr:postcode": null, "Date": "2015-01-01" }, "geometry": { "type": "Point", "coordinates": [ 79.8931397, 6.8513223 ] } },
{ "type": "Feature", "properties": { "fid": 116, "full_id": "n3504311600", "osm_id": "3504311600", "osm_type": "node", "amenity": "post_office", "survey:date": null, "wheelchair": null, "District": null, "addr:district": null, "office": null, "government": null, "addr:hamlet": null, "name:es": null, "description:zh": null, "post_office:type": null, "addr:housenumber": null, "phone": null, "name:ta": null, "name:nl": null, "name:si": null, "alt_name": null, "junction": null, "designation": null, "man_made": null, "collection_times": null, "postal_code": null, "name:zh": null, "name:en": null, "atm": null, "ele": null, "brand:wikidata": null, "brand": null, "wikipedia": null, "wikidata": null, "opening_hours": null, "branch": null, "ref": null, "check_date": null, "addr:street": null, "addr:city": "Boralesgamuwa", "operator": null, "name": "Sub Post Office", "addr:postcode": null, "Date": "2015-01-01" }, "geometry": { "type": "Point", "coordinates": [ 79.903251, 6.8397842 ] } },
{ "type": "Feature", "properties": { "fid": 117, "full_id": "n3504454088", "osm_id": "3504454088", "osm_type": "node", "amenity": "post_office", "survey:date": null, "wheelchair": null, "District": null, "addr:district": null, "office": null, "government": null, "addr:hamlet": null, "name:es": null, "description:zh": null, "post_office:type": null, "addr:housenumber": null, "phone": null, "name:ta": null, "name:nl": null, "name:si": null, "alt_name": null, "junction": null, "designation": null, "man_made": null, "collection_times": null, "postal_code": null, "name:zh": null, "name:en": null, "atm": null, "ele": null, "brand:wikidata": null, "brand": null, "wikipedia": null, "wikidata": null, "opening_hours": null, "branch": null, "ref": null, "check_date": null, "addr:street": null, "addr:city": "Maharagama", "operator": null, "name": "Sub Post Office, Cancer Hospital", "addr:postcode": null, "Date": "2015-01-01" }, "geometry": { "type": "Point", "coordinates": [ 79.9209142, 6.838673 ] } },
{ "type": "Feature", "properties": { "fid": 118, "full_id": "n3508111710", "osm_id": "3508111710", "osm_type": "node", "amenity": "post_office", "survey:date": null, "wheelchair": null, "District": null, "addr:district": null, "office": null, "government": null, "addr:hamlet": null, "name:es": null, "description:zh": null, "post_office:type": null, "addr:housenumber": null, "phone": null, "name:ta": null, "name:nl": null, "name:si": null, "alt_name": null, "junction": null, "designation": null, "man_made": null, "collection_times": null, "postal_code": null, "name:zh": null, "name:en": null, "atm": null, "ele": null, "brand:wikidata": null, "brand": null, "wikipedia": null, "wikidata": null, "opening_hours": null, "branch": null, "ref": null, "check_date": null, "addr:street": null, "addr:city": null, "operator": null, "name": "Thihagoda Post office", "addr:postcode": null, "Date": "2015-01-01" }, "geometry": { "type": "Point", "coordinates": [ 80.567179, 6.0140185 ] } },
{ "type": "Feature", "properties": { "fid": 119, "full_id": "n3540588814", "osm_id": "3540588814", "osm_type": "node", "amenity": "post_office", "survey:date": null, "wheelchair": null, "District": null, "addr:district": null, "office": null, "government": null, "addr:hamlet": null, "name:es": null, "description:zh": null, "post_office:type": null, "addr:housenumber": null, "phone": null, "name:ta": null, "name:nl": null, "name:si": null, "alt_name": null, "junction": null, "designation": null, "man_made": null, "collection_times": null, "postal_code": null, "name:zh": null, "name:en": null, "atm": null, "ele": null, "brand:wikidata": null, "brand": null, "wikipedia": null, "wikidata": null, "opening_hours": null, "branch": null, "ref": null, "check_date": null, "addr:street": null, "addr:city": null, "operator": "SLPOST", "name": "Irrupiddy Sub Post Office", "addr:postcode": null, "Date": "2015-01-01" }, "geometry": { "type": "Point", "coordinates": [ 79.8129414, 9.6053149 ] } },
{ "type": "Feature", "properties": { "fid": 120, "full_id": "n3558209997", "osm_id": "3558209997", "osm_type": "node", "amenity": "post_office", "survey:date": null, "wheelchair": null, "District": null, "addr:district": null, "office": null, "government": null, "addr:hamlet": null, "name:es": null, "description:zh": null, "post_office:type": null, "addr:housenumber": null, "phone": null, "name:ta": null, "name:nl": null, "name:si": null, "alt_name": null, "junction": null, "designation": null, "man_made": null, "collection_times": null, "postal_code": null, "name:zh": null, "name:en": null, "atm": null, "ele": null, "brand:wikidata": null, "brand": null, "wikipedia": null, "wikidata": null, "opening_hours": null, "branch": null, "ref": null, "check_date": null, "addr:street": null, "addr:city": null, "operator": null, "name": "Nayapamula", "addr:postcode": null, "Date": "2015-01-01" }, "geometry": { "type": "Point", "coordinates": [ 80.1855051, 6.1767042 ] } },
{ "type": "Feature", "properties": { "fid": 121, "full_id": "n3570731865", "osm_id": "3570731865", "osm_type": "node", "amenity": "post_office", "survey:date": null, "wheelchair": null, "District": null, "addr:district": null, "office": null, "government": null, "addr:hamlet": null, "name:es": null, "description:zh": null, "post_office:type": null, "addr:housenumber": null, "phone": null, "name:ta": null, "name:nl": null, "name:si": null, "alt_name": null, "junction": null, "designation": null, "man_made": null, "collection_times": null, "postal_code": null, "name:zh": null, "name:en": null, "atm": null, "ele": null, "brand:wikidata": null, "brand": null, "wikipedia": null, "wikidata": null, "opening_hours": null, "branch": null, "ref": null, "check_date": null, "addr:street": null, "addr:city": null, "operator": null, "name": "Dumdarasiri Post Office", "addr:postcode": null, "Date": "2015-01-01" }, "geometry": { "type": "Point", "coordinates": [ 80.6815607, 7.2937831 ] } },
{ "type": "Feature", "properties": { "fid": 122, "full_id": "n3570787469", "osm_id": "3570787469", "osm_type": "node", "amenity": "post_office", "survey:date": null, "wheelchair": null, "District": null, "addr:district": null, "office": null, "government": null, "addr:hamlet": null, "name:es": null, "description:zh": null, "post_office:type": null, "addr:housenumber": null, "phone": null, "name:ta": null, "name:nl": null, "name:si": null, "alt_name": null, "junction": "yes", "designation": null, "man_made": null, "collection_times": null, "postal_code": null, "name:zh": null, "name:en": null, "atm": null, "ele": null, "brand:wikidata": null, "brand": null, "wikipedia": null, "wikidata": null, "opening_hours": null, "branch": null, "ref": null, "check_date": null, "addr:street": "Weligalla-Ganhata Rd", "addr:city": "Hondiyadeniya", "operator": null, "name": "Hondiyadeniya;Hondiyadeniya Post Office", "addr:postcode": null, "Date": "2015-01-01" }, "geometry": { "type": "Point", "coordinates": [ 80.5746685, 7.1908123 ] } },
{ "type": "Feature", "properties": { "fid": 123, "full_id": "n3588043677", "osm_id": "3588043677", "osm_type": "node", "amenity": "post_office", "survey:date": null, "wheelchair": null, "District": null, "addr:district": null, "office": null, "government": null, "addr:hamlet": null, "name:es": null, "description:zh": null, "post_office:type": null, "addr:housenumber": null, "phone": null, "name:ta": null, "name:nl": null, "name:si": null, "alt_name": null, "junction": null, "designation": null, "man_made": null, "collection_times": null, "postal_code": null, "name:zh": null, "name:en": null, "atm": null, "ele": null, "brand:wikidata": null, "brand": null, "wikipedia": null, "wikidata": null, "opening_hours": null, "branch": null, "ref": null, "check_date": null, "addr:street": null, "addr:city": null, "operator": null, "name": "Walapane Post Office", "addr:postcode": null, "Date": "2015-01-01" }, "geometry": { "type": "Point", "coordinates": [ 80.8611118, 7.0939228 ] } },
{ "type": "Feature", "properties": { "fid": 124, "full_id": "n3590070475", "osm_id": "3590070475", "osm_type": "node", "amenity": "post_office", "survey:date": null, "wheelchair": null, "District": null, "addr:district": null, "office": null, "government": null, "addr:hamlet": null, "name:es": null, "description:zh": null, "post_office:type": null, "addr:housenumber": null, "phone": null, "name:ta": null, "name:nl": null, "name:si": null, "alt_name": null, "junction": null, "designation": null, "man_made": null, "collection_times": null, "postal_code": null, "name:zh": null, "name:en": null, "atm": null, "ele": null, "brand:wikidata": null, "brand": null, "wikipedia": null, "wikidata": null, "opening_hours": null, "branch": null, "ref": null, "check_date": null, "addr:street": null, "addr:city": null, "operator": null, "name": "labeema", "addr:postcode": null, "Date": "2015-01-01" }, "geometry": { "type": "Point", "coordinates": [ 80.4962229, 5.957071 ] } },
{ "type": "Feature", "properties": { "fid": 125, "full_id": "n3590215200", "osm_id": "3590215200", "osm_type": "node", "amenity": "post_box", "survey:date": null, "wheelchair": null, "District": null, "addr:district": null, "office": null, "government": null, "addr:hamlet": null, "name:es": null, "description:zh": null, "post_office:type": null, "addr:housenumber": null, "phone": null, "name:ta": null, "name:nl": null, "name:si": null, "alt_name": null, "junction": null, "designation": null, "man_made": null, "collection_times": null, "postal_code": null, "name:zh": null, "name:en": null, "atm": null, "ele": null, "brand:wikidata": null, "brand": null, "wikipedia": null, "wikidata": null, "opening_hours": null, "branch": null, "ref": null, "check_date": null, "addr:street": null, "addr:city": null, "operator": null, "name": null, "addr:postcode": null, "Date": "2015-01-01" }, "geometry": { "type": "Point", "coordinates": [ 80.8932673, 7.0795066 ] } },
{ "type": "Feature", "properties": { "fid": 126, "full_id": "n3598835033", "osm_id": "3598835033", "osm_type": "node", "amenity": "post_office", "survey:date": null, "wheelchair": null, "District": null, "addr:district": null, "office": null, "government": null, "addr:hamlet": null, "name:es": null, "description:zh": null, "post_office:type": null, "addr:housenumber": null, "phone": null, "name:ta": null, "name:nl": null, "name:si": null, "alt_name": "Ambalantota Branch", "junction": null, "designation": null, "man_made": null, "collection_times": null, "postal_code": null, "name:zh": null, "name:en": null, "atm": null, "ele": null, "brand:wikidata": null, "brand": null, "wikipedia": null, "wikidata": null, "opening_hours": null, "branch": null, "ref": null, "check_date": null, "addr:street": "Tissa Road", "addr:city": "Ambalanthota", "operator": null, "name": "Ambalantota Post Office", "addr:postcode": null, "Date": "2015-01-01" }, "geometry": { "type": "Point", "coordinates": [ 81.0226717, 6.1226959 ] } },
{ "type": "Feature", "properties": { "fid": 127, "full_id": "n3621425958", "osm_id": "3621425958", "osm_type": "node", "amenity": "post_office", "survey:date": null, "wheelchair": null, "District": null, "addr:district": null, "office": null, "government": null, "addr:hamlet": null, "name:es": null, "description:zh": null, "post_office:type": null, "addr:housenumber": null, "phone": null, "name:ta": null, "name:nl": null, "name:si": null, "alt_name": null, "junction": null, "designation": null, "man_made": null, "collection_times": null, "postal_code": null, "name:zh": null, "name:en": null, "atm": null, "ele": null, "brand:wikidata": null, "brand": null, "wikipedia": null, "wikidata": null, "opening_hours": null, "branch": null, "ref": null, "check_date": null, "addr:street": null, "addr:city": null, "operator": null, "name": "Malimbada", "addr:postcode": null, "Date": "2015-01-01" }, "geometry": { "type": "Point", "coordinates": [ 80.5167802, 6.0101279 ] } },
{ "type": "Feature", "properties": { "fid": 128, "full_id": "n3630805424", "osm_id": "3630805424", "osm_type": "node", "amenity": "post_office", "survey:date": null, "wheelchair": null, "District": null, "addr:district": null, "office": null, "government": null, "addr:hamlet": null, "name:es": null, "description:zh": null, "post_office:type": null, "addr:housenumber": null, "phone": null, "name:ta": null, "name:nl": null, "name:si": null, "alt_name": null, "junction": null, "designation": null, "man_made": null, "collection_times": null, "postal_code": null, "name:zh": null, "name:en": null, "atm": null, "ele": null, "brand:wikidata": null, "brand": null, "wikipedia": null, "wikidata": null, "opening_hours": "Mo-Fr 08:30-16:15", "branch": null, "ref": null, "check_date": null, "addr:street": null, "addr:city": null, "operator": "Government", "name": "Maligawatta Post Office", "addr:postcode": null, "Date": "2015-01-01" }, "geometry": { "type": "Point", "coordinates": [ 79.8674913, 6.9315002 ] } },
{ "type": "Feature", "properties": { "fid": 129, "full_id": "n3633692199", "osm_id": "3633692199", "osm_type": "node", "amenity": "post_office", "survey:date": null, "wheelchair": null, "District": null, "addr:district": null, "office": null, "government": null, "addr:hamlet": null, "name:es": null, "description:zh": null, "post_office:type": null, "addr:housenumber": null, "phone": null, "name:ta": null, "name:nl": null, "name:si": null, "alt_name": null, "junction": null, "designation": null, "man_made": null, "collection_times": null, "postal_code": null, "name:zh": null, "name:en": null, "atm": null, "ele": null, "brand:wikidata": null, "brand": null, "wikipedia": null, "wikidata": null, "opening_hours": null, "branch": null, "ref": null, "check_date": null, "addr:street": null, "addr:city": null, "operator": null, "name": "Urubokka Post Office", "addr:postcode": null, "Date": "2015-01-01" }, "geometry": { "type": "Point", "coordinates": [ 80.6311791, 6.3073483 ] } },
{ "type": "Feature", "properties": { "fid": 130, "full_id": "n3633720594", "osm_id": "3633720594", "osm_type": "node", "amenity": "post_office", "survey:date": null, "wheelchair": null, "District": null, "addr:district": null, "office": null, "government": null, "addr:hamlet": null, "name:es": null, "description:zh": null, "post_office:type": null, "addr:housenumber": null, "phone": null, "name:ta": null, "name:nl": null, "name:si": null, "alt_name": null, "junction": null, "designation": null, "man_made": null, "collection_times": null, "postal_code": null, "name:zh": null, "name:en": null, "atm": null, "ele": null, "brand:wikidata": null, "brand": null, "wikipedia": null, "wikidata": null, "opening_hours": null, "branch": null, "ref": null, "check_date": null, "addr:street": null, "addr:city": null, "operator": null, "name": "Katuwana - post office", "addr:postcode": null, "Date": "2015-01-01" }, "geometry": { "type": "Point", "coordinates": [ 80.6931221, 6.266234 ] } },
{ "type": "Feature", "properties": { "fid": 131, "full_id": "n3634825144", "osm_id": "3634825144", "osm_type": "node", "amenity": "post_office", "survey:date": null, "wheelchair": null, "District": null, "addr:district": null, "office": null, "government": null, "addr:hamlet": null, "name:es": null, "description:zh": null, "post_office:type": null, "addr:housenumber": null, "phone": null, "name:ta": null, "name:nl": null, "name:si": null, "alt_name": null, "junction": null, "designation": null, "man_made": null, "collection_times": null, "postal_code": null, "name:zh": null, "name:en": null, "atm": null, "ele": null, "brand:wikidata": null, "brand": null, "wikipedia": null, "wikidata": null, "opening_hours": null, "branch": null, "ref": null, "check_date": null, "addr:street": null, "addr:city": null, "operator": null, "name": "Weeraketiya", "addr:postcode": null, "Date": "2015-01-01" }, "geometry": { "type": "Point", "coordinates": [ 80.7687386, 6.1542922 ] } },
{ "type": "Feature", "properties": { "fid": 132, "full_id": "n3634917200", "osm_id": "3634917200", "osm_type": "node", "amenity": "post_office", "survey:date": null, "wheelchair": null, "District": null, "addr:district": null, "office": null, "government": null, "addr:hamlet": null, "name:es": null, "description:zh": null, "post_office:type": null, "addr:housenumber": null, "phone": null, "name:ta": null, "name:nl": null, "name:si": null, "alt_name": null, "junction": null, "designation": null, "man_made": null, "collection_times": null, "postal_code": null, "name:zh": null, "name:en": null, "atm": null, "ele": null, "brand:wikidata": null, "brand": null, "wikipedia": null, "wikidata": null, "opening_hours": null, "branch": null, "ref": null, "check_date": null, "addr:street": null, "addr:city": null, "operator": null, "name": "Post Office", "addr:postcode": null, "Date": "2015-01-01" }, "geometry": { "type": "Point", "coordinates": [ 81.0289647, 7.6305395 ] } },
{ "type": "Feature", "properties": { "fid": 133, "full_id": "n3634976899", "osm_id": "3634976899", "osm_type": "node", "amenity": "post_office", "survey:date": null, "wheelchair": null, "District": null, "addr:district": null, "office": null, "government": null, "addr:hamlet": null, "name:es": null, "description:zh": null, "post_office:type": null, "addr:housenumber": null, "phone": null, "name:ta": null, "name:nl": null, "name:si": null, "alt_name": null, "junction": null, "designation": null, "man_made": null, "collection_times": null, "postal_code": null, "name:zh": null, "name:en": null, "atm": null, "ele": null, "brand:wikidata": null, "brand": null, "wikipedia": null, "wikidata": null, "opening_hours": null, "branch": null, "ref": null, "check_date": null, "addr:street": null, "addr:city": null, "operator": null, "name": "Nawa madagama", "addr:postcode": null, "Date": "2015-01-01" }, "geometry": { "type": "Point", "coordinates": [ 81.0417537, 7.5693383 ] } },
{ "type": "Feature", "properties": { "fid": 134, "full_id": "n3635197512", "osm_id": "3635197512", "osm_type": "node", "amenity": "post_office", "survey:date": null, "wheelchair": null, "District": null, "addr:district": null, "office": null, "government": null, "addr:hamlet": null, "name:es": null, "description:zh": null, "post_office:type": null, "addr:housenumber": null, "phone": null, "name:ta": null, "name:nl": null, "name:si": null, "alt_name": null, "junction": null, "designation": null, "man_made": null, "collection_times": null, "postal_code": null, "name:zh": null, "name:en": null, "atm": null, "ele": null, "brand:wikidata": null, "brand": null, "wikipedia": null, "wikidata": null, "opening_hours": null, "branch": null, "ref": null, "check_date": null, "addr:street": null, "addr:city": null, "operator": null, "name": "Netolpitiya", "addr:postcode": null, "Date": "2015-01-01" }, "geometry": { "type": "Point", "coordinates": [ 80.8377217, 6.0646139 ] } },
{ "type": "Feature", "properties": { "fid": 135, "full_id": "n3655215877", "osm_id": "3655215877", "osm_type": "node", "amenity": "post_office", "survey:date": null, "wheelchair": null, "District": null, "addr:district": null, "office": null, "government": null, "addr:hamlet": null, "name:es": null, "description:zh": null, "post_office:type": null, "addr:housenumber": null, "phone": null, "name:ta": null, "name:nl": null, "name:si": null, "alt_name": null, "junction": null, "designation": null, "man_made": null, "collection_times": null, "postal_code": null, "name:zh": null, "name:en": null, "atm": null, "ele": null, "brand:wikidata": null, "brand": null, "wikipedia": null, "wikidata": null, "opening_hours": null, "branch": null, "ref": null, "check_date": null, "addr:street": null, "addr:city": "Chilaw", "operator": null, "name": "Post Office", "addr:postcode": null, "Date": "2015-01-01" }, "geometry": { "type": "Point", "coordinates": [ 79.7950892, 7.5797559 ] } },
{ "type": "Feature", "properties": { "fid": 136, "full_id": "n3658467144", "osm_id": "3658467144", "osm_type": "node", "amenity": "post_office", "survey:date": null, "wheelchair": null, "District": null, "addr:district": null, "office": null, "government": null, "addr:hamlet": null, "name:es": null, "description:zh": null, "post_office:type": null, "addr:housenumber": null, "phone": null, "name:ta": null, "name:nl": null, "name:si": null, "alt_name": null, "junction": null, "designation": null, "man_made": null, "collection_times": null, "postal_code": null, "name:zh": null, "name:en": null, "atm": null, "ele": null, "brand:wikidata": null, "brand": null, "wikipedia": null, "wikidata": null, "opening_hours": null, "branch": null, "ref": null, "check_date": null, "addr:street": null, "addr:city": "Wennappuwa", "operator": null, "name": "Post Office", "addr:postcode": null, "Date": "2015-01-01" }, "geometry": { "type": "Point", "coordinates": [ 79.8418076, 7.3423026 ] } },
{ "type": "Feature", "properties": { "fid": 137, "full_id": "n3658555384", "osm_id": "3658555384", "osm_type": "node", "amenity": "post_office", "survey:date": null, "wheelchair": null, "District": null, "addr:district": null, "office": null, "government": null, "addr:hamlet": null, "name:es": null, "description:zh": null, "post_office:type": null, "addr:housenumber": null, "phone": null, "name:ta": null, "name:nl": null, "name:si": null, "alt_name": null, "junction": null, "designation": null, "man_made": null, "collection_times": null, "postal_code": null, "name:zh": null, "name:en": null, "atm": null, "ele": null, "brand:wikidata": null, "brand": null, "wikipedia": null, "wikidata": null, "opening_hours": null, "branch": null, "ref": null, "check_date": null, "addr:street": null, "addr:city": "Katuneriya", "operator": null, "name": "Post Office", "addr:postcode": null, "Date": "2015-01-01" }, "geometry": { "type": "Point", "coordinates": [ 79.8332481, 7.3641404 ] } },
{ "type": "Feature", "properties": { "fid": 138, "full_id": "n3661285346", "osm_id": "3661285346", "osm_type": "node", "amenity": "post_office", "survey:date": null, "wheelchair": null, "District": null, "addr:district": null, "office": null, "government": null, "addr:hamlet": null, "name:es": null, "description:zh": null, "post_office:type": null, "addr:housenumber": null, "phone": null, "name:ta": null, "name:nl": null, "name:si": null, "alt_name": null, "junction": null, "designation": null, "man_made": null, "collection_times": null, "postal_code": null, "name:zh": null, "name:en": null, "atm": null, "ele": null, "brand:wikidata": null, "brand": null, "wikipedia": null, "wikidata": null, "opening_hours": null, "branch": null, "ref": null, "check_date": null, "addr:street": null, "addr:city": "Kudamaduwella", "operator": null, "name": "Sub Post Office", "addr:postcode": null, "Date": "2015-01-01" }, "geometry": { "type": "Point", "coordinates": [ 79.8045475, 7.4630529 ] } },
{ "type": "Feature", "properties": { "fid": 139, "full_id": "n3661330168", "osm_id": "3661330168", "osm_type": "node", "amenity": "post_office", "survey:date": null, "wheelchair": null, "District": null, "addr:district": null, "office": null, "government": null, "addr:hamlet": null, "name:es": null, "description:zh": null, "post_office:type": null, "addr:housenumber": null, "phone": null, "name:ta": null, "name:nl": null, "name:si": null, "alt_name": null, "junction": null, "designation": null, "man_made": null, "collection_times": null, "postal_code": null, "name:zh": null, "name:en": null, "atm": null, "ele": null, "brand:wikidata": null, "brand": null, "wikipedia": null, "wikidata": null, "opening_hours": null, "branch": null, "ref": null, "check_date": null, "addr:street": null, "addr:city": "Thoduwawa", "operator": null, "name": "Sub Post Office", "addr:postcode": null, "Date": "2015-01-01" }, "geometry": { "type": "Point", "coordinates": [ 79.8027542, 7.4762509 ] } },
{ "type": "Feature", "properties": { "fid": 140, "full_id": "n3664251343", "osm_id": "3664251343", "osm_type": "node", "amenity": "post_office", "survey:date": null, "wheelchair": null, "District": null, "addr:district": null, "office": null, "government": null, "addr:hamlet": null, "name:es": null, "description:zh": null, "post_office:type": null, "addr:housenumber": null, "phone": null, "name:ta": null, "name:nl": null, "name:si": null, "alt_name": null, "junction": null, "designation": null, "man_made": null, "collection_times": null, "postal_code": null, "name:zh": null, "name:en": null, "atm": null, "ele": null, "brand:wikidata": null, "brand": null, "wikipedia": null, "wikidata": null, "opening_hours": null, "branch": null, "ref": null, "check_date": null, "addr:street": null, "addr:city": "Madampe", "operator": null, "name": "Post Office", "addr:postcode": null, "Date": "2015-01-01" }, "geometry": { "type": "Point", "coordinates": [ 79.841047, 7.4957567 ] } },
{ "type": "Feature", "properties": { "fid": 141, "full_id": "n3664367079", "osm_id": "3664367079", "osm_type": "node", "amenity": "post_office", "survey:date": null, "wheelchair": null, "District": null, "addr:district": null, "office": null, "government": null, "addr:hamlet": null, "name:es": null, "description:zh": null, "post_office:type": null, "addr:housenumber": null, "phone": null, "name:ta": null, "name:nl": null, "name:si": null, "alt_name": null, "junction": null, "designation": null, "man_made": null, "collection_times": null, "postal_code": null, "name:zh": null, "name:en": null, "atm": null, "ele": null, "brand:wikidata": null, "brand": null, "wikipedia": null, "wikidata": null, "opening_hours": null, "branch": null, "ref": null, "check_date": null, "addr:street": null, "addr:city": "Galmuruwa", "operator": null, "name": "Sub Post Office", "addr:postcode": null, "Date": "2015-01-01" }, "geometry": { "type": "Point", "coordinates": [ 79.8826779, 7.4949148 ] } },
{ "type": "Feature", "properties": { "fid": 142, "full_id": "n3664405333", "osm_id": "3664405333", "osm_type": "node", "amenity": "post_office", "survey:date": null, "wheelchair": null, "District": null, "addr:district": null, "office": null, "government": null, "addr:hamlet": null, "name:es": null, "description:zh": null, "post_office:type": null, "addr:housenumber": null, "phone": null, "name:ta": null, "name:nl": null, "name:si": null, "alt_name": null, "junction": null, "designation": null, "man_made": null, "collection_times": null, "postal_code": null, "name:zh": null, "name:en": null, "atm": null, "ele": null, "brand:wikidata": null, "brand": null, "wikipedia": null, "wikidata": null, "opening_hours": null, "branch": null, "ref": null, "check_date": null, "addr:street": null, "addr:city": "Dummalasuriya", "operator": null, "name": "Sub Post Office", "addr:postcode": null, "Date": "2015-01-01" }, "geometry": { "type": "Point", "coordinates": [ 79.9137494, 7.4934647 ] } },
{ "type": "Feature", "properties": { "fid": 143, "full_id": "n3679734950", "osm_id": "3679734950", "osm_type": "node", "amenity": "post_office", "survey:date": null, "wheelchair": null, "District": null, "addr:district": null, "office": null, "government": null, "addr:hamlet": null, "name:es": null, "description:zh": null, "post_office:type": null, "addr:housenumber": null, "phone": null, "name:ta": null, "name:nl": null, "name:si": null, "alt_name": null, "junction": null, "designation": null, "man_made": null, "collection_times": null, "postal_code": null, "name:zh": null, "name:en": null, "atm": null, "ele": null, "brand:wikidata": null, "brand": null, "wikipedia": null, "wikidata": null, "opening_hours": null, "branch": null, "ref": null, "check_date": null, "addr:street": null, "addr:city": "Uswetakeiyawa", "operator": null, "name": "Sub Post Office", "addr:postcode": null, "Date": "2015-01-01" }, "geometry": { "type": "Point", "coordinates": [ 79.8590558, 7.0428559 ] } },
{ "type": "Feature", "properties": { "fid": 144, "full_id": "n3691190362", "osm_id": "3691190362", "osm_type": "node", "amenity": "post_office", "survey:date": null, "wheelchair": null, "District": null, "addr:district": null, "office": null, "government": null, "addr:hamlet": null, "name:es": null, "description:zh": null, "post_office:type": null, "addr:housenumber": null, "phone": null, "name:ta": null, "name:nl": null, "name:si": null, "alt_name": null, "junction": null, "designation": null, "man_made": null, "collection_times": null, "postal_code": null, "name:zh": null, "name:en": null, "atm": null, "ele": null, "brand:wikidata": null, "brand": null, "wikipedia": null, "wikidata": null, "opening_hours": null, "branch": null, "ref": null, "check_date": null, "addr:street": null, "addr:city": "Madurankuliya", "operator": null, "name": "Sub Post Office", "addr:postcode": null, "Date": "2015-01-01" }, "geometry": { "type": "Point", "coordinates": [ 79.8218782, 7.905583 ] } },
{ "type": "Feature", "properties": { "fid": 145, "full_id": "n3692732907", "osm_id": "3692732907", "osm_type": "node", "amenity": "post_office", "survey:date": null, "wheelchair": null, "District": null, "addr:district": null, "office": null, "government": null, "addr:hamlet": null, "name:es": null, "description:zh": null, "post_office:type": null, "addr:housenumber": null, "phone": null, "name:ta": null, "name:nl": null, "name:si": null, "alt_name": null, "junction": null, "designation": null, "man_made": null, "collection_times": null, "postal_code": null, "name:zh": null, "name:en": null, "atm": null, "ele": null, "brand:wikidata": null, "brand": null, "wikipedia": null, "wikidata": null, "opening_hours": null, "branch": null, "ref": null, "check_date": null, "addr:street": null, "addr:city": "Udappuwa", "operator": null, "name": "Sub Post Office", "addr:postcode": null, "Date": "2015-01-01" }, "geometry": { "type": "Point", "coordinates": [ 79.7918367, 7.7449664 ] } },
{ "type": "Feature", "properties": { "fid": 146, "full_id": "n3693072135", "osm_id": "3693072135", "osm_type": "node", "amenity": "post_office", "survey:date": null, "wheelchair": null, "District": null, "addr:district": null, "office": null, "government": null, "addr:hamlet": null, "name:es": null, "description:zh": null, "post_office:type": null, "addr:housenumber": null, "phone": null, "name:ta": null, "name:nl": null, "name:si": null, "alt_name": null, "junction": null, "designation": null, "man_made": null, "collection_times": null, "postal_code": null, "name:zh": null, "name:en": null, "atm": null, "ele": null, "brand:wikidata": null, "brand": null, "wikipedia": null, "wikidata": null, "opening_hours": null, "branch": null, "ref": null, "check_date": null, "addr:street": null, "addr:city": "Palavi", "operator": null, "name": "Sub Post Office", "addr:postcode": null, "Date": "2015-01-01" }, "geometry": { "type": "Point", "coordinates": [ 79.8341106, 7.980726 ] } },
{ "type": "Feature", "properties": { "fid": 147, "full_id": "n3716323906", "osm_id": "3716323906", "osm_type": "node", "amenity": "post_office", "survey:date": null, "wheelchair": null, "District": null, "addr:district": null, "office": null, "government": null, "addr:hamlet": null, "name:es": null, "description:zh": null, "post_office:type": null, "addr:housenumber": null, "phone": null, "name:ta": null, "name:nl": null, "name:si": null, "alt_name": null, "junction": null, "designation": null, "man_made": null, "collection_times": null, "postal_code": null, "name:zh": null, "name:en": null, "atm": null, "ele": null, "brand:wikidata": null, "brand": null, "wikipedia": null, "wikidata": null, "opening_hours": null, "branch": null, "ref": null, "check_date": null, "addr:street": "New Kandy Rd", "addr:city": "Waduwegama", "operator": null, "name": "Waduwegama Post Office", "addr:postcode": null, "Date": "2015-01-01" }, "geometry": { "type": "Point", "coordinates": [ 80.00089, 6.9695985 ] } },
{ "type": "Feature", "properties": { "fid": 148, "full_id": "n3728661134", "osm_id": "3728661134", "osm_type": "node", "amenity": "post_office", "survey:date": null, "wheelchair": null, "District": null, "addr:district": null, "office": null, "government": null, "addr:hamlet": null, "name:es": null, "description:zh": null, "post_office:type": null, "addr:housenumber": null, "phone": null, "name:ta": null, "name:nl": null, "name:si": null, "alt_name": null, "junction": null, "designation": null, "man_made": null, "collection_times": null, "postal_code": null, "name:zh": null, "name:en": null, "atm": null, "ele": null, "brand:wikidata": null, "brand": null, "wikipedia": null, "wikidata": null, "opening_hours": null, "branch": null, "ref": null, "check_date": null, "addr:street": null, "addr:city": null, "operator": null, "name": "Hapugala sub post office", "addr:postcode": null, "Date": "2015-01-01" }, "geometry": { "type": "Point", "coordinates": [ 80.1980456, 6.0740178 ] } },
{ "type": "Feature", "properties": { "fid": 149, "full_id": "n3729557770", "osm_id": "3729557770", "osm_type": "node", "amenity": "post_office", "survey:date": null, "wheelchair": null, "District": null, "addr:district": null, "office": null, "government": null, "addr:hamlet": null, "name:es": null, "description:zh": null, "post_office:type": null, "addr:housenumber": null, "phone": null, "name:ta": null, "name:nl": null, "name:si": null, "alt_name": null, "junction": null, "designation": null, "man_made": null, "collection_times": null, "postal_code": null, "name:zh": null, "name:en": null, "atm": null, "ele": null, "brand:wikidata": null, "brand": null, "wikipedia": null, "wikidata": null, "opening_hours": null, "branch": null, "ref": null, "check_date": null, "addr:street": null, "addr:city": null, "operator": null, "name": "Post Office - Kalegana", "addr:postcode": null, "Date": "2015-01-01" }, "geometry": { "type": "Point", "coordinates": [ 80.2030627, 6.0592781 ] } },
{ "type": "Feature", "properties": { "fid": 150, "full_id": "n3731590341", "osm_id": "3731590341", "osm_type": "node", "amenity": "post_office", "survey:date": null, "wheelchair": null, "District": null, "addr:district": null, "office": null, "government": null, "addr:hamlet": null, "name:es": null, "description:zh": null, "post_office:type": null, "addr:housenumber": null, "phone": null, "name:ta": null, "name:nl": null, "name:si": null, "alt_name": null, "junction": null, "designation": null, "man_made": null, "collection_times": null, "postal_code": null, "name:zh": null, "name:en": null, "atm": null, "ele": null, "brand:wikidata": null, "brand": null, "wikipedia": null, "wikidata": null, "opening_hours": null, "branch": null, "ref": null, "check_date": null, "addr:street": null, "addr:city": null, "operator": null, "name": "Nawana Post Office", "addr:postcode": null, "Date": "2015-01-01" }, "geometry": { "type": "Point", "coordinates": [ 80.0944376, 7.2713839 ] } },
{ "type": "Feature", "properties": { "fid": 151, "full_id": "n3737231773", "osm_id": "3737231773", "osm_type": "node", "amenity": "post_office", "survey:date": null, "wheelchair": null, "District": null, "addr:district": null, "office": null, "government": null, "addr:hamlet": null, "name:es": null, "description:zh": null, "post_office:type": null, "addr:housenumber": null, "phone": null, "name:ta": null, "name:nl": null, "name:si": null, "alt_name": null, "junction": null, "designation": null, "man_made": null, "collection_times": null, "postal_code": null, "name:zh": null, "name:en": null, "atm": null, "ele": null, "brand:wikidata": null, "brand": null, "wikipedia": null, "wikidata": null, "opening_hours": null, "branch": null, "ref": null, "check_date": null, "addr:street": "Colombo-Kandy Road", "addr:city": "kalagedihena", "operator": null, "name": "Kalagedihena Post Office", "addr:postcode": null, "Date": "2015-01-01" }, "geometry": { "type": "Point", "coordinates": [ 80.0578661, 7.1171325 ] } },
{ "type": "Feature", "properties": { "fid": 152, "full_id": "n3738516908", "osm_id": "3738516908", "osm_type": "node", "amenity": "post_office", "survey:date": null, "wheelchair": null, "District": null, "addr:district": null, "office": null, "government": null, "addr:hamlet": null, "name:es": null, "description:zh": null, "post_office:type": null, "addr:housenumber": null, "phone": null, "name:ta": null, "name:nl": null, "name:si": null, "alt_name": null, "junction": null, "designation": null, "man_made": null, "collection_times": null, "postal_code": null, "name:zh": null, "name:en": null, "atm": null, "ele": null, "brand:wikidata": null, "brand": null, "wikipedia": null, "wikidata": null, "opening_hours": null, "branch": null, "ref": null, "check_date": null, "addr:street": null, "addr:city": "Udahamulla", "operator": null, "name": "Sub Post Office", "addr:postcode": null, "Date": "2015-01-01" }, "geometry": { "type": "Point", "coordinates": [ 79.9130723, 6.8629543 ] } },
{ "type": "Feature", "properties": { "fid": 153, "full_id": "n3742258494", "osm_id": "3742258494", "osm_type": "node", "amenity": "post_office", "survey:date": null, "wheelchair": null, "District": null, "addr:district": null, "office": null, "government": null, "addr:hamlet": null, "name:es": null, "description:zh": null, "post_office:type": null, "addr:housenumber": null, "phone": null, "name:ta": null, "name:nl": null, "name:si": null, "alt_name": null, "junction": null, "designation": null, "man_made": null, "collection_times": null, "postal_code": null, "name:zh": null, "name:en": null, "atm": null, "ele": null, "brand:wikidata": null, "brand": null, "wikipedia": null, "wikidata": null, "opening_hours": null, "branch": null, "ref": null, "check_date": null, "addr:street": "Greenland Avenue", "addr:city": "Jawatte", "operator": null, "name": "Sub Post Office", "addr:postcode": null, "Date": "2015-01-01" }, "geometry": { "type": "Point", "coordinates": [ 79.8671223, 6.8912156 ] } },
{ "type": "Feature", "properties": { "fid": 154, "full_id": "n3744099168", "osm_id": "3744099168", "osm_type": "node", "amenity": "post_office", "survey:date": null, "wheelchair": null, "District": null, "addr:district": null, "office": null, "government": null, "addr:hamlet": null, "name:es": null, "description:zh": null, "post_office:type": null, "addr:housenumber": null, "phone": null, "name:ta": null, "name:nl": null, "name:si": null, "alt_name": null, "junction": null, "designation": null, "man_made": null, "collection_times": null, "postal_code": null, "name:zh": null, "name:en": null, "atm": null, "ele": null, "brand:wikidata": null, "brand": null, "wikipedia": null, "wikidata": null, "opening_hours": null, "branch": null, "ref": null, "check_date": null, "addr:street": null, "addr:city": "Galaboda", "operator": null, "name": "Galboda Sub Post Office", "addr:postcode": null, "Date": "2015-01-01" }, "geometry": { "type": "Point", "coordinates": [ 80.5307869, 6.9856404 ] } },
{ "type": "Feature", "properties": { "fid": 155, "full_id": "n3744161241", "osm_id": "3744161241", "osm_type": "node", "amenity": "post_office", "survey:date": null, "wheelchair": null, "District": null, "addr:district": null, "office": null, "government": null, "addr:hamlet": null, "name:es": null, "description:zh": null, "post_office:type": null, "addr:housenumber": null, "phone": null, "name:ta": null, "name:nl": null, "name:si": null, "alt_name": null, "junction": null, "designation": null, "man_made": null, "collection_times": null, "postal_code": null, "name:zh": null, "name:en": null, "atm": null, "ele": null, "brand:wikidata": null, "brand": null, "wikipedia": null, "wikidata": null, "opening_hours": null, "branch": null, "ref": null, "check_date": null, "addr:street": null, "addr:city": null, "operator": null, "name": "Dekinda Sub Post Office", "addr:postcode": null, "Date": "2015-01-01" }, "geometry": { "type": "Point", "coordinates": [ 80.5139783, 7.0123498 ] } },
{ "type": "Feature", "properties": { "fid": 156, "full_id": "n3746056425", "osm_id": "3746056425", "osm_type": "node", "amenity": "post_office", "survey:date": null, "wheelchair": null, "District": null, "addr:district": null, "office": null, "government": null, "addr:hamlet": null, "name:es": null, "description:zh": null, "post_office:type": null, "addr:housenumber": null, "phone": null, "name:ta": null, "name:nl": null, "name:si": null, "alt_name": null, "junction": null, "designation": null, "man_made": null, "collection_times": null, "postal_code": null, "name:zh": null, "name:en": null, "atm": null, "ele": null, "brand:wikidata": null, "brand": null, "wikipedia": null, "wikidata": null, "opening_hours": null, "branch": null, "ref": null, "check_date": null, "addr:street": null, "addr:city": "Bogahakumbura", "operator": null, "name": "Bogahakumbura Post Office", "addr:postcode": "90354", "Date": "2015-01-01" }, "geometry": { "type": "Point", "coordinates": [ 80.8754656, 6.8610491 ] } },
{ "type": "Feature", "properties": { "fid": 157, "full_id": "n3749250994", "osm_id": "3749250994", "osm_type": "node", "amenity": "post_office", "survey:date": null, "wheelchair": null, "District": null, "addr:district": null, "office": null, "government": null, "addr:hamlet": null, "name:es": null, "description:zh": null, "post_office:type": null, "addr:housenumber": null, "phone": null, "name:ta": null, "name:nl": null, "name:si": null, "alt_name": null, "junction": null, "designation": null, "man_made": null, "collection_times": null, "postal_code": null, "name:zh": null, "name:en": null, "atm": null, "ele": null, "brand:wikidata": null, "brand": null, "wikipedia": null, "wikidata": null, "opening_hours": null, "branch": null, "ref": null, "check_date": null, "addr:street": "Mapakanda North Cross Road", "addr:city": "Nawalapitiya", "operator": null, "name": "Mapakanda Sub Post Office", "addr:postcode": null, "Date": "2015-01-01" }, "geometry": { "type": "Point", "coordinates": [ 80.5324124, 7.0202488 ] } },
{ "type": "Feature", "properties": { "fid": 158, "full_id": "n3750293425", "osm_id": "3750293425", "osm_type": "node", "amenity": "post_office", "survey:date": null, "wheelchair": null, "District": null, "addr:district": null, "office": null, "government": null, "addr:hamlet": null, "name:es": null, "description:zh": null, "post_office:type": null, "addr:housenumber": null, "phone": null, "name:ta": null, "name:nl": null, "name:si": null, "alt_name": null, "junction": null, "designation": null, "man_made": null, "collection_times": null, "postal_code": null, "name:zh": null, "name:en": null, "atm": null, "ele": null, "brand:wikidata": null, "brand": null, "wikipedia": null, "wikidata": null, "opening_hours": null, "branch": null, "ref": null, "check_date": null, "addr:street": "Gampola-Dolosbage Road", "addr:city": "Kurunduwatta", "operator": null, "name": "Kurunduwatta  Post Office", "addr:postcode": null, "Date": "2015-01-01" }, "geometry": { "type": "Point", "coordinates": [ 80.5302459, 7.1279727 ] } },
{ "type": "Feature", "properties": { "fid": 159, "full_id": "n3753190325", "osm_id": "3753190325", "osm_type": "node", "amenity": "post_office", "survey:date": null, "wheelchair": null, "District": null, "addr:district": null, "office": null, "government": null, "addr:hamlet": null, "name:es": null, "description:zh": null, "post_office:type": null, "addr:housenumber": null, "phone": null, "name:ta": null, "name:nl": null, "name:si": null, "alt_name": null, "junction": null, "designation": null, "man_made": null, "collection_times": null, "postal_code": null, "name:zh": null, "name:en": null, "atm": null, "ele": null, "brand:wikidata": null, "brand": null, "wikipedia": null, "wikidata": null, "opening_hours": null, "branch": null, "ref": null, "check_date": null, "addr:street": "Mutuwella road", "addr:city": "Colombo", "operator": null, "name": "Post Office Modara", "addr:postcode": null, "Date": "2015-01-01" }, "geometry": { "type": "Point", "coordinates": [ 79.8670047, 6.9656974 ] } },
{ "type": "Feature", "properties": { "fid": 160, "full_id": "n3753611573", "osm_id": "3753611573", "osm_type": "node", "amenity": "post_office", "survey:date": null, "wheelchair": null, "District": null, "addr:district": null, "office": null, "government": null, "addr:hamlet": null, "name:es": null, "description:zh": null, "post_office:type": null, "addr:housenumber": null, "phone": null, "name:ta": null, "name:nl": null, "name:si": null, "alt_name": null, "junction": null, "designation": null, "man_made": null, "collection_times": null, "postal_code": null, "name:zh": null, "name:en": null, "atm": null, "ele": null, "brand:wikidata": null, "brand": null, "wikipedia": null, "wikidata": null, "opening_hours": null, "branch": null, "ref": null, "check_date": null, "addr:street": null, "addr:city": null, "operator": "SLPOST", "name": "Vavuniya Post Office", "addr:postcode": null, "Date": "2015-01-01" }, "geometry": { "type": "Point", "coordinates": [ 80.4984437, 8.7560063 ] } },
{ "type": "Feature", "properties": { "fid": 161, "full_id": "n3753926198", "osm_id": "3753926198", "osm_type": "node", "amenity": "post_office", "survey:date": null, "wheelchair": null, "District": null, "addr:district": null, "office": null, "government": null, "addr:hamlet": null, "name:es": null, "description:zh": null, "post_office:type": null, "addr:housenumber": null, "phone": null, "name:ta": null, "name:nl": null, "name:si": null, "alt_name": null, "junction": null, "designation": null, "man_made": null, "collection_times": null, "postal_code": null, "name:zh": null, "name:en": null, "atm": null, "ele": null, "brand:wikidata": null, "brand": null, "wikipedia": null, "wikidata": null, "opening_hours": null, "branch": null, "ref": null, "check_date": null, "addr:street": null, "addr:city": null, "operator": null, "name": "Dolosbage Post Office", "addr:postcode": null, "Date": "2015-01-01" }, "geometry": { "type": "Point", "coordinates": [ 80.4698958, 7.0828006 ] } },
{ "type": "Feature", "properties": { "fid": 162, "full_id": "n3754133603", "osm_id": "3754133603", "osm_type": "node", "amenity": "post_office", "survey:date": null, "wheelchair": null, "District": null, "addr:district": null, "office": null, "government": null, "addr:hamlet": null, "name:es": null, "description:zh": null, "post_office:type": null, "addr:housenumber": null, "phone": null, "name:ta": null, "name:nl": null, "name:si": null, "alt_name": null, "junction": null, "designation": null, "man_made": null, "collection_times": null, "postal_code": null, "name:zh": null, "name:en": null, "atm": null, "ele": null, "brand:wikidata": null, "brand": null, "wikipedia": null, "wikidata": null, "opening_hours": null, "branch": null, "ref": null, "check_date": null, "addr:street": null, "addr:city": "Pinnawala", "operator": null, "name": "Pinnawala Post Office", "addr:postcode": null, "Date": "2015-01-01" }, "geometry": { "type": "Point", "coordinates": [ 80.1199127, 6.8705708 ] } },
{ "type": "Feature", "properties": { "fid": 163, "full_id": "n3754409857", "osm_id": "3754409857", "osm_type": "node", "amenity": "post_office", "survey:date": null, "wheelchair": null, "District": null, "addr:district": null, "office": null, "government": null, "addr:hamlet": null, "name:es": null, "description:zh": null, "post_office:type": null, "addr:housenumber": null, "phone": null, "name:ta": null, "name:nl": null, "name:si": null, "alt_name": null, "junction": null, "designation": null, "man_made": null, "collection_times": null, "postal_code": null, "name:zh": null, "name:en": null, "atm": null, "ele": null, "brand:wikidata": null, "brand": null, "wikipedia": null, "wikidata": null, "opening_hours": null, "branch": null, "ref": null, "check_date": null, "addr:street": "nawalapitiya - Ginigathena Road", "addr:city": null, "operator": null, "name": "Rambukpitiya Sub Post Office", "addr:postcode": null, "Date": "2015-01-01" }, "geometry": { "type": "Point", "coordinates": [ 80.5092512, 7.0428708 ] } },
{ "type": "Feature", "properties": { "fid": 164, "full_id": "n3756803078", "osm_id": "3756803078", "osm_type": "node", "amenity": "post_office", "survey:date": null, "wheelchair": null, "District": null, "addr:district": null, "office": null, "government": null, "addr:hamlet": null, "name:es": null, "description:zh": null, "post_office:type": null, "addr:housenumber": null, "phone": null, "name:ta": null, "name:nl": null, "name:si": null, "alt_name": null, "junction": null, "designation": null, "man_made": null, "collection_times": null, "postal_code": null, "name:zh": null, "name:en": null, "atm": null, "ele": null, "brand:wikidata": null, "brand": null, "wikipedia": null, "wikidata": null, "opening_hours": null, "branch": null, "ref": null, "check_date": null, "addr:street": "Daulagala-Watadeniya Road", "addr:city": "Gamhatha", "operator": null, "name": "Gamhatha Sub Post Office", "addr:postcode": null, "Date": "2015-01-01" }, "geometry": { "type": "Point", "coordinates": [ 80.56195, 7.2012244 ] } },
{ "type": "Feature", "properties": { "fid": 165, "full_id": "n3756803226", "osm_id": "3756803226", "osm_type": "node", "amenity": "post_office", "survey:date": null, "wheelchair": null, "District": null, "addr:district": null, "office": null, "government": null, "addr:hamlet": null, "name:es": null, "description:zh": null, "post_office:type": null, "addr:housenumber": null, "phone": null, "name:ta": null, "name:nl": null, "name:si": null, "alt_name": null, "junction": null, "designation": null, "man_made": null, "collection_times": null, "postal_code": null, "name:zh": null, "name:en": null, "atm": null, "ele": null, "brand:wikidata": null, "brand": null, "wikipedia": null, "wikidata": null, "opening_hours": null, "branch": null, "ref": null, "check_date": null, "addr:street": "Daulagala-Watadeniya Road", "addr:city": "Velamboda", "operator": null, "name": "Post Office, Velamboda", "addr:postcode": null, "Date": "2015-01-01" }, "geometry": { "type": "Point", "coordinates": [ 80.5521683, 7.2031602 ] } },
{ "type": "Feature", "properties": { "fid": 166, "full_id": "n3756819882", "osm_id": "3756819882", "osm_type": "node", "amenity": "post_office", "survey:date": null, "wheelchair": null, "District": null, "addr:district": null, "office": null, "government": null, "addr:hamlet": null, "name:es": null, "description:zh": null, "post_office:type": null, "addr:housenumber": null, "phone": null, "name:ta": null, "name:nl": null, "name:si": null, "alt_name": null, "junction": null, "designation": null, "man_made": null, "collection_times": null, "postal_code": null, "name:zh": null, "name:en": null, "atm": null, "ele": null, "brand:wikidata": null, "brand": null, "wikipedia": null, "wikidata": null, "opening_hours": null, "branch": null, "ref": null, "check_date": null, "addr:street": "Peradeniya-Badulla Road", "addr:city": "Weligalla", "operator": null, "name": "Weligalla Post Office", "addr:postcode": null, "Date": "2015-01-01" }, "geometry": { "type": "Point", "coordinates": [ 80.5927912, 7.1898734 ] } },
{ "type": "Feature", "properties": { "fid": 167, "full_id": "n3756987074", "osm_id": "3756987074", "osm_type": "node", "amenity": "post_office", "survey:date": null, "wheelchair": null, "District": null, "addr:district": null, "office": null, "government": null, "addr:hamlet": null, "name:es": null, "description:zh": null, "post_office:type": null, "addr:housenumber": null, "phone": null, "name:ta": null, "name:nl": null, "name:si": null, "alt_name": null, "junction": null, "designation": null, "man_made": null, "collection_times": null, "postal_code": null, "name:zh": null, "name:en": null, "atm": null, "ele": null, "brand:wikidata": null, "brand": null, "wikipedia": null, "wikidata": null, "opening_hours": null, "branch": null, "ref": null, "check_date": null, "addr:street": null, "addr:city": "Gelioya", "operator": null, "name": "Post Office - Gelioya", "addr:postcode": null, "Date": "2015-01-01" }, "geometry": { "type": "Point", "coordinates": [ 80.5973481, 7.2156265 ] } },
{ "type": "Feature", "properties": { "fid": 168, "full_id": "n3769909323", "osm_id": "3769909323", "osm_type": "node", "amenity": "post_office", "survey:date": null, "wheelchair": null, "District": null, "addr:district": null, "office": null, "government": null, "addr:hamlet": null, "name:es": null, "description:zh": null, "post_office:type": null, "addr:housenumber": null, "phone": null, "name:ta": null, "name:nl": null, "name:si": null, "alt_name": null, "junction": null, "designation": null, "man_made": null, "collection_times": null, "postal_code": null, "name:zh": null, "name:en": null, "atm": null, "ele": null, "brand:wikidata": null, "brand": null, "wikipedia": null, "wikidata": null, "opening_hours": null, "branch": null, "ref": null, "check_date": null, "addr:street": "Nawalapitiya - Ginigathena Road", "addr:city": null, "operator": null, "name": "Balanthota Sub Post Office", "addr:postcode": null, "Date": "2015-01-01" }, "geometry": { "type": "Point", "coordinates": [ 80.5006543, 7.0285178 ] } },
{ "type": "Feature", "properties": { "fid": 169, "full_id": "n3769925247", "osm_id": "3769925247", "osm_type": "node", "amenity": "post_office", "survey:date": null, "wheelchair": null, "District": null, "addr:district": null, "office": null, "government": null, "addr:hamlet": null, "name:es": null, "description:zh": null, "post_office:type": null, "addr:housenumber": null, "phone": null, "name:ta": null, "name:nl": null, "name:si": null, "alt_name": null, "junction": null, "designation": null, "man_made": null, "collection_times": null, "postal_code": null, "name:zh": null, "name:en": null, "atm": null, "ele": null, "brand:wikidata": null, "brand": null, "wikipedia": null, "wikidata": null, "opening_hours": null, "branch": null, "ref": null, "check_date": null, "addr:street": null, "addr:city": null, "operator": null, "name": "Weligampola Sub Post Office", "addr:postcode": null, "Date": "2015-01-01" }, "geometry": { "type": "Point", "coordinates": [ 80.5236863, 7.043111 ] } },
{ "type": "Feature", "properties": { "fid": 170, "full_id": "n3769938239", "osm_id": "3769938239", "osm_type": "node", "amenity": "post_office", "survey:date": null, "wheelchair": null, "District": null, "addr:district": null, "office": null, "government": null, "addr:hamlet": null, "name:es": null, "description:zh": null, "post_office:type": null, "addr:housenumber": null, "phone": null, "name:ta": null, "name:nl": null, "name:si": null, "alt_name": null, "junction": null, "designation": null, "man_made": null, "collection_times": null, "postal_code": null, "name:zh": null, "name:en": null, "atm": null, "ele": null, "brand:wikidata": null, "brand": null, "wikipedia": null, "wikidata": null, "opening_hours": null, "branch": null, "ref": null, "check_date": null, "addr:street": null, "addr:city": null, "operator": null, "name": "Karahandungala Sub Post Office", "addr:postcode": null, "Date": "2015-01-01" }, "geometry": { "type": "Point", "coordinates": [ 80.5277922, 7.0492054 ] } },
{ "type": "Feature", "properties": { "fid": 171, "full_id": "n3769940203", "osm_id": "3769940203", "osm_type": "node", "amenity": "post_office", "survey:date": null, "wheelchair": null, "District": null, "addr:district": null, "office": null, "government": null, "addr:hamlet": null, "name:es": null, "description:zh": null, "post_office:type": null, "addr:housenumber": null, "phone": null, "name:ta": null, "name:nl": null, "name:si": null, "alt_name": null, "junction": null, "designation": null, "man_made": null, "collection_times": null, "postal_code": null, "name:zh": null, "name:en": null, "atm": null, "ele": null, "brand:wikidata": null, "brand": null, "wikipedia": null, "wikidata": null, "opening_hours": null, "branch": null, "ref": null, "check_date": null, "addr:street": null, "addr:city": "Nawalapitiya", "operator": null, "name": "Nawalapitiya Court Complex Sub Post Office", "addr:postcode": null, "Date": "2015-01-01" }, "geometry": { "type": "Point", "coordinates": [ 80.5370754, 7.0543389 ] } },
{ "type": "Feature", "properties": { "fid": 172, "full_id": "n3770161850", "osm_id": "3770161850", "osm_type": "node", "amenity": "post_office", "survey:date": null, "wheelchair": null, "District": null, "addr:district": null, "office": null, "government": null, "addr:hamlet": null, "name:es": null, "description:zh": null, "post_office:type": null, "addr:housenumber": null, "phone": null, "name:ta": null, "name:nl": null, "name:si": null, "alt_name": null, "junction": null, "designation": null, "man_made": null, "collection_times": null, "postal_code": null, "name:zh": null, "name:en": null, "atm": null, "ele": null, "brand:wikidata": null, "brand": null, "wikipedia": null, "wikidata": null, "opening_hours": null, "branch": null, "ref": null, "check_date": null, "addr:street": null, "addr:city": null, "operator": null, "name": "Post Office Beruwala", "addr:postcode": null, "Date": "2015-01-01" }, "geometry": { "type": "Point", "coordinates": [ 79.9835356, 6.4731227 ] } },
{ "type": "Feature", "properties": { "fid": 173, "full_id": "n3770166374", "osm_id": "3770166374", "osm_type": "node", "amenity": "post_office", "survey:date": null, "wheelchair": null, "District": null, "addr:district": null, "office": null, "government": null, "addr:hamlet": null, "name:es": null, "description:zh": null, "post_office:type": null, "addr:housenumber": null, "phone": null, "name:ta": null, "name:nl": null, "name:si": null, "alt_name": null, "junction": null, "designation": null, "man_made": null, "collection_times": null, "postal_code": null, "name:zh": null, "name:en": null, "atm": null, "ele": null, "brand:wikidata": null, "brand": null, "wikipedia": null, "wikidata": null, "opening_hours": null, "branch": null, "ref": null, "check_date": null, "addr:street": "gampola - Nawalapitiya Road", "addr:city": null, "operator": null, "name": "Pasbage Sub Post Office", "addr:postcode": null, "Date": "2015-01-01" }, "geometry": { "type": "Point", "coordinates": [ 80.5477569, 7.082754 ] } },
{ "type": "Feature", "properties": { "fid": 174, "full_id": "n3771331248", "osm_id": "3771331248", "osm_type": "node", "amenity": "post_office", "survey:date": null, "wheelchair": null, "District": null, "addr:district": null, "office": null, "government": null, "addr:hamlet": null, "name:es": null, "description:zh": null, "post_office:type": null, "addr:housenumber": null, "phone": null, "name:ta": null, "name:nl": null, "name:si": null, "alt_name": null, "junction": null, "designation": null, "man_made": null, "collection_times": null, "postal_code": null, "name:zh": null, "name:en": null, "atm": null, "ele": null, "brand:wikidata": null, "brand": null, "wikipedia": null, "wikidata": null, "opening_hours": null, "branch": null, "ref": null, "check_date": null, "addr:street": null, "addr:city": null, "operator": null, "name": null, "addr:postcode": null, "Date": "2015-01-01" }, "geometry": { "type": "Point", "coordinates": [ 80.7332778, 6.0446237 ] } },
{ "type": "Feature", "properties": { "fid": 175, "full_id": "n3771391547", "osm_id": "3771391547", "osm_type": "node", "amenity": "post_office", "survey:date": null, "wheelchair": null, "District": null, "addr:district": null, "office": null, "government": null, "addr:hamlet": null, "name:es": null, "description:zh": null, "post_office:type": null, "addr:housenumber": null, "phone": null, "name:ta": null, "name:nl": null, "name:si": null, "alt_name": null, "junction": null, "designation": null, "man_made": null, "collection_times": null, "postal_code": null, "name:zh": null, "name:en": null, "atm": null, "ele": null, "brand:wikidata": null, "brand": null, "wikipedia": null, "wikidata": null, "opening_hours": null, "branch": null, "ref": null, "check_date": null, "addr:street": null, "addr:city": null, "operator": null, "name": "Agency Post Office", "addr:postcode": null, "Date": "2015-01-01" }, "geometry": { "type": "Point", "coordinates": [ 80.7948785, 6.0281276 ] } },
{ "type": "Feature", "properties": { "fid": 176, "full_id": "n3776261858", "osm_id": "3776261858", "osm_type": "node", "amenity": "post_office", "survey:date": null, "wheelchair": null, "District": null, "addr:district": null, "office": null, "government": null, "addr:hamlet": null, "name:es": null, "description:zh": null, "post_office:type": null, "addr:housenumber": null, "phone": null, "name:ta": null, "name:nl": null, "name:si": null, "alt_name": null, "junction": null, "designation": null, "man_made": null, "collection_times": null, "postal_code": null, "name:zh": null, "name:en": null, "atm": null, "ele": null, "brand:wikidata": null, "brand": null, "wikipedia": null, "wikidata": null, "opening_hours": null, "branch": null, "ref": null, "check_date": null, "addr:street": "gampola-Nawalapitiya Road", "addr:city": "Ulapane", "operator": null, "name": "Ulapane Sub Post Office", "addr:postcode": null, "Date": "2015-01-01" }, "geometry": { "type": "Point", "coordinates": [ 80.5648655, 7.1115818 ] } },
{ "type": "Feature", "properties": { "fid": 177, "full_id": "n3784542836", "osm_id": "3784542836", "osm_type": "node", "amenity": "post_office", "survey:date": null, "wheelchair": null, "District": null, "addr:district": null, "office": null, "government": null, "addr:hamlet": null, "name:es": null, "description:zh": null, "post_office:type": null, "addr:housenumber": null, "phone": null, "name:ta": null, "name:nl": null, "name:si": null, "alt_name": null, "junction": null, "designation": null, "man_made": null, "collection_times": null, "postal_code": null, "name:zh": null, "name:en": null, "atm": null, "ele": null, "brand:wikidata": null, "brand": null, "wikipedia": null, "wikidata": null, "opening_hours": null, "branch": null, "ref": null, "check_date": null, "addr:street": "Peradeniya - Badulla - Chenkaladi Road", "addr:city": "Atabage", "operator": null, "name": "Atabage Sub Post Office", "addr:postcode": null, "Date": "2015-01-01" }, "geometry": { "type": "Point", "coordinates": [ 80.5979028, 7.1347731 ] } },
{ "type": "Feature", "properties": { "fid": 178, "full_id": "n3788636773", "osm_id": "3788636773", "osm_type": "node", "amenity": "post_office", "survey:date": null, "wheelchair": null, "District": null, "addr:district": null, "office": null, "government": null, "addr:hamlet": null, "name:es": null, "description:zh": null, "post_office:type": null, "addr:housenumber": null, "phone": null, "name:ta": null, "name:nl": null, "name:si": null, "alt_name": null, "junction": null, "designation": null, "man_made": null, "collection_times": null, "postal_code": null, "name:zh": null, "name:en": null, "atm": null, "ele": null, "brand:wikidata": null, "brand": null, "wikipedia": null, "wikidata": null, "opening_hours": null, "branch": null, "ref": null, "check_date": null, "addr:street": "Peradeniya - Badulla - Chenkaladi Road", "addr:city": "Pussellawa CP", "operator": null, "name": "Pussellawa Post Office", "addr:postcode": null, "Date": "2015-01-01" }, "geometry": { "type": "Point", "coordinates": [ 80.6344384, 7.1091576 ] } },
{ "type": "Feature", "properties": { "fid": 179, "full_id": "n3789958612", "osm_id": "3789958612", "osm_type": "node", "amenity": "post_office", "survey:date": null, "wheelchair": null, "District": null, "addr:district": null, "office": null, "government": null, "addr:hamlet": null, "name:es": null, "description:zh": null, "post_office:type": null, "addr:housenumber": null, "phone": null, "name:ta": null, "name:nl": null, "name:si": null, "alt_name": null, "junction": null, "designation": null, "man_made": null, "collection_times": null, "postal_code": null, "name:zh": null, "name:en": null, "atm": null, "ele": null, "brand:wikidata": null, "brand": null, "wikipedia": null, "wikidata": null, "opening_hours": "Mo-Sa 08:00-15:00", "branch": null, "ref": null, "check_date": null, "addr:street": "Kandy - Galaha - Deltota Road", "addr:city": "Galaha", "operator": null, "name": "Galaha Post Office", "addr:postcode": null, "Date": "2015-01-01" }, "geometry": { "type": "Point", "coordinates": [ 80.6686788, 7.1974561 ] } },
{ "type": "Feature", "properties": { "fid": 180, "full_id": "n3790064067", "osm_id": "3790064067", "osm_type": "node", "amenity": "post_office", "survey:date": null, "wheelchair": null, "District": null, "addr:district": null, "office": null, "government": null, "addr:hamlet": null, "name:es": null, "description:zh": null, "post_office:type": null, "addr:housenumber": null, "phone": null, "name:ta": null, "name:nl": null, "name:si": null, "alt_name": null, "junction": null, "designation": null, "man_made": null, "collection_times": null, "postal_code": null, "name:zh": null, "name:en": null, "atm": null, "ele": null, "brand:wikidata": null, "brand": null, "wikipedia": null, "wikidata": null, "opening_hours": null, "branch": null, "ref": null, "check_date": null, "addr:street": "Galaha - Pupuressa R", "addr:city": null, "operator": null, "name": "Mahamulgama Sub Post Office", "addr:postcode": null, "Date": "2015-01-01" }, "geometry": { "type": "Point", "coordinates": [ 80.6746331, 7.1464074 ] } },
{ "type": "Feature", "properties": { "fid": 181, "full_id": "n3790080119", "osm_id": "3790080119", "osm_type": "node", "amenity": "post_office", "survey:date": null, "wheelchair": null, "District": null, "addr:district": null, "office": null, "government": null, "addr:hamlet": null, "name:es": null, "description:zh": null, "post_office:type": null, "addr:housenumber": null, "phone": null, "name:ta": null, "name:nl": null, "name:si": null, "alt_name": null, "junction": null, "designation": null, "man_made": null, "collection_times": null, "postal_code": null, "name:zh": null, "name:en": null, "atm": null, "ele": null, "brand:wikidata": null, "brand": null, "wikipedia": null, "wikidata": null, "opening_hours": null, "branch": null, "ref": null, "check_date": null, "addr:street": "gampola - Pupuressa Rd", "addr:city": "Panwilatenna", "operator": null, "name": "Panwilatenna Post Office", "addr:postcode": null, "Date": "2015-01-01" }, "geometry": { "type": "Point", "coordinates": [ 80.6329765, 7.1558944 ] } },
{ "type": "Feature", "properties": { "fid": 182, "full_id": "n3803538397", "osm_id": "3803538397", "osm_type": "node", "amenity": "post_office", "survey:date": null, "wheelchair": null, "District": null, "addr:district": null, "office": null, "government": null, "addr:hamlet": null, "name:es": null, "description:zh": null, "post_office:type": null, "addr:housenumber": null, "phone": null, "name:ta": null, "name:nl": null, "name:si": null, "alt_name": null, "junction": null, "designation": null, "man_made": null, "collection_times": null, "postal_code": null, "name:zh": null, "name:en": null, "atm": null, "ele": null, "brand:wikidata": null, "brand": null, "wikipedia": null, "wikidata": null, "opening_hours": null, "branch": null, "ref": null, "check_date": null, "addr:street": null, "addr:city": null, "operator": null, "name": "Dunukeulla Sub Post Office", "addr:postcode": null, "Date": "2015-01-01" }, "geometry": { "type": "Point", "coordinates": [ 80.6377882, 7.1332466 ] } },
{ "type": "Feature", "properties": { "fid": 183, "full_id": "n3804899637", "osm_id": "3804899637", "osm_type": "node", "amenity": "post_office", "survey:date": null, "wheelchair": null, "District": null, "addr:district": null, "office": null, "government": null, "addr:hamlet": null, "name:es": null, "description:zh": null, "post_office:type": null, "addr:housenumber": null, "phone": null, "name:ta": null, "name:nl": null, "name:si": null, "alt_name": null, "junction": null, "designation": null, "man_made": null, "collection_times": null, "postal_code": null, "name:zh": null, "name:en": null, "atm": null, "ele": null, "brand:wikidata": null, "brand": null, "wikipedia": null, "wikidata": null, "opening_hours": null, "branch": null, "ref": null, "check_date": null, "addr:street": "Marassana - Kolabissa Rd", "addr:city": null, "operator": null, "name": "Kolabissa Sub Post Office", "addr:postcode": null, "Date": "2015-01-01" }, "geometry": { "type": "Point", "coordinates": [ 80.7417735, 7.1805337 ] } },
{ "type": "Feature", "properties": { "fid": 184, "full_id": "n3804899640", "osm_id": "3804899640", "osm_type": "node", "amenity": "post_office", "survey:date": null, "wheelchair": null, "District": null, "addr:district": null, "office": null, "government": null, "addr:hamlet": null, "name:es": null, "description:zh": null, "post_office:type": null, "addr:housenumber": null, "phone": null, "name:ta": null, "name:nl": null, "name:si": null, "alt_name": null, "junction": null, "designation": null, "man_made": null, "collection_times": null, "postal_code": null, "name:zh": null, "name:en": null, "atm": null, "ele": null, "brand:wikidata": null, "brand": null, "wikipedia": null, "wikidata": null, "opening_hours": null, "branch": null, "ref": null, "check_date": null, "addr:street": "marassana - Kolabissa Rd", "addr:city": null, "operator": null, "name": "Pothgoda Sub Post Office", "addr:postcode": null, "Date": "2015-01-01" }, "geometry": { "type": "Point", "coordinates": [ 80.7428943, 7.1955178 ] } },
{ "type": "Feature", "properties": { "fid": 185, "full_id": "n3804899642", "osm_id": "3804899642", "osm_type": "node", "amenity": "post_office", "survey:date": null, "wheelchair": null, "District": null, "addr:district": null, "office": null, "government": null, "addr:hamlet": null, "name:es": null, "description:zh": null, "post_office:type": null, "addr:housenumber": null, "phone": null, "name:ta": null, "name:nl": null, "name:si": null, "alt_name": null, "junction": null, "designation": null, "man_made": null, "collection_times": null, "postal_code": null, "name:zh": null, "name:en": null, "atm": null, "ele": null, "brand:wikidata": null, "brand": null, "wikipedia": null, "wikidata": null, "opening_hours": null, "branch": null, "ref": null, "check_date": null, "addr:street": "Thalatuoya - Marassana Rd", "addr:city": "Marassana", "operator": null, "name": "Marassana Post Office", "addr:postcode": null, "Date": "2015-01-01" }, "geometry": { "type": "Point", "coordinates": [ 80.7389674, 7.2170329 ] } },
{ "type": "Feature", "properties": { "fid": 186, "full_id": "n3804899909", "osm_id": "3804899909", "osm_type": "node", "amenity": "post_office", "survey:date": null, "wheelchair": null, "District": null, "addr:district": null, "office": null, "government": null, "addr:hamlet": null, "name:es": null, "description:zh": null, "post_office:type": null, "addr:housenumber": null, "phone": null, "name:ta": null, "name:nl": null, "name:si": null, "alt_name": null, "junction": null, "designation": null, "man_made": null, "collection_times": null, "postal_code": null, "name:zh": null, "name:en": null, "atm": null, "ele": null, "brand:wikidata": null, "brand": null, "wikipedia": null, "wikidata": null, "opening_hours": null, "branch": null, "ref": null, "check_date": null, "addr:street": null, "addr:city": null, "operator": null, "name": "Ududeniya Sub Post Office", "addr:postcode": null, "Date": "2015-01-01" }, "geometry": { "type": "Point", "coordinates": [ 80.7422035, 7.2025571 ] } },
{ "type": "Feature", "properties": { "fid": 187, "full_id": "n3805044385", "osm_id": "3805044385", "osm_type": "node", "amenity": "post_office", "survey:date": null, "wheelchair": null, "District": null, "addr:district": null, "office": null, "government": null, "addr:hamlet": null, "name:es": null, "description:zh": null, "post_office:type": null, "addr:housenumber": null, "phone": null, "name:ta": null, "name:nl": null, "name:si": null, "alt_name": null, "junction": null, "designation": null, "man_made": null, "collection_times": null, "postal_code": null, "name:zh": null, "name:en": null, "atm": null, "ele": null, "brand:wikidata": null, "brand": null, "wikipedia": null, "wikidata": null, "opening_hours": null, "branch": null, "ref": null, "check_date": null, "addr:street": null, "addr:city": null, "operator": null, "name": "Mahamedagama Sub Post office", "addr:postcode": null, "Date": "2015-01-01" }, "geometry": { "type": "Point", "coordinates": [ 80.7141972, 7.2216576 ] } },
{ "type": "Feature", "properties": { "fid": 188, "full_id": "n3806188373", "osm_id": "3806188373", "osm_type": "node", "amenity": "post_office", "survey:date": null, "wheelchair": null, "District": null, "addr:district": null, "office": null, "government": null, "addr:hamlet": null, "name:es": null, "description:zh": null, "post_office:type": null, "addr:housenumber": null, "phone": null, "name:ta": null, "name:nl": null, "name:si": null, "alt_name": null, "junction": null, "designation": null, "man_made": null, "collection_times": null, "postal_code": null, "name:zh": null, "name:en": null, "atm": null, "ele": null, "brand:wikidata": null, "brand": null, "wikipedia": null, "wikidata": null, "opening_hours": null, "branch": null, "ref": null, "check_date": null, "addr:street": "mudunakade - Bowlana Rd", "addr:city": "Godamunna", "operator": null, "name": "Godamunna Sub Post Office", "addr:postcode": null, "Date": "2015-01-01" }, "geometry": { "type": "Point", "coordinates": [ 80.7016235, 7.2305534 ] } },
{ "type": "Feature", "properties": { "fid": 189, "full_id": "n3808120379", "osm_id": "3808120379", "osm_type": "node", "amenity": "post_office", "survey:date": null, "wheelchair": null, "District": null, "addr:district": null, "office": null, "government": null, "addr:hamlet": null, "name:es": null, "description:zh": null, "post_office:type": null, "addr:housenumber": null, "phone": null, "name:ta": null, "name:nl": null, "name:si": null, "alt_name": null, "junction": null, "designation": null, "man_made": null, "collection_times": null, "postal_code": null, "name:zh": null, "name:en": null, "atm": null, "ele": null, "brand:wikidata": null, "brand": null, "wikipedia": null, "wikidata": null, "opening_hours": null, "branch": null, "ref": null, "check_date": null, "addr:street": "Moragolla-Galaha Road", "addr:city": null, "operator": null, "name": "Nugaliyadda Sub Post Office", "addr:postcode": null, "Date": "2015-01-01" }, "geometry": { "type": "Point", "coordinates": [ 80.6806444, 7.2257569 ] } },
{ "type": "Feature", "properties": { "fid": 190, "full_id": "n3808120381", "osm_id": "3808120381", "osm_type": "node", "amenity": "post_office", "survey:date": null, "wheelchair": null, "District": null, "addr:district": null, "office": null, "government": null, "addr:hamlet": null, "name:es": null, "description:zh": null, "post_office:type": null, "addr:housenumber": null, "phone": null, "name:ta": null, "name:nl": null, "name:si": null, "alt_name": null, "junction": null, "designation": null, "man_made": null, "collection_times": null, "postal_code": null, "name:zh": null, "name:en": null, "atm": null, "ele": null, "brand:wikidata": null, "brand": null, "wikipedia": null, "wikidata": null, "opening_hours": null, "branch": null, "ref": null, "check_date": null, "addr:street": "Kandy-Kirimetiya Rd", "addr:city": null, "operator": null, "name": "Ankelipitiya Sub Post Office", "addr:postcode": null, "Date": "2015-01-01" }, "geometry": { "type": "Point", "coordinates": [ 80.6870811, 7.2371692 ] } },
{ "type": "Feature", "properties": { "fid": 191, "full_id": "n3808122380", "osm_id": "3808122380", "osm_type": "node", "amenity": "post_office", "survey:date": null, "wheelchair": null, "District": null, "addr:district": null, "office": null, "government": null, "addr:hamlet": null, "name:es": null, "description:zh": null, "post_office:type": null, "addr:housenumber": null, "phone": null, "name:ta": null, "name:nl": null, "name:si": null, "alt_name": null, "junction": null, "designation": null, "man_made": null, "collection_times": null, "postal_code": null, "name:zh": null, "name:en": null, "atm": null, "ele": null, "brand:wikidata": null, "brand": null, "wikipedia": null, "wikidata": null, "opening_hours": null, "branch": null, "ref": null, "check_date": null, "addr:street": "ankelipitiya - Etulgama Rd", "addr:city": null, "operator": null, "name": "Etulgama Sub Post Office", "addr:postcode": null, "Date": "2015-01-01" }, "geometry": { "type": "Point", "coordinates": [ 80.668722, 7.2397584 ] } },
{ "type": "Feature", "properties": { "fid": 192, "full_id": "n3819204468", "osm_id": "3819204468", "osm_type": "node", "amenity": "post_office", "survey:date": null, "wheelchair": null, "District": null, "addr:district": null, "office": null, "government": null, "addr:hamlet": null, "name:es": null, "description:zh": null, "post_office:type": null, "addr:housenumber": null, "phone": null, "name:ta": null, "name:nl": null, "name:si": null, "alt_name": null, "junction": null, "designation": null, "man_made": null, "collection_times": null, "postal_code": null, "name:zh": null, "name:en": null, "atm": null, "ele": null, "brand:wikidata": null, "brand": null, "wikipedia": null, "wikidata": null, "opening_hours": null, "branch": null, "ref": null, "check_date": null, "addr:street": null, "addr:city": null, "operator": null, "name": "Thaldena Sub Post Office", "addr:postcode": null, "Date": "2015-01-01" }, "geometry": { "type": "Point", "coordinates": [ 81.0466936, 7.0886391 ] } },
{ "type": "Feature", "properties": { "fid": 193, "full_id": "n3840345615", "osm_id": "3840345615", "osm_type": "node", "amenity": "post_office", "survey:date": null, "wheelchair": null, "District": null, "addr:district": null, "office": null, "government": null, "addr:hamlet": null, "name:es": null, "description:zh": null, "post_office:type": null, "addr:housenumber": null, "phone": null, "name:ta": null, "name:nl": null, "name:si": null, "alt_name": null, "junction": null, "designation": null, "man_made": null, "collection_times": null, "postal_code": null, "name:zh": null, "name:en": null, "atm": null, "ele": null, "brand:wikidata": null, "brand": null, "wikipedia": null, "wikidata": null, "opening_hours": null, "branch": null, "ref": null, "check_date": null, "addr:street": "Galagedara-Rambukkana Road", "addr:city": "Galagedara CP", "operator": null, "name": "Galagedara Post Office", "addr:postcode": null, "Date": "2015-01-01" }, "geometry": { "type": "Point", "coordinates": [ 80.5248983, 7.3725165 ] } },
{ "type": "Feature", "properties": { "fid": 194, "full_id": "n3848579770", "osm_id": "3848579770", "osm_type": "node", "amenity": "post_office", "survey:date": null, "wheelchair": null, "District": null, "addr:district": null, "office": null, "government": null, "addr:hamlet": null, "name:es": null, "description:zh": null, "post_office:type": null, "addr:housenumber": null, "phone": null, "name:ta": null, "name:nl": null, "name:si": null, "alt_name": null, "junction": null, "designation": null, "man_made": null, "collection_times": null, "postal_code": null, "name:zh": null, "name:en": null, "atm": null, "ele": null, "brand:wikidata": null, "brand": null, "wikipedia": null, "wikidata": null, "opening_hours": null, "branch": null, "ref": null, "check_date": null, "addr:street": "Arambekade to Bokkawala", "addr:city": "Bokkawala", "operator": null, "name": "Bokkawala Post Office", "addr:postcode": null, "Date": "2015-01-01" }, "geometry": { "type": "Point", "coordinates": [ 80.5537441, 7.3931773 ] } },
{ "type": "Feature", "properties": { "fid": 195, "full_id": "n3848642665", "osm_id": "3848642665", "osm_type": "node", "amenity": "post_office", "survey:date": null, "wheelchair": null, "District": null, "addr:district": null, "office": null, "government": null, "addr:hamlet": null, "name:es": null, "description:zh": null, "post_office:type": null, "addr:housenumber": null, "phone": null, "name:ta": null, "name:nl": null, "name:si": null, "alt_name": null, "junction": null, "designation": null, "man_made": null, "collection_times": null, "postal_code": null, "name:zh": null, "name:en": null, "atm": null, "ele": null, "brand:wikidata": null, "brand": null, "wikipedia": null, "wikidata": null, "opening_hours": null, "branch": null, "ref": null, "check_date": null, "addr:street": "Alawathugoda-Ankumbura-Keppetigala Road", "addr:city": "Ankumbura", "operator": null, "name": "Ankumbura Post Office", "addr:postcode": null, "Date": "2015-01-01" }, "geometry": { "type": "Point", "coordinates": [ 80.5703315, 7.4392497 ] } },
{ "type": "Feature", "properties": { "fid": 196, "full_id": "n3855878163", "osm_id": "3855878163", "osm_type": "node", "amenity": "post_office", "survey:date": null, "wheelchair": null, "District": null, "addr:district": null, "office": null, "government": null, "addr:hamlet": null, "name:es": null, "description:zh": null, "post_office:type": null, "addr:housenumber": null, "phone": null, "name:ta": null, "name:nl": null, "name:si": null, "alt_name": null, "junction": null, "designation": null, "man_made": null, "collection_times": null, "postal_code": null, "name:zh": null, "name:en": null, "atm": null, "ele": null, "brand:wikidata": null, "brand": null, "wikipedia": null, "wikidata": null, "opening_hours": null, "branch": null, "ref": null, "check_date": null, "addr:street": "Alawathugoda-Ankumbura-Keppetigala Road", "addr:city": "Alawatugoda", "operator": null, "name": "Alawathugoda Post Office", "addr:postcode": null, "Date": "2015-01-01" }, "geometry": { "type": "Point", "coordinates": [ 80.6079087, 7.4092957 ] } },
{ "type": "Feature", "properties": { "fid": 197, "full_id": "n3856393381", "osm_id": "3856393381", "osm_type": "node", "amenity": "post_office", "survey:date": null, "wheelchair": null, "District": null, "addr:district": null, "office": null, "government": null, "addr:hamlet": null, "name:es": null, "description:zh": null, "post_office:type": null, "addr:housenumber": null, "phone": null, "name:ta": null, "name:nl": null, "name:si": null, "alt_name": null, "junction": null, "designation": null, "man_made": null, "collection_times": null, "postal_code": null, "name:zh": null, "name:en": null, "atm": null, "ele": null, "brand:wikidata": null, "brand": null, "wikipedia": null, "wikidata": null, "opening_hours": null, "branch": null, "ref": null, "check_date": null, "addr:street": "Kandy-Jaffna Road", "addr:city": "Akurana", "operator": null, "name": "Akurana Post Office", "addr:postcode": null, "Date": "2015-01-01" }, "geometry": { "type": "Point", "coordinates": [ 80.6189732, 7.3645214 ] } },
{ "type": "Feature", "properties": { "fid": 198, "full_id": "n3870413550", "osm_id": "3870413550", "osm_type": "node", "amenity": "post_office", "survey:date": null, "wheelchair": null, "District": null, "addr:district": null, "office": null, "government": null, "addr:hamlet": null, "name:es": null, "description:zh": null, "post_office:type": null, "addr:housenumber": null, "phone": null, "name:ta": null, "name:nl": null, "name:si": null, "alt_name": null, "junction": null, "designation": null, "man_made": null, "collection_times": null, "postal_code": null, "name:zh": null, "name:en": null, "atm": null, "ele": null, "brand:wikidata": null, "brand": null, "wikipedia": null, "wikidata": null, "opening_hours": null, "branch": null, "ref": null, "check_date": null, "addr:street": "Pitiyagedera - Wattegama - Iriyagastenne Road", "addr:city": "Wattegama", "operator": null, "name": "Wattegama Post Office", "addr:postcode": null, "Date": "2015-01-01" }, "geometry": { "type": "Point", "coordinates": [ 80.6813152, 7.3503944 ] } },
{ "type": "Feature", "properties": { "fid": 199, "full_id": "n3871282315", "osm_id": "3871282315", "osm_type": "node", "amenity": "post_office", "survey:date": null, "wheelchair": null, "District": null, "addr:district": null, "office": null, "government": null, "addr:hamlet": null, "name:es": null, "description:zh": null, "post_office:type": null, "addr:housenumber": null, "phone": null, "name:ta": null, "name:nl": null, "name:si": null, "alt_name": null, "junction": null, "designation": null, "man_made": null, "collection_times": null, "postal_code": null, "name:zh": null, "name:en": null, "atm": null, "ele": null, "brand:wikidata": null, "brand": null, "wikipedia": null, "wikidata": null, "opening_hours": null, "branch": null, "ref": null, "check_date": null, "addr:street": "George R. De Silva Mawatha", "addr:city": null, "operator": null, "name": "Kortahena Post Office", "addr:postcode": null, "Date": "2015-01-01" }, "geometry": { "type": "Point", "coordinates": [ 79.8639721, 6.9453541 ] } },
{ "type": "Feature", "properties": { "fid": 200, "full_id": "n3916676765", "osm_id": "3916676765", "osm_type": "node", "amenity": "post_office", "survey:date": null, "wheelchair": null, "District": null, "addr:district": null, "office": null, "government": null, "addr:hamlet": null, "name:es": null, "description:zh": null, "post_office:type": null, "addr:housenumber": null, "phone": null, "name:ta": null, "name:nl": null, "name:si": null, "alt_name": null, "junction": null, "designation": null, "man_made": null, "collection_times": null, "postal_code": null, "name:zh": null, "name:en": null, "atm": null, "ele": null, "brand:wikidata": null, "brand": null, "wikipedia": null, "wikidata": null, "opening_hours": null, "branch": null, "ref": null, "check_date": null, "addr:street": null, "addr:city": null, "operator": null, "name": "Getamaanna", "addr:postcode": null, "Date": "2015-01-01" }, "geometry": { "type": "Point", "coordinates": [ 80.6789551, 6.0415496 ] } },
{ "type": "Feature", "properties": { "fid": 201, "full_id": "n3919771480", "osm_id": "3919771480", "osm_type": "node", "amenity": "post_office", "survey:date": null, "wheelchair": null, "District": null, "addr:district": null, "office": null, "government": null, "addr:hamlet": null, "name:es": null, "description:zh": null, "post_office:type": null, "addr:housenumber": null, "phone": null, "name:ta": null, "name:nl": null, "name:si": null, "alt_name": null, "junction": null, "designation": null, "man_made": null, "collection_times": null, "postal_code": null, "name:zh": null, "name:en": null, "atm": null, "ele": null, "brand:wikidata": null, "brand": null, "wikipedia": null, "wikidata": null, "opening_hours": null, "branch": null, "ref": null, "check_date": null, "addr:street": null, "addr:city": null, "operator": null, "name": "Sub post office", "addr:postcode": null, "Date": "2015-01-01" }, "geometry": { "type": "Point", "coordinates": [ 79.9440875, 7.0660403 ] } },
{ "type": "Feature", "properties": { "fid": 202, "full_id": "n3926651396", "osm_id": "3926651396", "osm_type": "node", "amenity": "post_office", "survey:date": null, "wheelchair": null, "District": null, "addr:district": null, "office": null, "government": null, "addr:hamlet": null, "name:es": null, "description:zh": null, "post_office:type": null, "addr:housenumber": null, "phone": null, "name:ta": null, "name:nl": null, "name:si": null, "alt_name": null, "junction": null, "designation": null, "man_made": null, "collection_times": null, "postal_code": null, "name:zh": null, "name:en": null, "atm": null, "ele": null, "brand:wikidata": null, "brand": null, "wikipedia": null, "wikidata": null, "opening_hours": null, "branch": null, "ref": null, "check_date": null, "addr:street": null, "addr:city": null, "operator": null, "name": "Post Office Ambalangoda", "addr:postcode": null, "Date": "2015-01-01" }, "geometry": { "type": "Point", "coordinates": [ 80.0527964, 6.2378129 ] } },
{ "type": "Feature", "properties": { "fid": 203, "full_id": "n3958960708", "osm_id": "3958960708", "osm_type": "node", "amenity": "post_office", "survey:date": null, "wheelchair": null, "District": null, "addr:district": null, "office": null, "government": null, "addr:hamlet": null, "name:es": null, "description:zh": null, "post_office:type": null, "addr:housenumber": null, "phone": null, "name:ta": null, "name:nl": null, "name:si": null, "alt_name": null, "junction": null, "designation": null, "man_made": null, "collection_times": null, "postal_code": null, "name:zh": null, "name:en": null, "atm": null, "ele": null, "brand:wikidata": null, "brand": null, "wikipedia": null, "wikidata": null, "opening_hours": null, "branch": null, "ref": null, "check_date": null, "addr:street": null, "addr:city": null, "operator": "SLPost", "name": "Palai Post Office", "addr:postcode": null, "Date": "2015-01-01" }, "geometry": { "type": "Point", "coordinates": [ 80.3290032, 9.6100903 ] } },
{ "type": "Feature", "properties": { "fid": 204, "full_id": "n3981766032", "osm_id": "3981766032", "osm_type": "node", "amenity": "post_office", "survey:date": null, "wheelchair": null, "District": null, "addr:district": null, "office": null, "government": null, "addr:hamlet": null, "name:es": null, "description:zh": null, "post_office:type": null, "addr:housenumber": null, "phone": null, "name:ta": null, "name:nl": null, "name:si": null, "alt_name": null, "junction": null, "designation": null, "man_made": null, "collection_times": null, "postal_code": null, "name:zh": null, "name:en": null, "atm": null, "ele": null, "brand:wikidata": null, "brand": null, "wikipedia": null, "wikidata": null, "opening_hours": null, "branch": null, "ref": null, "check_date": null, "addr:street": null, "addr:city": null, "operator": null, "name": "Nugawela Sub Post Office", "addr:postcode": null, "Date": "2015-01-01" }, "geometry": { "type": "Point", "coordinates": [ 80.5866257, 7.3265057 ] } },
{ "type": "Feature", "properties": { "fid": 205, "full_id": "n3992505862", "osm_id": "3992505862", "osm_type": "node", "amenity": "post_office", "survey:date": null, "wheelchair": null, "District": null, "addr:district": null, "office": null, "government": null, "addr:hamlet": null, "name:es": null, "description:zh": null, "post_office:type": null, "addr:housenumber": null, "phone": null, "name:ta": null, "name:nl": null, "name:si": null, "alt_name": null, "junction": null, "designation": null, "man_made": null, "collection_times": null, "postal_code": null, "name:zh": null, "name:en": null, "atm": null, "ele": null, "brand:wikidata": null, "brand": null, "wikipedia": null, "wikidata": null, "opening_hours": null, "branch": null, "ref": null, "check_date": null, "addr:street": null, "addr:city": null, "operator": null, "name": null, "addr:postcode": null, "Date": "2015-01-01" }, "geometry": { "type": "Point", "coordinates": [ 81.7147514, 7.2408108 ] } },
{ "type": "Feature", "properties": { "fid": 206, "full_id": "n3998553995", "osm_id": "3998553995", "osm_type": "node", "amenity": "post_office", "survey:date": null, "wheelchair": null, "District": null, "addr:district": null, "office": null, "government": null, "addr:hamlet": null, "name:es": null, "description:zh": null, "post_office:type": null, "addr:housenumber": null, "phone": null, "name:ta": null, "name:nl": null, "name:si": null, "alt_name": null, "junction": null, "designation": null, "man_made": null, "collection_times": null, "postal_code": null, "name:zh": null, "name:en": null, "atm": null, "ele": null, "brand:wikidata": null, "brand": null, "wikipedia": null, "wikidata": null, "opening_hours": null, "branch": null, "ref": null, "check_date": null, "addr:street": null, "addr:city": null, "operator": null, "name": "Post Office", "addr:postcode": null, "Date": "2015-01-01" }, "geometry": { "type": "Point", "coordinates": [ 81.752314, 7.2057891 ] } },
{ "type": "Feature", "properties": { "fid": 207, "full_id": "n4015957422", "osm_id": "4015957422", "osm_type": "node", "amenity": "post_office", "survey:date": null, "wheelchair": null, "District": null, "addr:district": null, "office": null, "government": null, "addr:hamlet": null, "name:es": null, "description:zh": null, "post_office:type": null, "addr:housenumber": null, "phone": null, "name:ta": null, "name:nl": null, "name:si": null, "alt_name": null, "junction": null, "designation": null, "man_made": null, "collection_times": null, "postal_code": null, "name:zh": null, "name:en": null, "atm": null, "ele": null, "brand:wikidata": null, "brand": null, "wikipedia": null, "wikidata": null, "opening_hours": null, "branch": null, "ref": null, "check_date": null, "addr:street": "Gallella Rd", "addr:city": null, "operator": null, "name": "Gallellagama Post Office", "addr:postcode": null, "Date": "2015-01-01" }, "geometry": { "type": "Point", "coordinates": [ 80.5511206, 7.3788964 ] } },
{ "type": "Feature", "properties": { "fid": 208, "full_id": "n4016196443", "osm_id": "4016196443", "osm_type": "node", "amenity": "post_office", "survey:date": null, "wheelchair": null, "District": null, "addr:district": null, "office": null, "government": null, "addr:hamlet": null, "name:es": null, "description:zh": null, "post_office:type": null, "addr:housenumber": null, "phone": null, "name:ta": null, "name:nl": null, "name:si": null, "alt_name": null, "junction": null, "designation": null, "man_made": null, "collection_times": null, "postal_code": null, "name:zh": null, "name:en": null, "atm": null, "ele": null, "brand:wikidata": null, "brand": null, "wikipedia": null, "wikidata": null, "opening_hours": null, "branch": null, "ref": null, "check_date": null, "addr:street": "Katugasthota-Kurunegala-Puttalam Road", "addr:city": null, "operator": null, "name": "thiththapajjala maha piriwena", "addr:postcode": null, "Date": "2015-01-01" }, "geometry": { "type": "Point", "coordinates": [ 80.5816563, 7.3290263 ] } },
{ "type": "Feature", "properties": { "fid": 209, "full_id": "n4016196447", "osm_id": "4016196447", "osm_type": "node", "amenity": "post_office", "survey:date": null, "wheelchair": null, "District": null, "addr:district": null, "office": null, "government": null, "addr:hamlet": null, "name:es": null, "description:zh": null, "post_office:type": null, "addr:housenumber": null, "phone": null, "name:ta": null, "name:nl": null, "name:si": null, "alt_name": null, "junction": null, "designation": null, "man_made": null, "collection_times": null, "postal_code": null, "name:zh": null, "name:en": null, "atm": null, "ele": null, "brand:wikidata": null, "brand": null, "wikipedia": null, "wikidata": null, "opening_hours": null, "branch": null, "ref": null, "check_date": null, "addr:street": "Katugasthota-Kurunegala-Puttalam Road", "addr:city": null, "operator": null, "name": "Wathuwala Sub Post Office", "addr:postcode": null, "Date": "2015-01-01" }, "geometry": { "type": "Point", "coordinates": [ 80.6018452, 7.3240861 ] } },
{ "type": "Feature", "properties": { "fid": 210, "full_id": "n4025881628", "osm_id": "4025881628", "osm_type": "node", "amenity": "post_office", "survey:date": null, "wheelchair": null, "District": null, "addr:district": null, "office": null, "government": null, "addr:hamlet": null, "name:es": null, "description:zh": null, "post_office:type": null, "addr:housenumber": null, "phone": null, "name:ta": null, "name:nl": null, "name:si": null, "alt_name": null, "junction": null, "designation": null, "man_made": null, "collection_times": null, "postal_code": null, "name:zh": null, "name:en": null, "atm": null, "ele": null, "brand:wikidata": null, "brand": null, "wikipedia": null, "wikidata": null, "opening_hours": null, "branch": null, "ref": null, "check_date": "2024-08-22", "addr:street": "Heerassagala Road", "addr:city": null, "operator": null, "name": "Mulgampola Post Office", "addr:postcode": null, "Date": "2015-01-01" }, "geometry": { "type": "Point", "coordinates": [ 80.6183276, 7.2780561 ] } },
{ "type": "Feature", "properties": { "fid": 211, "full_id": "n4036017801", "osm_id": "4036017801", "osm_type": "node", "amenity": "post_office", "survey:date": null, "wheelchair": null, "District": null, "addr:district": null, "office": null, "government": null, "addr:hamlet": null, "name:es": null, "description:zh": null, "post_office:type": null, "addr:housenumber": null, "phone": null, "name:ta": null, "name:nl": null, "name:si": null, "alt_name": null, "junction": null, "designation": null, "man_made": null, "collection_times": null, "postal_code": null, "name:zh": null, "name:en": null, "atm": null, "ele": null, "brand:wikidata": null, "brand": null, "wikipedia": null, "wikidata": null, "opening_hours": null, "branch": null, "ref": null, "check_date": null, "addr:street": "Yatinuwara Veediya", "addr:city": "Kandy", "operator": null, "name": "Kandy Secretariat Post Office", "addr:postcode": null, "Date": "2015-01-01" }, "geometry": { "type": "Point", "coordinates": [ 80.6323636, 7.2998415 ] } },
{ "type": "Feature", "properties": { "fid": 212, "full_id": "n4039544164", "osm_id": "4039544164", "osm_type": "node", "amenity": "post_office", "survey:date": null, "wheelchair": null, "District": null, "addr:district": null, "office": null, "government": null, "addr:hamlet": null, "name:es": null, "description:zh": null, "post_office:type": null, "addr:housenumber": null, "phone": null, "name:ta": null, "name:nl": null, "name:si": null, "alt_name": null, "junction": null, "designation": null, "man_made": null, "collection_times": null, "postal_code": null, "name:zh": null, "name:en": null, "atm": null, "ele": null, "brand:wikidata": null, "brand": null, "wikipedia": null, "wikidata": null, "opening_hours": null, "branch": null, "ref": null, "check_date": null, "addr:street": null, "addr:city": "Menikhinna", "operator": null, "name": null, "addr:postcode": null, "Date": "2015-01-01" }, "geometry": { "type": "Point", "coordinates": [ 80.6998238, 7.3176598 ] } },
{ "type": "Feature", "properties": { "fid": 213, "full_id": "n4039761686", "osm_id": "4039761686", "osm_type": "node", "amenity": "post_office", "survey:date": null, "wheelchair": null, "District": null, "addr:district": null, "office": null, "government": null, "addr:hamlet": null, "name:es": null, "description:zh": null, "post_office:type": null, "addr:housenumber": null, "phone": null, "name:ta": null, "name:nl": null, "name:si": null, "alt_name": null, "junction": null, "designation": null, "man_made": null, "collection_times": null, "postal_code": null, "name:zh": null, "name:en": null, "atm": null, "ele": null, "brand:wikidata": null, "brand": null, "wikipedia": null, "wikidata": null, "opening_hours": null, "branch": null, "ref": null, "check_date": null, "addr:street": null, "addr:city": "Walala", "operator": null, "name": "Sub Post Office", "addr:postcode": null, "Date": "2015-01-01" }, "geometry": { "type": "Point", "coordinates": [ 80.692253, 7.3202911 ] } },
{ "type": "Feature", "properties": { "fid": 214, "full_id": "n4039761992", "osm_id": "4039761992", "osm_type": "node", "amenity": "post_office", "survey:date": null, "wheelchair": null, "District": null, "addr:district": null, "office": null, "government": null, "addr:hamlet": null, "name:es": null, "description:zh": null, "post_office:type": null, "addr:housenumber": null, "phone": null, "name:ta": null, "name:nl": null, "name:si": null, "alt_name": null, "junction": null, "designation": null, "man_made": null, "collection_times": null, "postal_code": null, "name:zh": null, "name:en": null, "atm": null, "ele": null, "brand:wikidata": null, "brand": null, "wikipedia": null, "wikidata": null, "opening_hours": null, "branch": null, "ref": null, "check_date": null, "addr:street": null, "addr:city": "Madawala", "operator": null, "name": null, "addr:postcode": null, "Date": "2015-01-01" }, "geometry": { "type": "Point", "coordinates": [ 80.6706721, 7.3269725 ] } },
{ "type": "Feature", "properties": { "fid": 215, "full_id": "n4039790800", "osm_id": "4039790800", "osm_type": "node", "amenity": "post_office", "survey:date": null, "wheelchair": null, "District": null, "addr:district": null, "office": null, "government": null, "addr:hamlet": null, "name:es": null, "description:zh": null, "post_office:type": null, "addr:housenumber": null, "phone": null, "name:ta": null, "name:nl": null, "name:si": null, "alt_name": null, "junction": null, "designation": null, "man_made": null, "collection_times": null, "postal_code": null, "name:zh": null, "name:en": null, "atm": null, "ele": null, "brand:wikidata": null, "brand": null, "wikipedia": null, "wikidata": null, "opening_hours": null, "branch": null, "ref": null, "check_date": null, "addr:street": null, "addr:city": "Polgolla", "operator": null, "name": null, "addr:postcode": null, "Date": "2015-01-01" }, "geometry": { "type": "Point", "coordinates": [ 80.6489027, 7.3245661 ] } },
{ "type": "Feature", "properties": { "fid": 216, "full_id": "n4045510671", "osm_id": "4045510671", "osm_type": "node", "amenity": "post_office", "survey:date": null, "wheelchair": null, "District": null, "addr:district": null, "office": null, "government": null, "addr:hamlet": null, "name:es": null, "description:zh": null, "post_office:type": null, "addr:housenumber": null, "phone": null, "name:ta": null, "name:nl": null, "name:si": null, "alt_name": null, "junction": null, "designation": null, "man_made": null, "collection_times": null, "postal_code": null, "name:zh": null, "name:en": null, "atm": null, "ele": null, "brand:wikidata": null, "brand": null, "wikipedia": null, "wikidata": null, "opening_hours": null, "branch": null, "ref": null, "check_date": null, "addr:street": null, "addr:city": "Kalawana", "operator": null, "name": "Post Office", "addr:postcode": null, "Date": "2015-01-01" }, "geometry": { "type": "Point", "coordinates": [ 80.3982221, 6.5333313 ] } },
{ "type": "Feature", "properties": { "fid": 217, "full_id": "n4054795389", "osm_id": "4054795389", "osm_type": "node", "amenity": "post_office", "survey:date": null, "wheelchair": null, "District": null, "addr:district": null, "office": null, "government": null, "addr:hamlet": null, "name:es": null, "description:zh": null, "post_office:type": null, "addr:housenumber": null, "phone": null, "name:ta": null, "name:nl": null, "name:si": null, "alt_name": null, "junction": null, "designation": null, "man_made": null, "collection_times": null, "postal_code": null, "name:zh": null, "name:en": null, "atm": null, "ele": null, "brand:wikidata": null, "brand": null, "wikipedia": null, "wikidata": null, "opening_hours": null, "branch": null, "ref": null, "check_date": null, "addr:street": null, "addr:city": "Panagoda", "operator": null, "name": "Panagoda Sub Post Office", "addr:postcode": "10200", "Date": "2015-01-01" }, "geometry": { "type": "Point", "coordinates": [ 80.0232449, 6.8651593 ] } },
{ "type": "Feature", "properties": { "fid": 218, "full_id": "n4059277182", "osm_id": "4059277182", "osm_type": "node", "amenity": "post_office", "survey:date": null, "wheelchair": null, "District": null, "addr:district": null, "office": null, "government": null, "addr:hamlet": null, "name:es": null, "description:zh": null, "post_office:type": null, "addr:housenumber": null, "phone": null, "name:ta": null, "name:nl": null, "name:si": null, "alt_name": null, "junction": null, "designation": null, "man_made": null, "collection_times": null, "postal_code": null, "name:zh": null, "name:en": null, "atm": null, "ele": null, "brand:wikidata": null, "brand": null, "wikipedia": null, "wikidata": null, "opening_hours": "08:30-16:30", "branch": null, "ref": null, "check_date": null, "addr:street": "Hirana Road", "addr:city": "Hirana", "operator": null, "name": "Hirana post office", "addr:postcode": null, "Date": "2015-01-01" }, "geometry": { "type": "Point", "coordinates": [ 79.9353042, 6.7343911 ] } },
{ "type": "Feature", "properties": { "fid": 219, "full_id": "n4068041902", "osm_id": "4068041902", "osm_type": "node", "amenity": "post_office", "survey:date": null, "wheelchair": null, "District": null, "addr:district": null, "office": null, "government": null, "addr:hamlet": null, "name:es": null, "description:zh": null, "post_office:type": null, "addr:housenumber": null, "phone": null, "name:ta": null, "name:nl": null, "name:si": null, "alt_name": null, "junction": null, "designation": null, "man_made": null, "collection_times": null, "postal_code": null, "name:zh": null, "name:en": null, "atm": null, "ele": null, "brand:wikidata": null, "brand": null, "wikipedia": null, "wikidata": null, "opening_hours": null, "branch": null, "ref": null, "check_date": null, "addr:street": "Pilimatalawa-Pottapitiya Road", "addr:city": "Danture", "operator": null, "name": "Dantuer Post Office", "addr:postcode": null, "Date": "2015-01-01" }, "geometry": { "type": "Point", "coordinates": [ 80.5323296, 7.2818583 ] } },
{ "type": "Feature", "properties": { "fid": 220, "full_id": "n4068041904", "osm_id": "4068041904", "osm_type": "node", "amenity": "post_office", "survey:date": null, "wheelchair": null, "District": null, "addr:district": null, "office": null, "government": null, "addr:hamlet": null, "name:es": null, "description:zh": null, "post_office:type": null, "addr:housenumber": null, "phone": null, "name:ta": null, "name:nl": null, "name:si": null, "alt_name": null, "junction": null, "designation": null, "man_made": null, "collection_times": null, "postal_code": null, "name:zh": null, "name:en": null, "atm": null, "ele": null, "brand:wikidata": null, "brand": null, "wikipedia": null, "wikidata": null, "opening_hours": null, "branch": null, "ref": null, "check_date": null, "addr:street": null, "addr:city": null, "operator": null, "name": "Udawela Post Office", "addr:postcode": null, "Date": "2015-01-01" }, "geometry": { "type": "Point", "coordinates": [ 80.5280247, 7.300185 ] } },
{ "type": "Feature", "properties": { "fid": 221, "full_id": "n4068054465", "osm_id": "4068054465", "osm_type": "node", "amenity": "post_office", "survey:date": null, "wheelchair": null, "District": null, "addr:district": null, "office": null, "government": null, "addr:hamlet": null, "name:es": null, "description:zh": null, "post_office:type": null, "addr:housenumber": null, "phone": null, "name:ta": null, "name:nl": null, "name:si": null, "alt_name": null, "junction": null, "designation": null, "man_made": null, "collection_times": null, "postal_code": null, "name:zh": null, "name:en": null, "atm": null, "ele": null, "brand:wikidata": null, "brand": null, "wikipedia": null, "wikidata": null, "opening_hours": null, "branch": null, "ref": null, "check_date": null, "addr:street": null, "addr:city": null, "operator": null, "name": "Thismada Sub Post Office", "addr:postcode": null, "Date": "2015-01-01" }, "geometry": { "type": "Point", "coordinates": [ 80.5017932, 7.3027534 ] } },
{ "type": "Feature", "properties": { "fid": 222, "full_id": "n4068056599", "osm_id": "4068056599", "osm_type": "node", "amenity": "post_office", "survey:date": null, "wheelchair": null, "District": null, "addr:district": null, "office": null, "government": null, "addr:hamlet": null, "name:es": null, "description:zh": null, "post_office:type": null, "addr:housenumber": null, "phone": null, "name:ta": null, "name:nl": null, "name:si": null, "alt_name": null, "junction": null, "designation": null, "man_made": null, "collection_times": null, "postal_code": null, "name:zh": null, "name:en": null, "atm": null, "ele": null, "brand:wikidata": null, "brand": null, "wikipedia": null, "wikidata": null, "opening_hours": null, "branch": null, "ref": null, "check_date": null, "addr:street": "Yatigammana-Thismada Rd", "addr:city": null, "operator": null, "name": "Menikdiwela Post Office", "addr:postcode": null, "Date": "2015-01-01" }, "geometry": { "type": "Point", "coordinates": [ 80.5006844, 7.290121 ] } },
{ "type": "Feature", "properties": { "fid": 223, "full_id": "n4071279188", "osm_id": "4071279188", "osm_type": "node", "amenity": "post_office", "survey:date": null, "wheelchair": null, "District": null, "addr:district": null, "office": null, "government": null, "addr:hamlet": null, "name:es": null, "description:zh": null, "post_office:type": null, "addr:housenumber": null, "phone": null, "name:ta": null, "name:nl": null, "name:si": null, "alt_name": null, "junction": null, "designation": null, "man_made": null, "collection_times": null, "postal_code": null, "name:zh": null, "name:en": null, "atm": null, "ele": null, "brand:wikidata": null, "brand": null, "wikipedia": null, "wikidata": null, "opening_hours": null, "branch": null, "ref": null, "check_date": null, "addr:street": "Wathurakumbura Rd", "addr:city": null, "operator": null, "name": "Kiribathkumbura Sub Post Office", "addr:postcode": null, "Date": "2015-01-01" }, "geometry": { "type": "Point", "coordinates": [ 80.5761911, 7.2696313 ] } },
{ "type": "Feature", "properties": { "fid": 224, "full_id": "n4089567149", "osm_id": "4089567149", "osm_type": "node", "amenity": "post_office", "survey:date": null, "wheelchair": null, "District": null, "addr:district": null, "office": null, "government": null, "addr:hamlet": null, "name:es": null, "description:zh": null, "post_office:type": null, "addr:housenumber": null, "phone": null, "name:ta": null, "name:nl": null, "name:si": null, "alt_name": null, "junction": null, "designation": null, "man_made": null, "collection_times": null, "postal_code": null, "name:zh": null, "name:en": null, "atm": null, "ele": null, "brand:wikidata": null, "brand": null, "wikipedia": null, "wikidata": null, "opening_hours": null, "branch": null, "ref": null, "check_date": null, "addr:street": null, "addr:city": null, "operator": null, "name": "Post Office", "addr:postcode": null, "Date": "2015-01-01" }, "geometry": { "type": "Point", "coordinates": [ 80.2953462, 8.1518879 ] } },
{ "type": "Feature", "properties": { "fid": 225, "full_id": "n4093171846", "osm_id": "4093171846", "osm_type": "node", "amenity": "post_office", "survey:date": null, "wheelchair": null, "District": null, "addr:district": null, "office": null, "government": null, "addr:hamlet": null, "name:es": null, "description:zh": null, "post_office:type": null, "addr:housenumber": null, "phone": null, "name:ta": null, "name:nl": null, "name:si": null, "alt_name": null, "junction": null, "designation": null, "man_made": null, "collection_times": null, "postal_code": "20418", "name:zh": null, "name:en": null, "atm": null, "ele": null, "brand:wikidata": null, "brand": null, "wikipedia": null, "wikidata": null, "opening_hours": null, "branch": null, "ref": null, "check_date": null, "addr:street": null, "addr:city": null, "operator": null, "name": "Nilambe Sub Post Office", "addr:postcode": null, "Date": "2015-01-01" }, "geometry": { "type": "Point", "coordinates": [ 80.6376207, 7.1933242 ] } },
{ "type": "Feature", "properties": { "fid": 226, "full_id": "n4099002424", "osm_id": "4099002424", "osm_type": "node", "amenity": "post_office", "survey:date": null, "wheelchair": null, "District": null, "addr:district": null, "office": null, "government": null, "addr:hamlet": null, "name:es": null, "description:zh": null, "post_office:type": null, "addr:housenumber": null, "phone": null, "name:ta": null, "name:nl": null, "name:si": null, "alt_name": null, "junction": null, "designation": null, "man_made": null, "collection_times": null, "postal_code": null, "name:zh": null, "name:en": null, "atm": null, "ele": null, "brand:wikidata": null, "brand": null, "wikipedia": null, "wikidata": null, "opening_hours": null, "branch": null, "ref": null, "check_date": null, "addr:street": null, "addr:city": null, "operator": null, "name": "Pitipana Sub Post Office", "addr:postcode": null, "Date": "2015-01-01" }, "geometry": { "type": "Point", "coordinates": [ 80.0294777, 6.8248079 ] } },
{ "type": "Feature", "properties": { "fid": 227, "full_id": "n4142251990", "osm_id": "4142251990", "osm_type": "node", "amenity": "post_office", "survey:date": null, "wheelchair": null, "District": null, "addr:district": null, "office": null, "government": null, "addr:hamlet": null, "name:es": null, "description:zh": null, "post_office:type": null, "addr:housenumber": null, "phone": null, "name:ta": null, "name:nl": null, "name:si": null, "alt_name": null, "junction": null, "designation": null, "man_made": null, "collection_times": null, "postal_code": null, "name:zh": null, "name:en": null, "atm": null, "ele": null, "brand:wikidata": null, "brand": null, "wikipedia": null, "wikidata": null, "opening_hours": null, "branch": null, "ref": null, "check_date": null, "addr:street": "Lagoondeniya Rd", "addr:city": null, "operator": null, "name": "Thundeniya Sub Post Office", "addr:postcode": null, "Date": "2015-01-01" }, "geometry": { "type": "Point", "coordinates": [ 80.6010359, 7.1613241 ] } },
{ "type": "Feature", "properties": { "fid": 228, "full_id": "n4142454143", "osm_id": "4142454143", "osm_type": "node", "amenity": "post_office", "survey:date": null, "wheelchair": null, "District": null, "addr:district": null, "office": null, "government": null, "addr:hamlet": null, "name:es": null, "description:zh": null, "post_office:type": null, "addr:housenumber": null, "phone": null, "name:ta": null, "name:nl": null, "name:si": null, "alt_name": null, "junction": null, "designation": null, "man_made": null, "collection_times": null, "postal_code": null, "name:zh": null, "name:en": null, "atm": null, "ele": null, "brand:wikidata": null, "brand": null, "wikipedia": null, "wikidata": null, "opening_hours": null, "branch": null, "ref": null, "check_date": null, "addr:street": "Mawanella-Hemmathagama-Singhapitiya Road", "addr:city": "Sinhapitiya", "operator": null, "name": "Sinhapitiya Sub Post Office", "addr:postcode": null, "Date": "2015-01-01" }, "geometry": { "type": "Point", "coordinates": [ 80.5597227, 7.1609133 ] } },
{ "type": "Feature", "properties": { "fid": 229, "full_id": "n4214881756", "osm_id": "4214881756", "osm_type": "node", "amenity": "post_office", "survey:date": null, "wheelchair": null, "District": null, "addr:district": null, "office": null, "government": null, "addr:hamlet": null, "name:es": null, "description:zh": null, "post_office:type": null, "addr:housenumber": null, "phone": null, "name:ta": null, "name:nl": null, "name:si": null, "alt_name": null, "junction": null, "designation": null, "man_made": null, "collection_times": null, "postal_code": null, "name:zh": null, "name:en": null, "atm": null, "ele": null, "brand:wikidata": null, "brand": null, "wikipedia": null, "wikidata": null, "opening_hours": null, "branch": null, "ref": null, "check_date": null, "addr:street": null, "addr:city": null, "operator": null, "name": "Maraiyadithakulam Sub Post Office", "addr:postcode": null, "Date": "2015-01-01" }, "geometry": { "type": "Point", "coordinates": [ 80.5400714, 8.9142329 ] } },
{ "type": "Feature", "properties": { "fid": 230, "full_id": "n4234078500", "osm_id": "4234078500", "osm_type": "node", "amenity": "post_office", "survey:date": null, "wheelchair": null, "District": null, "addr:district": null, "office": null, "government": null, "addr:hamlet": null, "name:es": null, "description:zh": null, "post_office:type": null, "addr:housenumber": null, "phone": null, "name:ta": null, "name:nl": null, "name:si": null, "alt_name": null, "junction": null, "designation": null, "man_made": null, "collection_times": null, "postal_code": null, "name:zh": null, "name:en": null, "atm": null, "ele": null, "brand:wikidata": null, "brand": null, "wikipedia": null, "wikidata": null, "opening_hours": null, "branch": null, "ref": null, "check_date": null, "addr:street": null, "addr:city": null, "operator": null, "name": "Bengamuwa Sub Post Office", "addr:postcode": null, "Date": "2015-01-01" }, "geometry": { "type": "Point", "coordinates": [ 80.609917, 6.2622508 ] } },
{ "type": "Feature", "properties": { "fid": 231, "full_id": "n4235089272", "osm_id": "4235089272", "osm_type": "node", "amenity": "post_office", "survey:date": null, "wheelchair": null, "District": null, "addr:district": null, "office": null, "government": null, "addr:hamlet": null, "name:es": null, "description:zh": null, "post_office:type": null, "addr:housenumber": null, "phone": null, "name:ta": null, "name:nl": null, "name:si": null, "alt_name": null, "junction": null, "designation": null, "man_made": null, "collection_times": null, "postal_code": null, "name:zh": null, "name:en": null, "atm": null, "ele": null, "brand:wikidata": null, "brand": null, "wikipedia": null, "wikidata": null, "opening_hours": null, "branch": null, "ref": null, "check_date": null, "addr:street": null, "addr:city": null, "operator": null, "name": null, "addr:postcode": null, "Date": "2015-01-01" }, "geometry": { "type": "Point", "coordinates": [ 79.8889987, 7.1316895 ] } },
{ "type": "Feature", "properties": { "fid": 232, "full_id": "n4235167497", "osm_id": "4235167497", "osm_type": "node", "amenity": "post_office", "survey:date": null, "wheelchair": null, "District": null, "addr:district": null, "office": null, "government": null, "addr:hamlet": null, "name:es": null, "description:zh": null, "post_office:type": null, "addr:housenumber": null, "phone": null, "name:ta": null, "name:nl": null, "name:si": "තල්ගස්වල තැපැල් කාර්යාලය", "alt_name": null, "junction": null, "designation": null, "man_made": null, "collection_times": null, "postal_code": null, "name:zh": null, "name:en": null, "atm": null, "ele": null, "brand:wikidata": null, "brand": null, "wikipedia": null, "wikidata": null, "opening_hours": null, "branch": null, "ref": null, "check_date": null, "addr:street": null, "addr:city": null, "operator": null, "name": "Thalgaswala Post Office", "addr:postcode": null, "Date": "2015-01-01" }, "geometry": { "type": "Point", "coordinates": [ 80.2708448, 6.2440874 ] } },
{ "type": "Feature", "properties": { "fid": 233, "full_id": "n4261902638", "osm_id": "4261902638", "osm_type": "node", "amenity": "post_office", "survey:date": null, "wheelchair": null, "District": null, "addr:district": null, "office": null, "government": null, "addr:hamlet": null, "name:es": null, "description:zh": null, "post_office:type": null, "addr:housenumber": null, "phone": null, "name:ta": null, "name:nl": null, "name:si": null, "alt_name": null, "junction": null, "designation": null, "man_made": null, "collection_times": null, "postal_code": null, "name:zh": null, "name:en": null, "atm": null, "ele": null, "brand:wikidata": null, "brand": null, "wikipedia": null, "wikidata": null, "opening_hours": null, "branch": null, "ref": null, "check_date": null, "addr:street": null, "addr:city": null, "operator": null, "name": "Hingula Post Office", "addr:postcode": null, "Date": "2015-01-01" }, "geometry": { "type": "Point", "coordinates": [ 80.4686227, 7.2475406 ] } },
{ "type": "Feature", "properties": { "fid": 234, "full_id": "n4267569148", "osm_id": "4267569148", "osm_type": "node", "amenity": "post_office", "survey:date": null, "wheelchair": null, "District": null, "addr:district": null, "office": null, "government": null, "addr:hamlet": null, "name:es": null, "description:zh": null, "post_office:type": null, "addr:housenumber": null, "phone": null, "name:ta": null, "name:nl": null, "name:si": null, "alt_name": null, "junction": null, "designation": null, "man_made": null, "collection_times": null, "postal_code": null, "name:zh": null, "name:en": null, "atm": null, "ele": null, "brand:wikidata": null, "brand": null, "wikipedia": null, "wikidata": null, "opening_hours": null, "branch": null, "ref": null, "check_date": null, "addr:street": "Deniyaya-Wiharahena Road", "addr:city": "Deniyaya", "operator": null, "name": "Deniyaya Post Office", "addr:postcode": null, "Date": "2015-01-01" }, "geometry": { "type": "Point", "coordinates": [ 80.5581473, 6.3397745 ] } },
{ "type": "Feature", "properties": { "fid": 235, "full_id": "n4283855643", "osm_id": "4283855643", "osm_type": "node", "amenity": "post_office", "survey:date": null, "wheelchair": null, "District": null, "addr:district": null, "office": null, "government": null, "addr:hamlet": null, "name:es": null, "description:zh": null, "post_office:type": null, "addr:housenumber": null, "phone": null, "name:ta": null, "name:nl": null, "name:si": null, "alt_name": null, "junction": null, "designation": null, "man_made": null, "collection_times": null, "postal_code": null, "name:zh": null, "name:en": null, "atm": null, "ele": null, "brand:wikidata": null, "brand": null, "wikipedia": null, "wikidata": null, "opening_hours": null, "branch": null, "ref": null, "check_date": null, "addr:street": "Rambukkana-Katupitiya Road", "addr:city": "Rambukkana", "operator": null, "name": "Post Office - Rambukkana", "addr:postcode": null, "Date": "2015-01-01" }, "geometry": { "type": "Point", "coordinates": [ 80.3976583, 7.3237844 ] } },
{ "type": "Feature", "properties": { "fid": 236, "full_id": "n4349285790", "osm_id": "4349285790", "osm_type": "node", "amenity": "post_office", "survey:date": null, "wheelchair": null, "District": null, "addr:district": null, "office": null, "government": null, "addr:hamlet": null, "name:es": null, "description:zh": null, "post_office:type": null, "addr:housenumber": null, "phone": null, "name:ta": null, "name:nl": null, "name:si": null, "alt_name": null, "junction": null, "designation": null, "man_made": null, "collection_times": null, "postal_code": null, "name:zh": null, "name:en": null, "atm": null, "ele": null, "brand:wikidata": null, "brand": null, "wikipedia": null, "wikidata": null, "opening_hours": null, "branch": null, "ref": null, "check_date": null, "addr:street": null, "addr:city": null, "operator": null, "name": "27 BOP 317 Dalpalama", "addr:postcode": null, "Date": "2015-01-01" }, "geometry": { "type": "Point", "coordinates": [ 81.0497375, 8.0028582 ] } },
{ "type": "Feature", "properties": { "fid": 237, "full_id": "n4349295391", "osm_id": "4349295391", "osm_type": "node", "amenity": "post_office", "survey:date": null, "wheelchair": null, "District": null, "addr:district": null, "office": null, "government": null, "addr:hamlet": null, "name:es": null, "description:zh": null, "post_office:type": null, "addr:housenumber": null, "phone": null, "name:ta": null, "name:nl": null, "name:si": null, "alt_name": null, "junction": null, "designation": null, "man_made": null, "collection_times": null, "postal_code": null, "name:zh": null, "name:en": null, "atm": null, "ele": null, "brand:wikidata": null, "brand": null, "wikipedia": null, "wikidata": null, "opening_hours": null, "branch": null, "ref": null, "check_date": null, "addr:street": "Somawathiya Road", "addr:city": null, "operator": null, "name": "25 Karathakada junction", "addr:postcode": null, "Date": "2015-01-01" }, "geometry": { "type": "Point", "coordinates": [ 81.0622437, 8.0046253 ] } },
{ "type": "Feature", "properties": { "fid": 238, "full_id": "n4349295392", "osm_id": "4349295392", "osm_type": "node", "amenity": "post_office", "survey:date": null, "wheelchair": null, "District": null, "addr:district": null, "office": null, "government": null, "addr:hamlet": null, "name:es": null, "description:zh": null, "post_office:type": null, "addr:housenumber": null, "phone": null, "name:ta": null, "name:nl": null, "name:si": null, "alt_name": null, "junction": null, "designation": null, "man_made": null, "collection_times": null, "postal_code": null, "name:zh": null, "name:en": null, "atm": null, "ele": null, "brand:wikidata": null, "brand": null, "wikipedia": null, "wikidata": null, "opening_hours": null, "branch": null, "ref": null, "check_date": null, "addr:street": null, "addr:city": null, "operator": null, "name": "29 BOP 316 Karuwelagas hunc", "addr:postcode": null, "Date": "2015-01-01" }, "geometry": { "type": "Point", "coordinates": [ 81.0319044, 8.0267902 ] } },
{ "type": "Feature", "properties": { "fid": 239, "full_id": "n4349295393", "osm_id": "4349295393", "osm_type": "node", "amenity": "post_office", "survey:date": null, "wheelchair": null, "District": null, "addr:district": null, "office": null, "government": null, "addr:hamlet": null, "name:es": null, "description:zh": null, "post_office:type": null, "addr:housenumber": null, "phone": null, "name:ta": null, "name:nl": null, "name:si": null, "alt_name": null, "junction": null, "designation": null, "man_made": null, "collection_times": null, "postal_code": null, "name:zh": null, "name:en": null, "atm": null, "ele": null, "brand:wikidata": null, "brand": null, "wikipedia": null, "wikidata": null, "opening_hours": null, "branch": null, "ref": null, "check_date": null, "addr:street": null, "addr:city": null, "operator": null, "name": "PO RE Office", "addr:postcode": null, "Date": "2015-01-01" }, "geometry": { "type": "Point", "coordinates": [ 80.9126443, 8.0085054 ] } },
{ "type": "Feature", "properties": { "fid": 240, "full_id": "n4349295890", "osm_id": "4349295890", "osm_type": "node", "amenity": "post_office", "survey:date": null, "wheelchair": null, "District": null, "addr:district": null, "office": null, "government": null, "addr:hamlet": null, "name:es": null, "description:zh": null, "post_office:type": null, "addr:housenumber": null, "phone": null, "name:ta": null, "name:nl": null, "name:si": null, "alt_name": null, "junction": null, "designation": null, "man_made": null, "collection_times": null, "postal_code": null, "name:zh": null, "name:en": null, "atm": null, "ele": null, "brand:wikidata": null, "brand": null, "wikipedia": null, "wikidata": null, "opening_hours": null, "branch": null, "ref": null, "check_date": null, "addr:street": null, "addr:city": null, "operator": null, "name": "59 Gnithamana-Nilumwewa", "addr:postcode": null, "Date": "2015-01-01" }, "geometry": { "type": "Point", "coordinates": [ 81.1922204, 7.8804828 ] } },
{ "type": "Feature", "properties": { "fid": 241, "full_id": "n4349305289", "osm_id": "4349305289", "osm_type": "node", "amenity": "post_office", "survey:date": null, "wheelchair": null, "District": null, "addr:district": null, "office": null, "government": null, "addr:hamlet": null, "name:es": null, "description:zh": null, "post_office:type": null, "addr:housenumber": null, "phone": null, "name:ta": null, "name:nl": null, "name:si": null, "alt_name": null, "junction": null, "designation": null, "man_made": null, "collection_times": null, "postal_code": null, "name:zh": null, "name:en": null, "atm": null, "ele": null, "brand:wikidata": null, "brand": null, "wikipedia": null, "wikidata": null, "opening_hours": null, "branch": null, "ref": null, "check_date": null, "addr:street": null, "addr:city": null, "operator": null, "name": "29 Patungama Junct", "addr:postcode": null, "Date": "2015-01-01" }, "geometry": { "type": "Point", "coordinates": [ 81.0633747, 8.0424721 ] } },
{ "type": "Feature", "properties": { "fid": 242, "full_id": "n4349305290", "osm_id": "4349305290", "osm_type": "node", "amenity": "post_office", "survey:date": null, "wheelchair": null, "District": null, "addr:district": null, "office": null, "government": null, "addr:hamlet": null, "name:es": null, "description:zh": null, "post_office:type": null, "addr:housenumber": null, "phone": null, "name:ta": null, "name:nl": null, "name:si": null, "alt_name": null, "junction": null, "designation": null, "man_made": null, "collection_times": null, "postal_code": null, "name:zh": null, "name:en": null, "atm": null, "ele": null, "brand:wikidata": null, "brand": null, "wikipedia": null, "wikidata": null, "opening_hours": null, "branch": null, "ref": null, "check_date": null, "addr:street": null, "addr:city": null, "operator": null, "name": "72 Deberella Sudupalama", "addr:postcode": null, "Date": "2015-01-01" }, "geometry": { "type": "Point", "coordinates": [ 81.0318223, 8.0357067 ] } },
{ "type": "Feature", "properties": { "fid": 243, "full_id": "n4349305291", "osm_id": "4349305291", "osm_type": "node", "amenity": "post_office", "survey:date": null, "wheelchair": null, "District": null, "addr:district": null, "office": null, "government": null, "addr:hamlet": null, "name:es": null, "description:zh": null, "post_office:type": null, "addr:housenumber": null, "phone": null, "name:ta": null, "name:nl": null, "name:si": null, "alt_name": null, "junction": null, "designation": null, "man_made": null, "collection_times": null, "postal_code": null, "name:zh": null, "name:en": null, "atm": null, "ele": null, "brand:wikidata": null, "brand": null, "wikipedia": null, "wikidata": null, "opening_hours": null, "branch": null, "ref": null, "check_date": null, "addr:street": null, "addr:city": null, "operator": null, "name": "58 Athulgala -Katuwavila", "addr:postcode": null, "Date": "2015-01-01" }, "geometry": { "type": "Point", "coordinates": [ 81.2003446, 7.9757058 ] } },
{ "type": "Feature", "properties": { "fid": 244, "full_id": "n4349305389", "osm_id": "4349305389", "osm_type": "node", "amenity": "post_office", "survey:date": null, "wheelchair": null, "District": null, "addr:district": null, "office": null, "government": null, "addr:hamlet": null, "name:es": null, "description:zh": null, "post_office:type": null, "addr:housenumber": null, "phone": null, "name:ta": null, "name:nl": null, "name:si": null, "alt_name": null, "junction": null, "designation": null, "man_made": null, "collection_times": null, "postal_code": null, "name:zh": null, "name:en": null, "atm": null, "ele": null, "brand:wikidata": null, "brand": null, "wikipedia": null, "wikidata": null, "opening_hours": null, "branch": null, "ref": null, "check_date": null, "addr:street": null, "addr:city": null, "operator": null, "name": "57 Welikanda to Singapura Rd", "addr:postcode": null, "Date": "2015-01-01" }, "geometry": { "type": "Point", "coordinates": [ 81.2515835, 7.9480131 ] } },
{ "type": "Feature", "properties": { "fid": 245, "full_id": "n4349770186", "osm_id": "4349770186", "osm_type": "node", "amenity": "post_office", "survey:date": null, "wheelchair": null, "District": null, "addr:district": null, "office": null, "government": null, "addr:hamlet": null, "name:es": null, "description:zh": null, "post_office:type": null, "addr:housenumber": null, "phone": null, "name:ta": null, "name:nl": null, "name:si": null, "alt_name": null, "junction": null, "designation": null, "man_made": null, "collection_times": null, "postal_code": null, "name:zh": null, "name:en": null, "atm": null, "ele": null, "brand:wikidata": null, "brand": null, "wikipedia": null, "wikidata": null, "opening_hours": null, "branch": null, "ref": null, "check_date": null, "addr:street": null, "addr:city": null, "operator": null, "name": "11 AthumalpitiyaJunction - LaxauyanaSiyambalagasJunction", "addr:postcode": null, "Date": "2015-01-01" }, "geometry": { "type": "Point", "coordinates": [ 80.9959973, 7.9785727 ] } },
{ "type": "Feature", "properties": { "fid": 246, "full_id": "n4349796877", "osm_id": "4349796877", "osm_type": "node", "amenity": "post_office", "survey:date": null, "wheelchair": null, "District": null, "addr:district": null, "office": null, "government": null, "addr:hamlet": null, "name:es": null, "description:zh": null, "post_office:type": null, "addr:housenumber": null, "phone": null, "name:ta": null, "name:nl": null, "name:si": null, "alt_name": null, "junction": null, "designation": null, "man_made": null, "collection_times": null, "postal_code": null, "name:zh": null, "name:en": null, "atm": null, "ele": null, "brand:wikidata": null, "brand": null, "wikipedia": null, "wikidata": null, "opening_hours": null, "branch": null, "ref": null, "check_date": null, "addr:street": null, "addr:city": null, "operator": null, "name": "14 Kadawela Wewa Road Stage - 01", "addr:postcode": null, "Date": "2015-01-01" }, "geometry": { "type": "Point", "coordinates": [ 80.9812708, 7.9627778 ] } },
{ "type": "Feature", "properties": { "fid": 247, "full_id": "n4349799491", "osm_id": "4349799491", "osm_type": "node", "amenity": "post_office", "survey:date": null, "wheelchair": null, "District": null, "addr:district": null, "office": null, "government": null, "addr:hamlet": null, "name:es": null, "description:zh": null, "post_office:type": null, "addr:housenumber": null, "phone": null, "name:ta": null, "name:nl": null, "name:si": null, "alt_name": null, "junction": null, "designation": null, "man_made": null, "collection_times": null, "postal_code": null, "name:zh": null, "name:en": null, "atm": null, "ele": null, "brand:wikidata": null, "brand": null, "wikipedia": null, "wikidata": null, "opening_hours": null, "branch": null, "ref": null, "check_date": null, "addr:street": null, "addr:city": null, "operator": null, "name": "01 Ihekuluwewa Village Road", "addr:postcode": null, "Date": "2015-01-01" }, "geometry": { "type": "Point", "coordinates": [ 80.8557457, 7.9638557 ] } },
{ "type": "Feature", "properties": { "fid": 248, "full_id": "n4350759495", "osm_id": "4350759495", "osm_type": "node", "amenity": "post_office", "survey:date": null, "wheelchair": null, "District": null, "addr:district": null, "office": null, "government": null, "addr:hamlet": null, "name:es": null, "description:zh": null, "post_office:type": null, "addr:housenumber": null, "phone": null, "name:ta": null, "name:nl": null, "name:si": null, "alt_name": null, "junction": null, "designation": null, "man_made": null, "collection_times": null, "postal_code": null, "name:zh": null, "name:en": null, "atm": null, "ele": null, "brand:wikidata": null, "brand": null, "wikipedia": null, "wikidata": null, "opening_hours": null, "branch": null, "ref": null, "check_date": null, "addr:street": null, "addr:city": null, "operator": null, "name": "Attanagalla Post office", "addr:postcode": null, "Date": "2015-01-01" }, "geometry": { "type": "Point", "coordinates": [ 80.135796, 7.112049 ] } },
{ "type": "Feature", "properties": { "fid": 249, "full_id": "n4350766892", "osm_id": "4350766892", "osm_type": "node", "amenity": "post_office", "survey:date": null, "wheelchair": null, "District": null, "addr:district": null, "office": null, "government": null, "addr:hamlet": null, "name:es": null, "description:zh": null, "post_office:type": null, "addr:housenumber": null, "phone": null, "name:ta": null, "name:nl": null, "name:si": null, "alt_name": null, "junction": null, "designation": null, "man_made": null, "collection_times": null, "postal_code": null, "name:zh": null, "name:en": null, "atm": null, "ele": null, "brand:wikidata": null, "brand": null, "wikipedia": null, "wikidata": null, "opening_hours": "Su-Fr 07:30-15:30", "branch": null, "ref": null, "check_date": null, "addr:street": "Veyangoda-Ruwanwella Road", "addr:city": null, "operator": null, "name": "Urapola Post Office", "addr:postcode": null, "Date": "2015-01-01" }, "geometry": { "type": "Point", "coordinates": [ 80.1448796, 7.0977538 ] } },
{ "type": "Feature", "properties": { "fid": 250, "full_id": "n4350776193", "osm_id": "4350776193", "osm_type": "node", "amenity": "post_office", "survey:date": null, "wheelchair": null, "District": null, "addr:district": null, "office": null, "government": null, "addr:hamlet": null, "name:es": null, "description:zh": null, "post_office:type": null, "addr:housenumber": null, "phone": null, "name:ta": null, "name:nl": null, "name:si": null, "alt_name": null, "junction": null, "designation": null, "man_made": null, "collection_times": null, "postal_code": null, "name:zh": null, "name:en": null, "atm": null, "ele": null, "brand:wikidata": null, "brand": null, "wikipedia": null, "wikidata": null, "opening_hours": null, "branch": null, "ref": null, "check_date": null, "addr:street": null, "addr:city": null, "operator": null, "name": "Walgammulla post office", "addr:postcode": null, "Date": "2015-01-01" }, "geometry": { "type": "Point", "coordinates": [ 80.121206, 7.078312 ] } },
{ "type": "Feature", "properties": { "fid": 251, "full_id": "n4350790004", "osm_id": "4350790004", "osm_type": "node", "amenity": "post_office", "survey:date": null, "wheelchair": null, "District": null, "addr:district": null, "office": null, "government": null, "addr:hamlet": null, "name:es": null, "description:zh": null, "post_office:type": null, "addr:housenumber": null, "phone": null, "name:ta": null, "name:nl": null, "name:si": null, "alt_name": null, "junction": null, "designation": null, "man_made": null, "collection_times": null, "postal_code": null, "name:zh": null, "name:en": null, "atm": null, "ele": null, "brand:wikidata": null, "brand": null, "wikipedia": null, "wikidata": null, "opening_hours": null, "branch": null, "ref": null, "check_date": null, "addr:street": null, "addr:city": null, "operator": null, "name": "Udathuttiripitiya Post Office", "addr:postcode": null, "Date": "2015-01-01" }, "geometry": { "type": "Point", "coordinates": [ 80.079159, 7.085703 ] } },
{ "type": "Feature", "properties": { "fid": 252, "full_id": "n4350839690", "osm_id": "4350839690", "osm_type": "node", "amenity": "post_office", "survey:date": null, "wheelchair": null, "District": null, "addr:district": null, "office": null, "government": null, "addr:hamlet": null, "name:es": null, "description:zh": null, "post_office:type": null, "addr:housenumber": null, "phone": null, "name:ta": null, "name:nl": null, "name:si": null, "alt_name": null, "junction": null, "designation": null, "man_made": null, "collection_times": null, "postal_code": null, "name:zh": null, "name:en": null, "atm": null, "ele": null, "brand:wikidata": null, "brand": null, "wikipedia": null, "wikidata": null, "opening_hours": null, "branch": null, "ref": null, "check_date": null, "addr:street": null, "addr:city": null, "operator": null, "name": "Ambagaspitiya Sub Post Office", "addr:postcode": null, "Date": "2015-01-01" }, "geometry": { "type": "Point", "coordinates": [ 80.061331, 7.081551 ] } },
{ "type": "Feature", "properties": { "fid": 253, "full_id": "n4352140091", "osm_id": "4352140091", "osm_type": "node", "amenity": "post_office", "survey:date": null, "wheelchair": null, "District": null, "addr:district": null, "office": null, "government": null, "addr:hamlet": null, "name:es": null, "description:zh": null, "post_office:type": null, "addr:housenumber": null, "phone": null, "name:ta": null, "name:nl": null, "name:si": null, "alt_name": null, "junction": null, "designation": null, "man_made": null, "collection_times": null, "postal_code": null, "name:zh": null, "name:en": null, "atm": null, "ele": null, "brand:wikidata": null, "brand": null, "wikipedia": null, "wikidata": null, "opening_hours": null, "branch": null, "ref": null, "check_date": null, "addr:street": null, "addr:city": null, "operator": null, "name": "Kirindiwela Post Office", "addr:postcode": null, "Date": "2015-01-01" }, "geometry": { "type": "Point", "coordinates": [ 80.132483, 7.046041 ] } },
{ "type": "Feature", "properties": { "fid": 254, "full_id": "n4352156889", "osm_id": "4352156889", "osm_type": "node", "amenity": "post_office", "survey:date": null, "wheelchair": null, "District": null, "addr:district": null, "office": null, "government": null, "addr:hamlet": null, "name:es": null, "description:zh": null, "post_office:type": null, "addr:housenumber": null, "phone": null, "name:ta": null, "name:nl": null, "name:si": null, "alt_name": null, "junction": null, "designation": null, "man_made": null, "collection_times": null, "postal_code": null, "name:zh": null, "name:en": null, "atm": null, "ele": null, "brand:wikidata": null, "brand": null, "wikipedia": null, "wikidata": null, "opening_hours": null, "branch": null, "ref": null, "check_date": null, "addr:street": null, "addr:city": null, "operator": null, "name": "Radawana Post Office", "addr:postcode": null, "Date": "2015-01-01" }, "geometry": { "type": "Point", "coordinates": [ 80.091505, 7.033356 ] } },
{ "type": "Feature", "properties": { "fid": 255, "full_id": "n4352542499", "osm_id": "4352542499", "osm_type": "node", "amenity": "post_office", "survey:date": null, "wheelchair": null, "District": null, "addr:district": null, "office": null, "government": null, "addr:hamlet": null, "name:es": null, "description:zh": null, "post_office:type": null, "addr:housenumber": null, "phone": null, "name:ta": null, "name:nl": null, "name:si": null, "alt_name": null, "junction": null, "designation": null, "man_made": null, "collection_times": null, "postal_code": null, "name:zh": null, "name:en": null, "atm": null, "ele": null, "brand:wikidata": null, "brand": null, "wikipedia": null, "wikidata": null, "opening_hours": null, "branch": null, "ref": null, "check_date": null, "addr:street": null, "addr:city": null, "operator": null, "name": "12 Pahalamaragahawewa-Katupathwewa", "addr:postcode": null, "Date": "2015-01-01" }, "geometry": { "type": "Point", "coordinates": [ 80.1304242, 8.2300934 ] } },
{ "type": "Feature", "properties": { "fid": 256, "full_id": "n4352558294", "osm_id": "4352558294", "osm_type": "node", "amenity": "post_office", "survey:date": null, "wheelchair": null, "District": null, "addr:district": null, "office": null, "government": null, "addr:hamlet": null, "name:es": null, "description:zh": null, "post_office:type": null, "addr:housenumber": null, "phone": null, "name:ta": null, "name:nl": null, "name:si": null, "alt_name": null, "junction": null, "designation": null, "man_made": null, "collection_times": null, "postal_code": null, "name:zh": null, "name:en": null, "atm": null, "ele": null, "brand:wikidata": null, "brand": null, "wikipedia": null, "wikidata": null, "opening_hours": null, "branch": null, "ref": null, "check_date": null, "addr:street": null, "addr:city": null, "operator": null, "name": "47 Thambuththegama-Rajanganaya Road", "addr:postcode": null, "Date": "2015-01-01" }, "geometry": { "type": "Point", "coordinates": [ 80.107191, 8.2096967 ] } },
{ "type": "Feature", "properties": { "fid": 257, "full_id": "n4352558295", "osm_id": "4352558295", "osm_type": "node", "amenity": "post_office", "survey:date": null, "wheelchair": null, "District": null, "addr:district": null, "office": null, "government": null, "addr:hamlet": null, "name:es": null, "description:zh": null, "post_office:type": null, "addr:housenumber": null, "phone": null, "name:ta": null, "name:nl": null, "name:si": null, "alt_name": null, "junction": null, "designation": null, "man_made": null, "collection_times": null, "postal_code": null, "name:zh": null, "name:en": null, "atm": null, "ele": null, "brand:wikidata": null, "brand": null, "wikipedia": null, "wikidata": null, "opening_hours": null, "branch": null, "ref": null, "check_date": null, "addr:street": null, "addr:city": null, "operator": null, "name": "47 Thambuththegama-Rajanganaya Road", "addr:postcode": null, "Date": "2015-01-01" }, "geometry": { "type": "Point", "coordinates": [ 80.2253564, 8.1621155 ] } },
{ "type": "Feature", "properties": { "fid": 258, "full_id": "n4352558299", "osm_id": "4352558299", "osm_type": "node", "amenity": "post_office", "survey:date": null, "wheelchair": null, "District": null, "addr:district": null, "office": null, "government": null, "addr:hamlet": null, "name:es": null, "description:zh": null, "post_office:type": null, "addr:housenumber": null, "phone": null, "name:ta": null, "name:nl": null, "name:si": null, "alt_name": null, "junction": null, "designation": null, "man_made": null, "collection_times": null, "postal_code": null, "name:zh": null, "name:en": null, "atm": null, "ele": null, "brand:wikidata": null, "brand": null, "wikipedia": null, "wikidata": null, "opening_hours": null, "branch": null, "ref": null, "check_date": null, "addr:street": null, "addr:city": null, "operator": null, "name": "10 MahawelithennaRalapana JanapadayaRoad", "addr:postcode": null, "Date": "2015-01-01" }, "geometry": { "type": "Point", "coordinates": [ 80.2461415, 8.2784591 ] } },
{ "type": "Feature", "properties": { "fid": 259, "full_id": "n4352620290", "osm_id": "4352620290", "osm_type": "node", "amenity": "post_office", "survey:date": null, "wheelchair": null, "District": null, "addr:district": null, "office": null, "government": null, "addr:hamlet": null, "name:es": null, "description:zh": null, "post_office:type": null, "addr:housenumber": null, "phone": null, "name:ta": null, "name:nl": null, "name:si": null, "alt_name": null, "junction": null, "designation": null, "man_made": null, "collection_times": null, "postal_code": null, "name:zh": null, "name:en": null, "atm": null, "ele": null, "brand:wikidata": null, "brand": null, "wikipedia": null, "wikidata": null, "opening_hours": null, "branch": null, "ref": null, "check_date": null, "addr:street": null, "addr:city": null, "operator": null, "name": "49 EriyagamaPaindakulama Road", "addr:postcode": null, "Date": "2015-01-01" }, "geometry": { "type": "Point", "coordinates": [ 80.3338044, 8.2029361 ] } },
{ "type": "Feature", "properties": { "fid": 260, "full_id": "n4352620291", "osm_id": "4352620291", "osm_type": "node", "amenity": "post_office", "survey:date": null, "wheelchair": null, "District": null, "addr:district": null, "office": null, "government": null, "addr:hamlet": null, "name:es": null, "description:zh": null, "post_office:type": null, "addr:housenumber": null, "phone": null, "name:ta": null, "name:nl": null, "name:si": null, "alt_name": null, "junction": null, "designation": null, "man_made": null, "collection_times": null, "postal_code": null, "name:zh": null, "name:en": null, "atm": null, "ele": null, "brand:wikidata": null, "brand": null, "wikipedia": null, "wikidata": null, "opening_hours": null, "branch": null, "ref": null, "check_date": null, "addr:street": null, "addr:city": null, "operator": null, "name": "71 Bandanagalabandanagala village", "addr:postcode": null, "Date": "2015-01-01" }, "geometry": { "type": "Point", "coordinates": [ 81.0610324, 7.7691272 ] } },
{ "type": "Feature", "properties": { "fid": 261, "full_id": "n4352620292", "osm_id": "4352620292", "osm_type": "node", "amenity": "post_office", "survey:date": null, "wheelchair": null, "District": null, "addr:district": null, "office": null, "government": null, "addr:hamlet": null, "name:es": null, "description:zh": null, "post_office:type": null, "addr:housenumber": null, "phone": null, "name:ta": null, "name:nl": null, "name:si": null, "alt_name": null, "junction": null, "designation": null, "man_made": null, "collection_times": null, "postal_code": null, "name:zh": null, "name:en": null, "atm": null, "ele": null, "brand:wikidata": null, "brand": null, "wikipedia": null, "wikidata": null, "opening_hours": null, "branch": null, "ref": null, "check_date": null, "addr:street": null, "addr:city": null, "operator": null, "name": "61, Mahadamanawewa - Village Road", "addr:postcode": null, "Date": "2015-01-01" }, "geometry": { "type": "Point", "coordinates": [ 81.1266678, 7.7721206 ] } },
{ "type": "Feature", "properties": { "fid": 262, "full_id": "n4352620293", "osm_id": "4352620293", "osm_type": "node", "amenity": "post_office", "survey:date": null, "wheelchair": null, "District": null, "addr:district": null, "office": null, "government": null, "addr:hamlet": null, "name:es": null, "description:zh": null, "post_office:type": null, "addr:housenumber": null, "phone": null, "name:ta": null, "name:nl": null, "name:si": null, "alt_name": null, "junction": null, "designation": null, "man_made": null, "collection_times": null, "postal_code": null, "name:zh": null, "name:en": null, "atm": null, "ele": null, "brand:wikidata": null, "brand": null, "wikipedia": null, "wikidata": null, "opening_hours": null, "branch": null, "ref": null, "check_date": null, "addr:street": null, "addr:city": null, "operator": null, "name": "62 Dimbulagala Junction - Bogaswewa", "addr:postcode": null, "Date": "2015-01-01" }, "geometry": { "type": "Point", "coordinates": [ 81.1123294, 7.8586919 ] } },
{ "type": "Feature", "properties": { "fid": 263, "full_id": "n4352643791", "osm_id": "4352643791", "osm_type": "node", "amenity": "post_office", "survey:date": null, "wheelchair": null, "District": null, "addr:district": null, "office": null, "government": null, "addr:hamlet": null, "name:es": null, "description:zh": null, "post_office:type": null, "addr:housenumber": null, "phone": null, "name:ta": null, "name:nl": null, "name:si": null, "alt_name": null, "junction": null, "designation": null, "man_made": null, "collection_times": null, "postal_code": null, "name:zh": null, "name:en": null, "atm": null, "ele": null, "brand:wikidata": null, "brand": null, "wikipedia": null, "wikidata": null, "opening_hours": null, "branch": null, "ref": null, "check_date": null, "addr:street": null, "addr:city": null, "operator": null, "name": "36, yaya 4 junction BogasHandiyaKiralapetiyawaHalambewewa Road", "addr:postcode": null, "Date": "2015-01-01" }, "geometry": { "type": "Point", "coordinates": [ 80.2071738, 8.4188889 ] } },
{ "type": "Feature", "properties": { "fid": 264, "full_id": "n4352643792", "osm_id": "4352643792", "osm_type": "node", "amenity": "post_office", "survey:date": null, "wheelchair": null, "District": null, "addr:district": null, "office": null, "government": null, "addr:hamlet": null, "name:es": null, "description:zh": null, "post_office:type": null, "addr:housenumber": null, "phone": null, "name:ta": null, "name:nl": null, "name:si": null, "alt_name": null, "junction": null, "designation": null, "man_made": null, "collection_times": null, "postal_code": null, "name:zh": null, "name:en": null, "atm": null, "ele": null, "brand:wikidata": null, "brand": null, "wikipedia": null, "wikidata": null, "opening_hours": null, "branch": null, "ref": null, "check_date": null, "addr:street": null, "addr:city": null, "operator": null, "name": "37 Maningamuwa Junction IhalaOyamaduwa Nawodagama Road", "addr:postcode": null, "Date": "2015-01-01" }, "geometry": { "type": "Point", "coordinates": [ 80.2841867, 8.4194151 ] } },
{ "type": "Feature", "properties": { "fid": 265, "full_id": "n4352652791", "osm_id": "4352652791", "osm_type": "node", "amenity": "post_office", "survey:date": null, "wheelchair": null, "District": null, "addr:district": null, "office": null, "government": null, "addr:hamlet": null, "name:es": null, "description:zh": null, "post_office:type": null, "addr:housenumber": null, "phone": null, "name:ta": null, "name:nl": null, "name:si": null, "alt_name": null, "junction": null, "designation": null, "man_made": null, "collection_times": null, "postal_code": null, "name:zh": null, "name:en": null, "atm": null, "ele": null, "brand:wikidata": null, "brand": null, "wikipedia": null, "wikidata": null, "opening_hours": null, "branch": null, "ref": null, "check_date": null, "addr:street": null, "addr:city": null, "operator": null, "name": "48 Ayuruwedic HospitalNawagattegama Road", "addr:postcode": null, "Date": "2015-01-01" }, "geometry": { "type": "Point", "coordinates": [ 80.2927415, 8.1473287 ] } },
{ "type": "Feature", "properties": { "fid": 266, "full_id": "n4352652792", "osm_id": "4352652792", "osm_type": "node", "amenity": "post_office", "survey:date": null, "wheelchair": null, "District": null, "addr:district": null, "office": null, "government": null, "addr:hamlet": null, "name:es": null, "description:zh": null, "post_office:type": null, "addr:housenumber": null, "phone": null, "name:ta": null, "name:nl": null, "name:si": null, "alt_name": null, "junction": null, "designation": null, "man_made": null, "collection_times": null, "postal_code": null, "name:zh": null, "name:en": null, "atm": null, "ele": null, "brand:wikidata": null, "brand": null, "wikipedia": null, "wikidata": null, "opening_hours": null, "branch": null, "ref": null, "check_date": null, "addr:street": null, "addr:city": null, "operator": null, "name": "66 Mahadamanawewa - Village Road", "addr:postcode": null, "Date": "2015-01-01" }, "geometry": { "type": "Point", "coordinates": [ 81.01721, 7.7284172 ] } },
{ "type": "Feature", "properties": { "fid": 267, "full_id": "n4352661090", "osm_id": "4352661090", "osm_type": "node", "amenity": "post_office", "survey:date": null, "wheelchair": null, "District": null, "addr:district": null, "office": null, "government": null, "addr:hamlet": null, "name:es": null, "description:zh": null, "post_office:type": null, "addr:housenumber": null, "phone": null, "name:ta": null, "name:nl": null, "name:si": null, "alt_name": null, "junction": null, "designation": null, "man_made": null, "collection_times": null, "postal_code": null, "name:zh": null, "name:en": null, "atm": null, "ele": null, "brand:wikidata": null, "brand": null, "wikipedia": null, "wikidata": null, "opening_hours": null, "branch": null, "ref": null, "check_date": null, "addr:street": null, "addr:city": null, "operator": null, "name": "67 Aluthoya Junction -Vilage End", "addr:postcode": null, "Date": "2015-01-01" }, "geometry": { "type": "Point", "coordinates": [ 81.1660147, 7.760717 ] } },
{ "type": "Feature", "properties": { "fid": 268, "full_id": "n4352663990", "osm_id": "4352663990", "osm_type": "node", "amenity": "post_office", "survey:date": null, "wheelchair": null, "District": null, "addr:district": null, "office": null, "government": null, "addr:hamlet": null, "name:es": null, "description:zh": null, "post_office:type": null, "addr:housenumber": null, "phone": null, "name:ta": null, "name:nl": null, "name:si": null, "alt_name": null, "junction": null, "designation": null, "man_made": null, "collection_times": null, "postal_code": null, "name:zh": null, "name:en": null, "atm": null, "ele": null, "brand:wikidata": null, "brand": null, "wikipedia": null, "wikidata": null, "opening_hours": null, "branch": null, "ref": null, "check_date": null, "addr:street": null, "addr:city": null, "operator": null, "name": "01 Thalawa - Jayagaga149Hagurankethagama", "addr:postcode": null, "Date": "2015-01-01" }, "geometry": { "type": "Point", "coordinates": [ 80.3440396, 8.2247408 ] } },
{ "type": "Feature", "properties": { "fid": 269, "full_id": "n4352674589", "osm_id": "4352674589", "osm_type": "node", "amenity": "post_office", "survey:date": null, "wheelchair": null, "District": null, "addr:district": null, "office": null, "government": null, "addr:hamlet": null, "name:es": null, "description:zh": null, "post_office:type": null, "addr:housenumber": null, "phone": null, "name:ta": null, "name:nl": null, "name:si": null, "alt_name": null, "junction": null, "designation": null, "man_made": null, "collection_times": null, "postal_code": null, "name:zh": null, "name:en": null, "atm": null, "ele": null, "brand:wikidata": null, "brand": null, "wikipedia": null, "wikidata": null, "opening_hours": null, "branch": null, "ref": null, "check_date": null, "addr:street": null, "addr:city": null, "operator": null, "name": "68 Dimbulagala Junction - Soruwila", "addr:postcode": null, "Date": "2015-01-01" }, "geometry": { "type": "Point", "coordinates": [ 81.1068892, 7.8588021 ] } },
{ "type": "Feature", "properties": { "fid": 270, "full_id": "n4352675089", "osm_id": "4352675089", "osm_type": "node", "amenity": "post_office", "survey:date": null, "wheelchair": null, "District": null, "addr:district": null, "office": null, "government": null, "addr:hamlet": null, "name:es": null, "description:zh": null, "post_office:type": null, "addr:housenumber": null, "phone": null, "name:ta": null, "name:nl": null, "name:si": null, "alt_name": null, "junction": null, "designation": null, "man_made": null, "collection_times": null, "postal_code": null, "name:zh": null, "name:en": null, "atm": null, "ele": null, "brand:wikidata": null, "brand": null, "wikipedia": null, "wikidata": null, "opening_hours": null, "branch": null, "ref": null, "check_date": null, "addr:street": null, "addr:city": null, "operator": null, "name": "64 MannempityiyaHospital Road", "addr:postcode": null, "Date": "2015-01-01" }, "geometry": { "type": "Point", "coordinates": [ 81.1120615, 7.9088267 ] } },
{ "type": "Feature", "properties": { "fid": 271, "full_id": "n4352675189", "osm_id": "4352675189", "osm_type": "node", "amenity": "post_office", "survey:date": null, "wheelchair": null, "District": null, "addr:district": null, "office": null, "government": null, "addr:hamlet": null, "name:es": null, "description:zh": null, "post_office:type": null, "addr:housenumber": null, "phone": null, "name:ta": null, "name:nl": null, "name:si": null, "alt_name": null, "junction": null, "designation": null, "man_made": null, "collection_times": null, "postal_code": null, "name:zh": null, "name:en": null, "atm": null, "ele": null, "brand:wikidata": null, "brand": null, "wikipedia": null, "wikidata": null, "opening_hours": null, "branch": null, "ref": null, "check_date": null, "addr:street": null, "addr:city": null, "operator": null, "name": "65Sripura NuwaragalaVillage Road", "addr:postcode": null, "Date": "2015-01-01" }, "geometry": { "type": "Point", "coordinates": [ 81.1348413, 7.8870757 ] } },
{ "type": "Feature", "properties": { "fid": 272, "full_id": "n4352724520", "osm_id": "4352724520", "osm_type": "node", "amenity": "post_office", "survey:date": null, "wheelchair": null, "District": null, "addr:district": null, "office": null, "government": null, "addr:hamlet": null, "name:es": null, "description:zh": null, "post_office:type": null, "addr:housenumber": null, "phone": null, "name:ta": null, "name:nl": null, "name:si": null, "alt_name": null, "junction": null, "designation": null, "man_made": null, "collection_times": null, "postal_code": null, "name:zh": null, "name:en": null, "atm": null, "ele": null, "brand:wikidata": null, "brand": null, "wikipedia": null, "wikidata": null, "opening_hours": null, "branch": null, "ref": null, "check_date": null, "addr:street": null, "addr:city": null, "operator": null, "name": "8 Kannattiya Ashokapura Road", "addr:postcode": null, "Date": "2015-01-01" }, "geometry": { "type": "Point", "coordinates": [ 80.4787906, 8.3553562 ] } },
{ "type": "Feature", "properties": { "fid": 273, "full_id": "n4352724521", "osm_id": "4352724521", "osm_type": "node", "amenity": "post_office", "survey:date": null, "wheelchair": null, "District": null, "addr:district": null, "office": null, "government": null, "addr:hamlet": null, "name:es": null, "description:zh": null, "post_office:type": null, "addr:housenumber": null, "phone": null, "name:ta": null, "name:nl": null, "name:si": null, "alt_name": null, "junction": null, "designation": null, "man_made": null, "collection_times": null, "postal_code": null, "name:zh": null, "name:en": null, "atm": null, "ele": null, "brand:wikidata": null, "brand": null, "wikipedia": null, "wikidata": null, "opening_hours": null, "branch": null, "ref": null, "check_date": null, "addr:street": null, "addr:city": null, "operator": null, "name": "70 Katukeliyawa IhalaHalmillewa Sivalakulama Road", "addr:postcode": null, "Date": "2015-01-01" }, "geometry": { "type": "Point", "coordinates": [ 80.6251578, 8.3219663 ] } },
{ "type": "Feature", "properties": { "fid": 274, "full_id": "n4352724522", "osm_id": "4352724522", "osm_type": "node", "amenity": "post_office", "survey:date": null, "wheelchair": null, "District": null, "addr:district": null, "office": null, "government": null, "addr:hamlet": null, "name:es": null, "description:zh": null, "post_office:type": null, "addr:housenumber": null, "phone": null, "name:ta": null, "name:nl": null, "name:si": null, "alt_name": null, "junction": null, "designation": null, "man_made": null, "collection_times": null, "postal_code": null, "name:zh": null, "name:en": null, "atm": null, "ele": null, "brand:wikidata": null, "brand": null, "wikipedia": null, "wikidata": null, "opening_hours": null, "branch": null, "ref": null, "check_date": null, "addr:street": null, "addr:city": null, "operator": null, "name": "56 4th Post Thonigala Bridge Road", "addr:postcode": null, "Date": "2015-01-01" }, "geometry": { "type": "Point", "coordinates": [ 80.768839, 8.8910374 ] } },
{ "type": "Feature", "properties": { "fid": 275, "full_id": "n4352724523", "osm_id": "4352724523", "osm_type": "node", "amenity": "post_office", "survey:date": null, "wheelchair": null, "District": null, "addr:district": null, "office": null, "government": null, "addr:hamlet": null, "name:es": null, "description:zh": null, "post_office:type": null, "addr:housenumber": null, "phone": null, "name:ta": null, "name:nl": null, "name:si": null, "alt_name": null, "junction": null, "designation": null, "man_made": null, "collection_times": null, "postal_code": null, "name:zh": null, "name:en": null, "atm": null, "ele": null, "brand:wikidata": null, "brand": null, "wikipedia": null, "wikidata": null, "opening_hours": null, "branch": null, "ref": null, "check_date": null, "addr:street": null, "addr:city": null, "operator": null, "name": "51 Thelmola JunctionMilankulama ABGammanayaPuhulagewewa BalayaJunction Road", "addr:postcode": null, "Date": "2015-01-01" }, "geometry": { "type": "Point", "coordinates": [ 80.8282361, 8.8411964 ] } },
{ "type": "Feature", "properties": { "fid": 276, "full_id": "n4352724713", "osm_id": "4352724713", "osm_type": "node", "amenity": "post_office", "survey:date": null, "wheelchair": null, "District": null, "addr:district": null, "office": null, "government": null, "addr:hamlet": null, "name:es": null, "description:zh": null, "post_office:type": null, "addr:housenumber": null, "phone": null, "name:ta": null, "name:nl": null, "name:si": null, "alt_name": null, "junction": null, "designation": null, "man_made": null, "collection_times": null, "postal_code": null, "name:zh": null, "name:en": null, "atm": null, "ele": null, "brand:wikidata": null, "brand": null, "wikipedia": null, "wikidata": null, "opening_hours": null, "branch": null, "ref": null, "check_date": null, "addr:street": null, "addr:city": null, "operator": null, "name": "60 A-9 Road Labunoruwa Muriyakadawala Road", "addr:postcode": null, "Date": "2015-01-01" }, "geometry": { "type": "Point", "coordinates": [ 80.5265988, 8.1916354 ] } },
{ "type": "Feature", "properties": { "fid": 277, "full_id": "n4352724898", "osm_id": "4352724898", "osm_type": "node", "amenity": "post_office", "survey:date": null, "wheelchair": null, "District": null, "addr:district": null, "office": null, "government": null, "addr:hamlet": null, "name:es": null, "description:zh": null, "post_office:type": null, "addr:housenumber": null, "phone": null, "name:ta": null, "name:nl": null, "name:si": null, "alt_name": null, "junction": null, "designation": null, "man_made": null, "collection_times": null, "postal_code": null, "name:zh": null, "name:en": null, "atm": null, "ele": null, "brand:wikidata": null, "brand": null, "wikipedia": null, "wikidata": null, "opening_hours": null, "branch": null, "ref": null, "check_date": null, "addr:street": null, "addr:city": null, "operator": null, "name": "55 4th Post ThonigalaBridge Road", "addr:postcode": null, "Date": "2015-01-01" }, "geometry": { "type": "Point", "coordinates": [ 80.775542, 8.9079869 ] } },
{ "type": "Feature", "properties": { "fid": 278, "full_id": "n4352724899", "osm_id": "4352724899", "osm_type": "node", "amenity": "post_office", "survey:date": null, "wheelchair": null, "District": null, "addr:district": null, "office": null, "government": null, "addr:hamlet": null, "name:es": null, "description:zh": null, "post_office:type": null, "addr:housenumber": null, "phone": null, "name:ta": null, "name:nl": null, "name:si": null, "alt_name": null, "junction": null, "designation": null, "man_made": null, "collection_times": null, "postal_code": null, "name:zh": null, "name:en": null, "atm": null, "ele": null, "brand:wikidata": null, "brand": null, "wikipedia": null, "wikidata": null, "opening_hours": null, "branch": null, "ref": null, "check_date": null, "addr:street": null, "addr:city": null, "operator": null, "name": "19 Elagamuwa Junction Canal Road HorapolaNew Mosque Road", "addr:postcode": null, "Date": "2015-01-01" }, "geometry": { "type": "Point", "coordinates": [ 80.6088721, 7.9969323 ] } },
{ "type": "Feature", "properties": { "fid": 279, "full_id": "n4352725001", "osm_id": "4352725001", "osm_type": "node", "amenity": "post_office", "survey:date": null, "wheelchair": null, "District": null, "addr:district": null, "office": null, "government": null, "addr:hamlet": null, "name:es": null, "description:zh": null, "post_office:type": null, "addr:housenumber": null, "phone": null, "name:ta": null, "name:nl": null, "name:si": null, "alt_name": null, "junction": null, "designation": null, "man_made": null, "collection_times": null, "postal_code": null, "name:zh": null, "name:en": null, "atm": null, "ele": null, "brand:wikidata": null, "brand": null, "wikipedia": null, "wikidata": null, "opening_hours": null, "branch": null, "ref": null, "check_date": null, "addr:street": null, "addr:city": null, "operator": null, "name": "50 40 Kolaniya Bus Halt Nawagammanaya Road", "addr:postcode": null, "Date": "2015-01-01" }, "geometry": { "type": "Point", "coordinates": [ 80.7689729, 8.8781105 ] } },
{ "type": "Feature", "properties": { "fid": 280, "full_id": "n4352725002", "osm_id": "4352725002", "osm_type": "node", "amenity": "post_office", "survey:date": null, "wheelchair": null, "District": null, "addr:district": null, "office": null, "government": null, "addr:hamlet": null, "name:es": null, "description:zh": null, "post_office:type": null, "addr:housenumber": null, "phone": null, "name:ta": null, "name:nl": null, "name:si": null, "alt_name": null, "junction": null, "designation": null, "man_made": null, "collection_times": null, "postal_code": null, "name:zh": null, "name:en": null, "atm": null, "ele": null, "brand:wikidata": null, "brand": null, "wikipedia": null, "wikidata": null, "opening_hours": null, "branch": null, "ref": null, "check_date": null, "addr:street": null, "addr:city": null, "operator": null, "name": "52 Mailagashandiya Daluggala Jayanthi Road", "addr:postcode": null, "Date": "2015-01-01" }, "geometry": { "type": "Point", "coordinates": [ 80.8673627, 8.8818734 ] } },
{ "type": "Feature", "properties": { "fid": 281, "full_id": "n4352725143", "osm_id": "4352725143", "osm_type": "node", "amenity": "post_office", "survey:date": null, "wheelchair": null, "District": null, "addr:district": null, "office": null, "government": null, "addr:hamlet": null, "name:es": null, "description:zh": null, "post_office:type": null, "addr:housenumber": null, "phone": null, "name:ta": null, "name:nl": null, "name:si": null, "alt_name": null, "junction": null, "designation": null, "man_made": null, "collection_times": null, "postal_code": null, "name:zh": null, "name:en": null, "atm": null, "ele": null, "brand:wikidata": null, "brand": null, "wikipedia": null, "wikidata": null, "opening_hours": null, "branch": null, "ref": null, "check_date": null, "addr:street": null, "addr:city": null, "operator": null, "name": "40 Saliya MawathaThannayakulamaRoad", "addr:postcode": null, "Date": "2015-01-01" }, "geometry": { "type": "Point", "coordinates": [ 80.4285674, 8.3628867 ] } },
{ "type": "Feature", "properties": { "fid": 282, "full_id": "n4352725144", "osm_id": "4352725144", "osm_type": "node", "amenity": "post_office", "survey:date": null, "wheelchair": null, "District": null, "addr:district": null, "office": null, "government": null, "addr:hamlet": null, "name:es": null, "description:zh": null, "post_office:type": null, "addr:housenumber": null, "phone": null, "name:ta": null, "name:nl": null, "name:si": null, "alt_name": null, "junction": null, "designation": null, "man_made": null, "collection_times": null, "postal_code": null, "name:zh": null, "name:en": null, "atm": null, "ele": null, "brand:wikidata": null, "brand": null, "wikipedia": null, "wikidata": null, "opening_hours": null, "branch": null, "ref": null, "check_date": null, "addr:street": null, "addr:city": null, "operator": null, "name": "53 Ruwanpura School Road", "addr:postcode": null, "Date": "2015-01-01" }, "geometry": { "type": "Point", "coordinates": [ 80.8265987, 8.8394609 ] } },
{ "type": "Feature", "properties": { "fid": 283, "full_id": "n4352725145", "osm_id": "4352725145", "osm_type": "node", "amenity": "post_office", "survey:date": null, "wheelchair": null, "District": null, "addr:district": null, "office": null, "government": null, "addr:hamlet": null, "name:es": null, "description:zh": null, "post_office:type": null, "addr:housenumber": null, "phone": null, "name:ta": null, "name:nl": null, "name:si": null, "alt_name": null, "junction": null, "designation": null, "man_made": null, "collection_times": null, "postal_code": null, "name:zh": null, "name:en": null, "atm": null, "ele": null, "brand:wikidata": null, "brand": null, "wikipedia": null, "wikidata": null, "opening_hours": null, "branch": null, "ref": null, "check_date": null, "addr:street": null, "addr:city": null, "operator": null, "name": "27 KudawatagalaDambuluhalmillewaRoad", "addr:postcode": null, "Date": "2015-01-01" }, "geometry": { "type": "Point", "coordinates": [ 80.5807734, 7.9207505 ] } },
{ "type": "Feature", "properties": { "fid": 284, "full_id": "n4352725146", "osm_id": "4352725146", "osm_type": "node", "amenity": "post_office", "survey:date": null, "wheelchair": null, "District": null, "addr:district": null, "office": null, "government": null, "addr:hamlet": null, "name:es": null, "description:zh": null, "post_office:type": null, "addr:housenumber": null, "phone": null, "name:ta": null, "name:nl": null, "name:si": null, "alt_name": null, "junction": null, "designation": null, "man_made": null, "collection_times": null, "postal_code": null, "name:zh": null, "name:en": null, "atm": null, "ele": null, "brand:wikidata": null, "brand": null, "wikipedia": null, "wikidata": null, "opening_hours": null, "branch": null, "ref": null, "check_date": null, "addr:street": null, "addr:city": null, "operator": null, "name": "28 Ulpothagama JunctionMorotthegama Road", "addr:postcode": null, "Date": "2015-01-01" }, "geometry": { "type": "Point", "coordinates": [ 80.5643633, 7.9121415 ] } },
{ "type": "Feature", "properties": { "fid": 285, "full_id": "n4352729493", "osm_id": "4352729493", "osm_type": "node", "amenity": "post_office", "survey:date": null, "wheelchair": null, "District": null, "addr:district": null, "office": null, "government": null, "addr:hamlet": null, "name:es": null, "description:zh": null, "post_office:type": null, "addr:housenumber": null, "phone": null, "name:ta": null, "name:nl": null, "name:si": null, "alt_name": null, "junction": null, "designation": null, "man_made": null, "collection_times": null, "postal_code": null, "name:zh": null, "name:en": null, "atm": null, "ele": null, "brand:wikidata": null, "brand": null, "wikipedia": null, "wikidata": null, "opening_hours": null, "branch": null, "ref": null, "check_date": null, "addr:street": null, "addr:city": null, "operator": null, "name": "6 KurundankaulamaSchool ViaKalaththewa MataleJunction Road", "addr:postcode": null, "Date": "2015-01-01" }, "geometry": { "type": "Point", "coordinates": [ 80.4638578, 8.3548067 ] } },
{ "type": "Feature", "properties": { "fid": 286, "full_id": "n4352729494", "osm_id": "4352729494", "osm_type": "node", "amenity": "post_office", "survey:date": null, "wheelchair": null, "District": null, "addr:district": null, "office": null, "government": null, "addr:hamlet": null, "name:es": null, "description:zh": null, "post_office:type": null, "addr:housenumber": null, "phone": null, "name:ta": null, "name:nl": null, "name:si": null, "alt_name": null, "junction": null, "designation": null, "man_made": null, "collection_times": null, "postal_code": null, "name:zh": null, "name:en": null, "atm": null, "ele": null, "brand:wikidata": null, "brand": null, "wikipedia": null, "wikidata": null, "opening_hours": null, "branch": null, "ref": null, "check_date": null, "addr:street": null, "addr:city": null, "operator": null, "name": "7 Mahakanadarawa left bank Elakanda Road", "addr:postcode": null, "Date": "2015-01-01" }, "geometry": { "type": "Point", "coordinates": [ 80.5032967, 8.4272101 ] } },
{ "type": "Feature", "properties": { "fid": 287, "full_id": "n4352729495", "osm_id": "4352729495", "osm_type": "node", "amenity": "post_office", "survey:date": null, "wheelchair": null, "District": null, "addr:district": null, "office": null, "government": null, "addr:hamlet": null, "name:es": null, "description:zh": null, "post_office:type": null, "addr:housenumber": null, "phone": null, "name:ta": null, "name:nl": null, "name:si": null, "alt_name": null, "junction": null, "designation": null, "man_made": null, "collection_times": null, "postal_code": null, "name:zh": null, "name:en": null, "atm": null, "ele": null, "brand:wikidata": null, "brand": null, "wikipedia": null, "wikidata": null, "opening_hours": null, "branch": null, "ref": null, "check_date": null, "addr:street": null, "addr:city": null, "operator": null, "name": "26 BalaluwewaKarawilagala Road", "addr:postcode": null, "Date": "2015-01-01" }, "geometry": { "type": "Point", "coordinates": [ 80.5289641, 7.9806354 ] } },
{ "type": "Feature", "properties": { "fid": 288, "full_id": "n4352730893", "osm_id": "4352730893", "osm_type": "node", "amenity": "post_office", "survey:date": null, "wheelchair": null, "District": null, "addr:district": null, "office": null, "government": null, "addr:hamlet": null, "name:es": null, "description:zh": null, "post_office:type": null, "addr:housenumber": null, "phone": null, "name:ta": null, "name:nl": null, "name:si": null, "alt_name": null, "junction": null, "designation": null, "man_made": null, "collection_times": null, "postal_code": null, "name:zh": null, "name:en": null, "atm": null, "ele": null, "brand:wikidata": null, "brand": null, "wikipedia": null, "wikidata": null, "opening_hours": null, "branch": null, "ref": null, "check_date": null, "addr:street": null, "addr:city": null, "operator": null, "name": "9, Welankulama Junction- Alappamkulama Road", "addr:postcode": null, "Date": "2015-01-01" }, "geometry": { "type": "Point", "coordinates": [ 80.5322017, 8.3649497 ] } },
{ "type": "Feature", "properties": { "fid": 289, "full_id": "n4352782389", "osm_id": "4352782389", "osm_type": "node", "amenity": "post_office", "survey:date": null, "wheelchair": null, "District": null, "addr:district": null, "office": null, "government": null, "addr:hamlet": null, "name:es": null, "description:zh": null, "post_office:type": null, "addr:housenumber": null, "phone": null, "name:ta": null, "name:nl": null, "name:si": null, "alt_name": null, "junction": null, "designation": null, "man_made": null, "collection_times": null, "postal_code": null, "name:zh": null, "name:en": null, "atm": null, "ele": null, "brand:wikidata": null, "brand": null, "wikipedia": null, "wikidata": null, "opening_hours": null, "branch": null, "ref": null, "check_date": null, "addr:street": null, "addr:city": null, "operator": null, "name": "23 Dabawatana Road", "addr:postcode": null, "Date": "2015-01-01" }, "geometry": { "type": "Point", "coordinates": [ 80.5730069, 7.9591356 ] } },
{ "type": "Feature", "properties": { "fid": 290, "full_id": "n4361019370", "osm_id": "4361019370", "osm_type": "node", "amenity": "post_office", "survey:date": null, "wheelchair": null, "District": null, "addr:district": null, "office": null, "government": null, "addr:hamlet": null, "name:es": null, "description:zh": null, "post_office:type": null, "addr:housenumber": null, "phone": null, "name:ta": null, "name:nl": null, "name:si": null, "alt_name": null, "junction": null, "designation": null, "man_made": null, "collection_times": null, "postal_code": null, "name:zh": null, "name:en": null, "atm": null, "ele": null, "brand:wikidata": null, "brand": null, "wikipedia": null, "wikidata": null, "opening_hours": null, "branch": null, "ref": null, "check_date": null, "addr:street": null, "addr:city": null, "operator": null, "name": "Anamaduwa post office", "addr:postcode": null, "Date": "2015-01-01" }, "geometry": { "type": "Point", "coordinates": [ 80.0084675, 7.8804693 ] } },
{ "type": "Feature", "properties": { "fid": 291, "full_id": "n4362218089", "osm_id": "4362218089", "osm_type": "node", "amenity": "post_office", "survey:date": null, "wheelchair": null, "District": null, "addr:district": null, "office": null, "government": null, "addr:hamlet": null, "name:es": null, "description:zh": null, "post_office:type": null, "addr:housenumber": null, "phone": null, "name:ta": null, "name:nl": "Postkantoor", "name:si": null, "alt_name": null, "junction": null, "designation": null, "man_made": null, "collection_times": null, "postal_code": null, "name:zh": null, "name:en": null, "atm": null, "ele": null, "brand:wikidata": null, "brand": null, "wikipedia": null, "wikidata": null, "opening_hours": null, "branch": null, "ref": null, "check_date": null, "addr:street": null, "addr:city": null, "operator": null, "name": null, "addr:postcode": null, "Date": "2015-01-01" }, "geometry": { "type": "Point", "coordinates": [ 79.8503548, 6.910544 ] } },
{ "type": "Feature", "properties": { "fid": 292, "full_id": "n4367174196", "osm_id": "4367174196", "osm_type": "node", "amenity": "post_office", "survey:date": null, "wheelchair": null, "District": null, "addr:district": null, "office": null, "government": null, "addr:hamlet": null, "name:es": null, "description:zh": null, "post_office:type": null, "addr:housenumber": null, "phone": null, "name:ta": null, "name:nl": null, "name:si": null, "alt_name": null, "junction": null, "designation": null, "man_made": null, "collection_times": null, "postal_code": null, "name:zh": null, "name:en": "45 Abeypura housing Scheme toThammennapura", "atm": null, "ele": null, "brand:wikidata": null, "brand": null, "wikipedia": null, "wikidata": null, "opening_hours": null, "branch": null, "ref": null, "check_date": null, "addr:street": null, "addr:city": null, "operator": null, "name": null, "addr:postcode": null, "Date": "2015-01-01" }, "geometry": { "type": "Point", "coordinates": [ 80.4310486, 8.2969734 ] } },
{ "type": "Feature", "properties": { "fid": 293, "full_id": "n4367178496", "osm_id": "4367178496", "osm_type": "node", "amenity": "post_office", "survey:date": null, "wheelchair": null, "District": null, "addr:district": null, "office": null, "government": null, "addr:hamlet": null, "name:es": null, "description:zh": null, "post_office:type": null, "addr:housenumber": null, "phone": null, "name:ta": null, "name:nl": null, "name:si": null, "alt_name": null, "junction": null, "designation": null, "man_made": null, "collection_times": null, "postal_code": null, "name:zh": null, "name:en": "71 Palugaswewa -Udakadawala", "atm": null, "ele": null, "brand:wikidata": null, "brand": null, "wikipedia": null, "wikidata": null, "opening_hours": null, "branch": null, "ref": null, "check_date": null, "addr:street": null, "addr:city": null, "operator": null, "name": null, "addr:postcode": null, "Date": "2015-01-01" }, "geometry": { "type": "Point", "coordinates": [ 80.7045578, 8.0660083 ] } },
{ "type": "Feature", "properties": { "fid": 294, "full_id": "n4367205391", "osm_id": "4367205391", "osm_type": "node", "amenity": "post_office", "survey:date": null, "wheelchair": null, "District": null, "addr:district": null, "office": null, "government": null, "addr:hamlet": null, "name:es": null, "description:zh": null, "post_office:type": null, "addr:housenumber": null, "phone": null, "name:ta": null, "name:nl": null, "name:si": null, "alt_name": null, "junction": null, "designation": null, "man_made": null, "collection_times": null, "postal_code": null, "name:zh": null, "name:en": "24 Palugaswewa Mahakekirawa Road", "atm": null, "ele": null, "brand:wikidata": null, "brand": null, "wikipedia": null, "wikidata": null, "opening_hours": null, "branch": null, "ref": null, "check_date": null, "addr:street": null, "addr:city": null, "operator": null, "name": null, "addr:postcode": null, "Date": "2015-01-01" }, "geometry": { "type": "Point", "coordinates": [ 80.709085, 8.0638011 ] } },
{ "type": "Feature", "properties": { "fid": 295, "full_id": "n4367206689", "osm_id": "4367206689", "osm_type": "node", "amenity": "post_office", "survey:date": null, "wheelchair": null, "District": null, "addr:district": null, "office": null, "government": null, "addr:hamlet": null, "name:es": null, "description:zh": null, "post_office:type": null, "addr:housenumber": null, "phone": null, "name:ta": null, "name:nl": null, "name:si": null, "alt_name": null, "junction": null, "designation": null, "man_made": null, "collection_times": null, "postal_code": null, "name:zh": null, "name:en": null, "atm": null, "ele": null, "brand:wikidata": null, "brand": null, "wikipedia": null, "wikidata": null, "opening_hours": null, "branch": null, "ref": null, "check_date": null, "addr:street": null, "addr:city": null, "operator": null, "name": "i Road NCP Office", "addr:postcode": null, "Date": "2015-01-01" }, "geometry": { "type": "Point", "coordinates": [ 80.4130328, 8.3084375 ] } },
{ "type": "Feature", "properties": { "fid": 296, "full_id": "n4367206791", "osm_id": "4367206791", "osm_type": "node", "amenity": "post_office", "survey:date": null, "wheelchair": null, "District": null, "addr:district": null, "office": null, "government": null, "addr:hamlet": null, "name:es": null, "description:zh": null, "post_office:type": null, "addr:housenumber": null, "phone": null, "name:ta": null, "name:nl": null, "name:si": null, "alt_name": null, "junction": null, "designation": null, "man_made": null, "collection_times": null, "postal_code": null, "name:zh": null, "name:en": "25 Laksirigama Puwakpitiya Kudarambewa Road", "atm": null, "ele": null, "brand:wikidata": null, "brand": null, "wikipedia": null, "wikidata": null, "opening_hours": null, "branch": null, "ref": null, "check_date": null, "addr:street": null, "addr:city": null, "operator": null, "name": null, "addr:postcode": null, "Date": "2015-01-01" }, "geometry": { "type": "Point", "coordinates": [ 80.7442146, 8.0435265 ] } },
{ "type": "Feature", "properties": { "fid": 297, "full_id": "n4367206892", "osm_id": "4367206892", "osm_type": "node", "amenity": "post_office", "survey:date": null, "wheelchair": null, "District": null, "addr:district": null, "office": null, "government": null, "addr:hamlet": null, "name:es": null, "description:zh": null, "post_office:type": null, "addr:housenumber": null, "phone": null, "name:ta": null, "name:nl": null, "name:si": null, "alt_name": null, "junction": null, "designation": null, "man_made": null, "collection_times": null, "postal_code": null, "name:zh": null, "name:en": "43 CEB Depot PahalaKeerikkulama -KeerikkulamaNachchaduwa Road", "atm": null, "ele": null, "brand:wikidata": null, "brand": null, "wikipedia": null, "wikidata": null, "opening_hours": null, "branch": null, "ref": null, "check_date": null, "addr:street": null, "addr:city": null, "operator": null, "name": null, "addr:postcode": null, "Date": "2015-01-01" }, "geometry": { "type": "Point", "coordinates": [ 80.4454403, 8.3033872 ] } },
{ "type": "Feature", "properties": { "fid": 298, "full_id": "n4367206893", "osm_id": "4367206893", "osm_type": "node", "amenity": "post_office", "survey:date": null, "wheelchair": null, "District": null, "addr:district": null, "office": null, "government": null, "addr:hamlet": null, "name:es": null, "description:zh": null, "post_office:type": null, "addr:housenumber": null, "phone": null, "name:ta": null, "name:nl": null, "name:si": null, "alt_name": null, "junction": null, "designation": null, "man_made": null, "collection_times": null, "postal_code": null, "name:zh": null, "name:en": "46 Nagasena Mawatha", "atm": null, "ele": null, "brand:wikidata": null, "brand": null, "wikipedia": null, "wikidata": null, "opening_hours": null, "branch": null, "ref": null, "check_date": null, "addr:street": null, "addr:city": null, "operator": null, "name": null, "addr:postcode": null, "Date": "2015-01-01" }, "geometry": { "type": "Point", "coordinates": [ 80.4157555, 8.3138282 ] } },
{ "type": "Feature", "properties": { "fid": 299, "full_id": "n4367207090", "osm_id": "4367207090", "osm_type": "node", "amenity": "post_office", "survey:date": null, "wheelchair": null, "District": null, "addr:district": null, "office": null, "government": null, "addr:hamlet": null, "name:es": null, "description:zh": null, "post_office:type": null, "addr:housenumber": null, "phone": null, "name:ta": null, "name:nl": null, "name:si": null, "alt_name": null, "junction": null, "designation": null, "man_made": null, "collection_times": null, "postal_code": null, "name:zh": null, "name:en": "69 MahailuppallamaFarm Akkara 100 to Senapura KatiyawaRoad", "atm": null, "ele": null, "brand:wikidata": null, "brand": null, "wikipedia": null, "wikidata": null, "opening_hours": null, "branch": null, "ref": null, "check_date": null, "addr:street": null, "addr:city": null, "operator": null, "name": null, "addr:postcode": null, "Date": "2015-01-01" }, "geometry": { "type": "Point", "coordinates": [ 80.4720883, 8.1155506 ] } },
{ "type": "Feature", "properties": { "fid": 300, "full_id": "n4367210497", "osm_id": "4367210497", "osm_type": "node", "amenity": "post_office", "survey:date": null, "wheelchair": null, "District": null, "addr:district": null, "office": null, "government": null, "addr:hamlet": null, "name:es": null, "description:zh": null, "post_office:type": null, "addr:housenumber": null, "phone": null, "name:ta": null, "name:nl": null, "name:si": null, "alt_name": null, "junction": null, "designation": null, "man_made": null, "collection_times": null, "postal_code": null, "name:zh": null, "name:en": "41 SucharithagamaYahalegama Temple Road", "atm": null, "ele": null, "brand:wikidata": null, "brand": null, "wikipedia": null, "wikidata": null, "opening_hours": null, "branch": null, "ref": null, "check_date": null, "addr:street": null, "addr:city": null, "operator": null, "name": null, "addr:postcode": null, "Date": "2015-01-01" }, "geometry": { "type": "Point", "coordinates": [ 80.4579458, 8.286471 ] } },
{ "type": "Feature", "properties": { "fid": 301, "full_id": "n4367226890", "osm_id": "4367226890", "osm_type": "node", "amenity": "post_office", "survey:date": null, "wheelchair": null, "District": null, "addr:district": null, "office": null, "government": null, "addr:hamlet": null, "name:es": null, "description:zh": null, "post_office:type": null, "addr:housenumber": null, "phone": null, "name:ta": null, "name:nl": null, "name:si": null, "alt_name": null, "junction": null, "designation": null, "man_made": null, "collection_times": null, "postal_code": null, "name:zh": null, "name:en": "66 Thammennawa Junction Kumbukwewa SiyanbalawewaHunupalagama Rd", "atm": null, "ele": null, "brand:wikidata": null, "brand": null, "wikipedia": null, "wikidata": null, "opening_hours": null, "branch": null, "ref": null, "check_date": null, "addr:street": null, "addr:city": null, "operator": null, "name": null, "addr:postcode": null, "Date": "2015-01-01" }, "geometry": { "type": "Point", "coordinates": [ 80.4542271, 7.997309 ] } },
{ "type": "Feature", "properties": { "fid": 302, "full_id": "n4367241889", "osm_id": "4367241889", "osm_type": "node", "amenity": "post_office", "survey:date": null, "wheelchair": null, "District": null, "addr:district": null, "office": null, "government": null, "addr:hamlet": null, "name:es": null, "description:zh": null, "post_office:type": null, "addr:housenumber": null, "phone": null, "name:ta": null, "name:nl": null, "name:si": null, "alt_name": null, "junction": null, "designation": null, "man_made": null, "collection_times": null, "postal_code": null, "name:zh": null, "name:en": "68 6 Ela Walpaluwa to Kagama 2 Ela Road", "atm": null, "ele": null, "brand:wikidata": null, "brand": null, "wikipedia": null, "wikidata": null, "opening_hours": null, "branch": null, "ref": null, "check_date": null, "addr:street": null, "addr:city": null, "operator": null, "name": null, "addr:postcode": null, "Date": "2015-01-01" }, "geometry": { "type": "Point", "coordinates": [ 80.4704883, 8.0796805 ] } },
{ "type": "Feature", "properties": { "fid": 303, "full_id": "n4367242989", "osm_id": "4367242989", "osm_type": "node", "amenity": "post_office", "survey:date": null, "wheelchair": null, "District": null, "addr:district": null, "office": null, "government": null, "addr:hamlet": null, "name:es": null, "description:zh": null, "post_office:type": null, "addr:housenumber": null, "phone": null, "name:ta": null, "name:nl": null, "name:si": null, "alt_name": null, "junction": null, "designation": null, "man_made": null, "collection_times": null, "postal_code": null, "name:zh": null, "name:en": "2 Eppawala Police Junction Jaya GangaRotawewa", "atm": null, "ele": null, "brand:wikidata": null, "brand": null, "wikipedia": null, "wikidata": null, "opening_hours": null, "branch": null, "ref": null, "check_date": null, "addr:street": null, "addr:city": null, "operator": null, "name": null, "addr:postcode": null, "Date": "2015-01-01" }, "geometry": { "type": "Point", "coordinates": [ 80.4089163, 8.1489291 ] } },
{ "type": "Feature", "properties": { "fid": 304, "full_id": "n4367244789", "osm_id": "4367244789", "osm_type": "node", "amenity": "post_office", "survey:date": null, "wheelchair": null, "District": null, "addr:district": null, "office": null, "government": null, "addr:hamlet": null, "name:es": null, "description:zh": null, "post_office:type": null, "addr:housenumber": null, "phone": null, "name:ta": null, "name:nl": null, "name:si": null, "alt_name": null, "junction": null, "designation": null, "man_made": null, "collection_times": null, "postal_code": null, "name:zh": null, "name:en": "3 15 kanuwa -Kiriamunukole -Mawathawewa", "atm": null, "ele": null, "brand:wikidata": null, "brand": null, "wikipedia": null, "wikidata": null, "opening_hours": null, "branch": null, "ref": null, "check_date": null, "addr:street": null, "addr:city": null, "operator": null, "name": null, "addr:postcode": null, "Date": "2015-01-01" }, "geometry": { "type": "Point", "coordinates": [ 80.4268996, 8.1573654 ] } },
{ "type": "Feature", "properties": { "fid": 305, "full_id": "n4373247193", "osm_id": "4373247193", "osm_type": "node", "amenity": "post_office", "survey:date": null, "wheelchair": null, "District": null, "addr:district": null, "office": null, "government": null, "addr:hamlet": null, "name:es": null, "description:zh": null, "post_office:type": null, "addr:housenumber": null, "phone": null, "name:ta": null, "name:nl": null, "name:si": null, "alt_name": null, "junction": null, "designation": null, "man_made": null, "collection_times": null, "postal_code": null, "name:zh": null, "name:en": "8 Orubendisiyambalawa Road", "atm": null, "ele": null, "brand:wikidata": null, "brand": null, "wikipedia": null, "wikidata": null, "opening_hours": null, "branch": null, "ref": null, "check_date": null, "addr:street": null, "addr:city": null, "operator": null, "name": null, "addr:postcode": null, "Date": "2015-01-01" }, "geometry": { "type": "Point", "coordinates": [ 80.8021767, 7.7583151 ] } },
{ "type": "Feature", "properties": { "fid": 306, "full_id": "n4373256190", "osm_id": "4373256190", "osm_type": "node", "amenity": "post_office", "survey:date": null, "wheelchair": null, "District": null, "addr:district": null, "office": null, "government": null, "addr:hamlet": null, "name:es": null, "description:zh": null, "post_office:type": null, "addr:housenumber": null, "phone": null, "name:ta": null, "name:nl": null, "name:si": null, "alt_name": null, "junction": null, "designation": null, "man_made": null, "collection_times": null, "postal_code": null, "name:zh": null, "name:en": "6 Bakamuna -Damanayaya Housingsceam Road", "atm": null, "ele": null, "brand:wikidata": null, "brand": null, "wikipedia": null, "wikidata": null, "opening_hours": null, "branch": null, "ref": null, "check_date": null, "addr:street": null, "addr:city": null, "operator": null, "name": null, "addr:postcode": null, "Date": "2015-01-01" }, "geometry": { "type": "Point", "coordinates": [ 80.8169568, 7.7800547 ] } },
{ "type": "Feature", "properties": { "fid": 307, "full_id": "n4373278593", "osm_id": "4373278593", "osm_type": "node", "amenity": "post_office", "survey:date": null, "wheelchair": null, "District": null, "addr:district": null, "office": null, "government": null, "addr:hamlet": null, "name:es": null, "description:zh": null, "post_office:type": null, "addr:housenumber": null, "phone": null, "name:ta": null, "name:nl": null, "name:si": null, "alt_name": null, "junction": null, "designation": null, "man_made": null, "collection_times": null, "postal_code": null, "name:zh": null, "name:en": "4 Velank Kattuwa Road", "atm": null, "ele": null, "brand:wikidata": null, "brand": null, "wikipedia": null, "wikidata": null, "opening_hours": null, "branch": null, "ref": null, "check_date": null, "addr:street": null, "addr:city": null, "operator": null, "name": null, "addr:postcode": null, "Date": "2015-01-01" }, "geometry": { "type": "Point", "coordinates": [ 80.7905169, 7.7314299 ] } },
{ "type": "Feature", "properties": { "fid": 308, "full_id": "n4373292789", "osm_id": "4373292789", "osm_type": "node", "amenity": "post_office", "survey:date": null, "wheelchair": null, "District": null, "addr:district": null, "office": null, "government": null, "addr:hamlet": null, "name:es": null, "description:zh": null, "post_office:type": null, "addr:housenumber": null, "phone": null, "name:ta": null, "name:nl": null, "name:si": null, "alt_name": null, "junction": null, "designation": null, "man_made": null, "collection_times": null, "postal_code": null, "name:zh": null, "name:en": "7 Srikanduyaya Main Road - Track 18", "atm": null, "ele": null, "brand:wikidata": null, "brand": null, "wikipedia": null, "wikidata": null, "opening_hours": null, "branch": null, "ref": null, "check_date": null, "addr:street": null, "addr:city": null, "operator": null, "name": null, "addr:postcode": null, "Date": "2015-01-01" }, "geometry": { "type": "Point", "coordinates": [ 80.8427412, 7.7830153 ] } },
{ "type": "Feature", "properties": { "fid": 309, "full_id": "n4375182100", "osm_id": "4375182100", "osm_type": "node", "amenity": "post_office", "survey:date": null, "wheelchair": null, "District": null, "addr:district": null, "office": null, "government": null, "addr:hamlet": null, "name:es": null, "description:zh": null, "post_office:type": null, "addr:housenumber": null, "phone": null, "name:ta": null, "name:nl": null, "name:si": null, "alt_name": null, "junction": null, "designation": null, "man_made": null, "collection_times": null, "postal_code": null, "name:zh": null, "name:en": "10 Yaya 32 Temple - 33Bisokotuwa Junction", "atm": null, "ele": null, "brand:wikidata": null, "brand": null, "wikipedia": null, "wikidata": null, "opening_hours": null, "branch": null, "ref": null, "check_date": null, "addr:street": null, "addr:city": null, "operator": null, "name": null, "addr:postcode": null, "Date": "2015-01-01" }, "geometry": { "type": "Point", "coordinates": [ 80.8590537, 7.912382 ] } },
{ "type": "Feature", "properties": { "fid": 310, "full_id": "n4375182108", "osm_id": "4375182108", "osm_type": "node", "amenity": "post_office", "survey:date": null, "wheelchair": null, "District": null, "addr:district": null, "office": null, "government": null, "addr:hamlet": null, "name:es": null, "description:zh": null, "post_office:type": null, "addr:housenumber": null, "phone": null, "name:ta": null, "name:nl": null, "name:si": null, "alt_name": null, "junction": null, "designation": null, "man_made": null, "collection_times": null, "postal_code": null, "name:zh": null, "name:en": "29 Pimpara PansalgodaMain Road -Sansungama 21 Division", "atm": null, "ele": null, "brand:wikidata": null, "brand": null, "wikipedia": null, "wikidata": null, "opening_hours": null, "branch": null, "ref": null, "check_date": null, "addr:street": null, "addr:city": null, "operator": null, "name": null, "addr:postcode": null, "Date": "2015-01-01" }, "geometry": { "type": "Point", "coordinates": [ 81.0514291, 8.0844592 ] } },
{ "type": "Feature", "properties": { "fid": 311, "full_id": "n4375182110", "osm_id": "4375182110", "osm_type": "node", "amenity": "post_office", "survey:date": null, "wheelchair": null, "District": null, "addr:district": null, "office": null, "government": null, "addr:hamlet": null, "name:es": null, "description:zh": null, "post_office:type": null, "addr:housenumber": null, "phone": null, "name:ta": null, "name:nl": null, "name:si": null, "alt_name": null, "junction": null, "designation": null, "man_made": null, "collection_times": null, "postal_code": null, "name:zh": null, "name:en": "72 DeberellaSudupalama -Gallamuna", "atm": null, "ele": null, "brand:wikidata": null, "brand": null, "wikipedia": null, "wikidata": null, "opening_hours": null, "branch": null, "ref": null, "check_date": null, "addr:street": null, "addr:city": null, "operator": null, "name": null, "addr:postcode": null, "Date": "2015-01-01" }, "geometry": { "type": "Point", "coordinates": [ 81.0348236, 8.0597018 ] } },
{ "type": "Feature", "properties": { "fid": 312, "full_id": "n4375184695", "osm_id": "4375184695", "osm_type": "node", "amenity": "post_office", "survey:date": null, "wheelchair": null, "District": null, "addr:district": null, "office": null, "government": null, "addr:hamlet": null, "name:es": null, "description:zh": null, "post_office:type": null, "addr:housenumber": null, "phone": null, "name:ta": null, "name:nl": null, "name:si": null, "alt_name": null, "junction": null, "designation": null, "man_made": null, "collection_times": null, "postal_code": null, "name:zh": null, "name:en": "5 Sarubima - Segala", "atm": null, "ele": null, "brand:wikidata": null, "brand": null, "wikipedia": null, "wikidata": null, "opening_hours": null, "branch": null, "ref": null, "check_date": null, "addr:street": null, "addr:city": null, "operator": null, "name": null, "addr:postcode": null, "Date": "2015-01-01" }, "geometry": { "type": "Point", "coordinates": [ 80.8480209, 7.8291537 ] } },
{ "type": "Feature", "properties": { "fid": 313, "full_id": "n4375184703", "osm_id": "4375184703", "osm_type": "node", "amenity": "post_office", "survey:date": null, "wheelchair": null, "District": null, "addr:district": null, "office": null, "government": null, "addr:hamlet": null, "name:es": null, "description:zh": null, "post_office:type": null, "addr:housenumber": null, "phone": null, "name:ta": null, "name:nl": null, "name:si": null, "alt_name": null, "junction": null, "designation": null, "man_made": null, "collection_times": null, "postal_code": null, "name:zh": null, "name:en": "36 Pimpara PansalgodaMain Road -Sansungama 21 Division", "atm": null, "ele": null, "brand:wikidata": null, "brand": null, "wikipedia": null, "wikidata": null, "opening_hours": null, "branch": null, "ref": null, "check_date": null, "addr:street": null, "addr:city": null, "operator": null, "name": null, "addr:postcode": null, "Date": "2015-01-01" }, "geometry": { "type": "Point", "coordinates": [ 81.0197116, 8.0825946 ] } },
{ "type": "Feature", "properties": { "fid": 314, "full_id": "n4375188100", "osm_id": "4375188100", "osm_type": "node", "amenity": "post_office", "survey:date": null, "wheelchair": null, "District": null, "addr:district": null, "office": null, "government": null, "addr:hamlet": null, "name:es": null, "description:zh": null, "post_office:type": null, "addr:housenumber": null, "phone": null, "name:ta": null, "name:nl": null, "name:si": null, "alt_name": null, "junction": null, "designation": null, "man_made": null, "collection_times": null, "postal_code": null, "name:zh": null, "name:en": "2 Gange yaya Village Road", "atm": null, "ele": null, "brand:wikidata": null, "brand": null, "wikipedia": null, "wikidata": null, "opening_hours": null, "branch": null, "ref": null, "check_date": null, "addr:street": null, "addr:city": null, "operator": null, "name": null, "addr:postcode": null, "Date": "2015-01-01" }, "geometry": { "type": "Point", "coordinates": [ 80.8358374, 7.8191785 ] } },
{ "type": "Feature", "properties": { "fid": 315, "full_id": "n4375188104", "osm_id": "4375188104", "osm_type": "node", "amenity": "post_office", "survey:date": null, "wheelchair": null, "District": null, "addr:district": null, "office": null, "government": null, "addr:hamlet": null, "name:es": null, "description:zh": null, "post_office:type": null, "addr:housenumber": null, "phone": null, "name:ta": null, "name:nl": null, "name:si": null, "alt_name": null, "junction": null, "designation": null, "man_made": null, "collection_times": null, "postal_code": null, "name:zh": null, "name:en": "1 Ihekuluwewa Village Road", "atm": null, "ele": null, "brand:wikidata": null, "brand": null, "wikipedia": null, "wikidata": null, "opening_hours": null, "branch": null, "ref": null, "check_date": null, "addr:street": null, "addr:city": null, "operator": null, "name": null, "addr:postcode": null, "Date": "2015-01-01" }, "geometry": { "type": "Point", "coordinates": [ 80.8665125, 7.9345844 ] } },
{ "type": "Feature", "properties": { "fid": 316, "full_id": "n4375188105", "osm_id": "4375188105", "osm_type": "node", "amenity": "post_office", "survey:date": null, "wheelchair": null, "District": null, "addr:district": null, "office": null, "government": null, "addr:hamlet": null, "name:es": null, "description:zh": null, "post_office:type": null, "addr:housenumber": null, "phone": null, "name:ta": null, "name:nl": null, "name:si": null, "alt_name": null, "junction": null, "designation": null, "man_made": null, "collection_times": null, "postal_code": null, "name:zh": null, "name:en": "34 Uthaganawa Irrigation Junction - DinisuruJunction", "atm": null, "ele": null, "brand:wikidata": null, "brand": null, "wikipedia": null, "wikidata": null, "opening_hours": null, "branch": null, "ref": null, "check_date": null, "addr:street": null, "addr:city": null, "operator": null, "name": null, "addr:postcode": null, "Date": "2015-01-01" }, "geometry": { "type": "Point", "coordinates": [ 80.9497468, 8.0979117 ] } },
{ "type": "Feature", "properties": { "fid": 317, "full_id": "n4375188107", "osm_id": "4375188107", "osm_type": "node", "amenity": "post_office", "survey:date": null, "wheelchair": null, "District": null, "addr:district": null, "office": null, "government": null, "addr:hamlet": null, "name:es": null, "description:zh": null, "post_office:type": null, "addr:housenumber": null, "phone": null, "name:ta": null, "name:nl": null, "name:si": null, "alt_name": null, "junction": null, "designation": null, "man_made": null, "collection_times": null, "postal_code": null, "name:zh": null, "name:en": "55 Hinguraka 4th Post-48 Village Chandanapokuna Aliwankuwa", "atm": null, "ele": null, "brand:wikidata": null, "brand": null, "wikipedia": null, "wikidata": null, "opening_hours": null, "branch": null, "ref": null, "check_date": null, "addr:street": null, "addr:city": null, "operator": null, "name": null, "addr:postcode": null, "Date": "2015-01-01" }, "geometry": { "type": "Point", "coordinates": [ 80.9846598, 8.0429087 ] } },
{ "type": "Feature", "properties": { "fid": 318, "full_id": "n4375188198", "osm_id": "4375188198", "osm_type": "node", "amenity": "post_office", "survey:date": null, "wheelchair": null, "District": null, "addr:district": null, "office": null, "government": null, "addr:hamlet": null, "name:es": null, "description:zh": null, "post_office:type": null, "addr:housenumber": null, "phone": null, "name:ta": null, "name:nl": null, "name:si": null, "alt_name": null, "junction": null, "designation": null, "man_made": null, "collection_times": null, "postal_code": null, "name:zh": null, "name:en": "9 Bisokotuwa -Koonthuruwawa", "atm": null, "ele": null, "brand:wikidata": null, "brand": null, "wikipedia": null, "wikidata": null, "opening_hours": null, "branch": null, "ref": null, "check_date": null, "addr:street": null, "addr:city": null, "operator": null, "name": null, "addr:postcode": null, "Date": "2015-01-01" }, "geometry": { "type": "Point", "coordinates": [ 80.8621207, 7.9156912 ] } },
{ "type": "Feature", "properties": { "fid": 319, "full_id": "n4375188199", "osm_id": "4375188199", "osm_type": "node", "amenity": "post_office", "survey:date": null, "wheelchair": null, "District": null, "addr:district": null, "office": null, "government": null, "addr:hamlet": null, "name:es": null, "description:zh": null, "post_office:type": null, "addr:housenumber": null, "phone": null, "name:ta": null, "name:nl": null, "name:si": null, "alt_name": null, "junction": null, "designation": null, "man_made": null, "collection_times": null, "postal_code": null, "name:zh": null, "name:en": "21 ParakiramaSamuthraya -Ambanganga Temple", "atm": null, "ele": null, "brand:wikidata": null, "brand": null, "wikipedia": null, "wikidata": null, "opening_hours": null, "branch": null, "ref": null, "check_date": null, "addr:street": null, "addr:city": null, "operator": null, "name": null, "addr:postcode": null, "Date": "2015-01-01" }, "geometry": { "type": "Point", "coordinates": [ 80.9773318, 7.8901857 ] } },
{ "type": "Feature", "properties": { "fid": 320, "full_id": "n4375188200", "osm_id": "4375188200", "osm_type": "node", "amenity": "post_office", "survey:date": null, "wheelchair": null, "District": null, "addr:district": null, "office": null, "government": null, "addr:hamlet": null, "name:es": null, "description:zh": null, "post_office:type": null, "addr:housenumber": null, "phone": null, "name:ta": null, "name:nl": null, "name:si": null, "alt_name": null, "junction": null, "designation": null, "man_made": null, "collection_times": null, "postal_code": null, "name:zh": null, "name:en": "35 Kusumpokuna -Pimpara Junction", "atm": null, "ele": null, "brand:wikidata": null, "brand": null, "wikipedia": null, "wikidata": null, "opening_hours": null, "branch": null, "ref": null, "check_date": null, "addr:street": null, "addr:city": null, "operator": null, "name": null, "addr:postcode": null, "Date": "2015-01-01" }, "geometry": { "type": "Point", "coordinates": [ 80.9736975, 8.11199 ] } },
{ "type": "Feature", "properties": { "fid": 321, "full_id": "n4375188202", "osm_id": "4375188202", "osm_type": "node", "amenity": "post_office", "survey:date": null, "wheelchair": null, "District": null, "addr:district": null, "office": null, "government": null, "addr:hamlet": null, "name:es": null, "description:zh": null, "post_office:type": null, "addr:housenumber": null, "phone": null, "name:ta": null, "name:nl": null, "name:si": null, "alt_name": null, "junction": null, "designation": null, "man_made": null, "collection_times": null, "postal_code": null, "name:zh": null, "name:en": "51 Batukotuwa Middle Road", "atm": null, "ele": null, "brand:wikidata": null, "brand": null, "wikipedia": null, "wikidata": null, "opening_hours": null, "branch": null, "ref": null, "check_date": null, "addr:street": null, "addr:city": null, "operator": null, "name": null, "addr:postcode": null, "Date": "2015-01-01" }, "geometry": { "type": "Point", "coordinates": [ 80.9513626, 8.0775962 ] } },
{ "type": "Feature", "properties": { "fid": 322, "full_id": "n4375188299", "osm_id": "4375188299", "osm_type": "node", "amenity": "post_office", "survey:date": null, "wheelchair": null, "District": null, "addr:district": null, "office": null, "government": null, "addr:hamlet": null, "name:es": null, "description:zh": null, "post_office:type": null, "addr:housenumber": null, "phone": null, "name:ta": null, "name:nl": null, "name:si": null, "alt_name": null, "junction": null, "designation": null, "man_made": null, "collection_times": null, "postal_code": null, "name:zh": null, "name:en": "52 Minneriya -Samagipura", "atm": null, "ele": null, "brand:wikidata": null, "brand": null, "wikipedia": null, "wikidata": null, "opening_hours": null, "branch": null, "ref": null, "check_date": null, "addr:street": null, "addr:city": null, "operator": null, "name": null, "addr:postcode": null, "Date": "2015-01-01" }, "geometry": { "type": "Point", "coordinates": [ 80.9057142, 8.0395996 ] } },
{ "type": "Feature", "properties": { "fid": 323, "full_id": "n4375188307", "osm_id": "4375188307", "osm_type": "node", "amenity": "post_office", "survey:date": null, "wheelchair": null, "District": null, "addr:district": null, "office": null, "government": null, "addr:hamlet": null, "name:es": null, "description:zh": null, "post_office:type": null, "addr:housenumber": null, "phone": null, "name:ta": null, "name:nl": null, "name:si": null, "alt_name": null, "junction": null, "designation": null, "man_made": null, "collection_times": null, "postal_code": null, "name:zh": null, "name:en": "18 Parakum Uyana D1Uthuru Ela", "atm": null, "ele": null, "brand:wikidata": null, "brand": null, "wikipedia": null, "wikidata": null, "opening_hours": null, "branch": null, "ref": null, "check_date": null, "addr:street": null, "addr:city": null, "operator": null, "name": null, "addr:postcode": null, "Date": "2015-01-01" }, "geometry": { "type": "Point", "coordinates": [ 81.0192941, 7.9707673 ] } },
{ "type": "Feature", "properties": { "fid": 324, "full_id": "n4375192396", "osm_id": "4375192396", "osm_type": "node", "amenity": "post_office", "survey:date": null, "wheelchair": null, "District": null, "addr:district": null, "office": null, "government": null, "addr:hamlet": null, "name:es": null, "description:zh": null, "post_office:type": null, "addr:housenumber": null, "phone": null, "name:ta": null, "name:nl": null, "name:si": null, "alt_name": null, "junction": null, "designation": null, "man_made": null, "collection_times": null, "postal_code": null, "name:zh": null, "name:en": "13 Kalagala -Angammedilla Village Road", "atm": null, "ele": null, "brand:wikidata": null, "brand": null, "wikipedia": null, "wikidata": null, "opening_hours": null, "branch": null, "ref": null, "check_date": null, "addr:street": null, "addr:city": null, "operator": null, "name": null, "addr:postcode": null, "Date": "2015-01-01" }, "geometry": { "type": "Point", "coordinates": [ 80.9971102, 7.9014241 ] } },
{ "type": "Feature", "properties": { "fid": 325, "full_id": "n4375192406", "osm_id": "4375192406", "osm_type": "node", "amenity": "post_office", "survey:date": null, "wheelchair": null, "District": null, "addr:district": null, "office": null, "government": null, "addr:hamlet": null, "name:es": null, "description:zh": null, "post_office:type": null, "addr:housenumber": null, "phone": null, "name:ta": null, "name:nl": null, "name:si": null, "alt_name": null, "junction": null, "designation": null, "man_made": null, "collection_times": null, "postal_code": null, "name:zh": null, "name:en": "28 BOP 316 -Karuwelagas Junction - Chandanapokuna", "atm": null, "ele": null, "brand:wikidata": null, "brand": null, "wikipedia": null, "wikidata": null, "opening_hours": null, "branch": null, "ref": null, "check_date": null, "addr:street": null, "addr:city": null, "operator": null, "name": null, "addr:postcode": null, "Date": "2015-01-01" }, "geometry": { "type": "Point", "coordinates": [ 81.0148197, 8.0282567 ] } },
{ "type": "Feature", "properties": { "fid": 326, "full_id": "n4375192794", "osm_id": "4375192794", "osm_type": "node", "amenity": "post_office", "survey:date": null, "wheelchair": null, "District": null, "addr:district": null, "office": null, "government": null, "addr:hamlet": null, "name:es": null, "description:zh": null, "post_office:type": null, "addr:housenumber": null, "phone": null, "name:ta": null, "name:nl": null, "name:si": null, "alt_name": null, "junction": null, "designation": null, "man_made": null, "collection_times": null, "postal_code": null, "name:zh": null, "name:en": "37 Meegaswewa -Wadigawewa", "atm": null, "ele": null, "brand:wikidata": null, "brand": null, "wikipedia": null, "wikidata": null, "opening_hours": null, "branch": null, "ref": null, "check_date": null, "addr:street": null, "addr:city": null, "operator": null, "name": null, "addr:postcode": null, "Date": "2015-01-01" }, "geometry": { "type": "Point", "coordinates": [ 81.0848096, 8.2014318 ] } },
{ "type": "Feature", "properties": { "fid": 327, "full_id": "n4375193101", "osm_id": "4375193101", "osm_type": "node", "amenity": "post_office", "survey:date": null, "wheelchair": null, "District": null, "addr:district": null, "office": null, "government": null, "addr:hamlet": null, "name:es": null, "description:zh": null, "post_office:type": null, "addr:housenumber": null, "phone": null, "name:ta": null, "name:nl": null, "name:si": null, "alt_name": null, "junction": null, "designation": null, "man_made": null, "collection_times": null, "postal_code": null, "name:zh": null, "name:en": "22 ParakramaSamuthraya Bodhiya - Right Chanel Temple", "atm": null, "ele": null, "brand:wikidata": null, "brand": null, "wikipedia": null, "wikidata": null, "opening_hours": null, "branch": null, "ref": null, "check_date": null, "addr:street": null, "addr:city": null, "operator": null, "name": null, "addr:postcode": null, "Date": "2015-01-01" }, "geometry": { "type": "Point", "coordinates": [ 80.9690452, 7.8777954 ] } },
{ "type": "Feature", "properties": { "fid": 328, "full_id": "n4375193106", "osm_id": "4375193106", "osm_type": "node", "amenity": "post_office", "survey:date": null, "wheelchair": null, "District": null, "addr:district": null, "office": null, "government": null, "addr:hamlet": null, "name:es": null, "description:zh": null, "post_office:type": null, "addr:housenumber": null, "phone": null, "name:ta": null, "name:nl": null, "name:si": null, "alt_name": null, "junction": null, "designation": null, "man_made": null, "collection_times": null, "postal_code": null, "name:zh": null, "name:en": "42 Medrigriya Water tank - Mr. Vijeyadasa\"sHouse", "atm": null, "ele": null, "brand:wikidata": null, "brand": null, "wikipedia": null, "wikidata": null, "opening_hours": null, "branch": null, "ref": null, "check_date": null, "addr:street": null, "addr:city": null, "operator": null, "name": null, "addr:postcode": null, "Date": "2015-01-01" }, "geometry": { "type": "Point", "coordinates": [ 80.9679686, 8.1415168 ] } },
{ "type": "Feature", "properties": { "fid": 329, "full_id": "n4375193107", "osm_id": "4375193107", "osm_type": "node", "amenity": "post_office", "survey:date": null, "wheelchair": null, "District": null, "addr:district": null, "office": null, "government": null, "addr:hamlet": null, "name:es": null, "description:zh": null, "post_office:type": null, "addr:housenumber": null, "phone": null, "name:ta": null, "name:nl": null, "name:si": null, "alt_name": null, "junction": null, "designation": null, "man_made": null, "collection_times": null, "postal_code": null, "name:zh": null, "name:en": "44 Kalagedi Palama -VisobadaragamaSchool", "atm": null, "ele": null, "brand:wikidata": null, "brand": null, "wikipedia": null, "wikidata": null, "opening_hours": null, "branch": null, "ref": null, "check_date": null, "addr:street": null, "addr:city": null, "operator": null, "name": null, "addr:postcode": null, "Date": "2015-01-01" }, "geometry": { "type": "Point", "coordinates": [ 80.9641916, 8.1402443 ] } },
{ "type": "Feature", "properties": { "fid": 330, "full_id": "n4375193108", "osm_id": "4375193108", "osm_type": "node", "amenity": "post_office", "survey:date": null, "wheelchair": null, "District": null, "addr:district": null, "office": null, "government": null, "addr:hamlet": null, "name:es": null, "description:zh": null, "post_office:type": null, "addr:housenumber": null, "phone": null, "name:ta": null, "name:nl": null, "name:si": null, "alt_name": null, "junction": null, "designation": null, "man_made": null, "collection_times": null, "postal_code": null, "name:zh": null, "name:en": "45 Minnerya CetralColledge Road", "atm": null, "ele": null, "brand:wikidata": null, "brand": null, "wikipedia": null, "wikidata": null, "opening_hours": null, "branch": null, "ref": null, "check_date": null, "addr:street": null, "addr:city": null, "operator": null, "name": null, "addr:postcode": null, "Date": "2015-01-01" }, "geometry": { "type": "Point", "coordinates": [ 80.9415908, 8.0380074 ] } },
{ "type": "Feature", "properties": { "fid": 331, "full_id": "n4375193109", "osm_id": "4375193109", "osm_type": "node", "amenity": "post_office", "survey:date": null, "wheelchair": null, "District": null, "addr:district": null, "office": null, "government": null, "addr:hamlet": null, "name:es": null, "description:zh": null, "post_office:type": null, "addr:housenumber": null, "phone": null, "name:ta": null, "name:nl": null, "name:si": null, "alt_name": null, "junction": null, "designation": null, "man_made": null, "collection_times": null, "postal_code": null, "name:zh": null, "name:en": "24 Hinguragoda 7th Mile Post - Gallamuna -Hinguradamana", "atm": null, "ele": null, "brand:wikidata": null, "brand": null, "wikipedia": null, "wikidata": null, "opening_hours": null, "branch": null, "ref": null, "check_date": null, "addr:street": null, "addr:city": null, "operator": null, "name": null, "addr:postcode": null, "Date": "2015-01-01" }, "geometry": { "type": "Point", "coordinates": [ 81.0307717, 8.0675446 ] } },
{ "type": "Feature", "properties": { "fid": 332, "full_id": "n4375193192", "osm_id": "4375193192", "osm_type": "node", "amenity": "post_office", "survey:date": null, "wheelchair": null, "District": null, "addr:district": null, "office": null, "government": null, "addr:hamlet": null, "name:es": null, "description:zh": null, "post_office:type": null, "addr:housenumber": null, "phone": null, "name:ta": null, "name:nl": null, "name:si": null, "alt_name": null, "junction": null, "designation": null, "man_made": null, "collection_times": null, "postal_code": null, "name:zh": null, "name:en": "12 Palugasdaman Senanayaka Road", "atm": null, "ele": null, "brand:wikidata": null, "brand": null, "wikipedia": null, "wikidata": null, "opening_hours": null, "branch": null, "ref": null, "check_date": null, "addr:street": null, "addr:city": null, "operator": null, "name": null, "addr:postcode": null, "Date": "2015-01-01" }, "geometry": { "type": "Point", "coordinates": [ 81.0264168, 7.9569812 ] } },
{ "type": "Feature", "properties": { "fid": 333, "full_id": "n4375193591", "osm_id": "4375193591", "osm_type": "node", "amenity": "post_office", "survey:date": null, "wheelchair": null, "District": null, "addr:district": null, "office": null, "government": null, "addr:hamlet": null, "name:es": null, "description:zh": null, "post_office:type": null, "addr:housenumber": null, "phone": null, "name:ta": null, "name:nl": null, "name:si": null, "alt_name": null, "junction": null, "designation": null, "man_made": null, "collection_times": null, "postal_code": null, "name:zh": null, "name:en": "3 Athanakadawela -Pokunugala", "atm": null, "ele": null, "brand:wikidata": null, "brand": null, "wikipedia": null, "wikidata": null, "opening_hours": null, "branch": null, "ref": null, "check_date": null, "addr:street": null, "addr:city": null, "operator": null, "name": null, "addr:postcode": null, "Date": "2015-01-01" }, "geometry": { "type": "Point", "coordinates": [ 80.8559977, 7.8751749 ] } },
{ "type": "Feature", "properties": { "fid": 334, "full_id": "n4375193593", "osm_id": "4375193593", "osm_type": "node", "amenity": "post_office", "survey:date": null, "wheelchair": null, "District": null, "addr:district": null, "office": null, "government": null, "addr:hamlet": null, "name:es": null, "description:zh": null, "post_office:type": null, "addr:housenumber": null, "phone": null, "name:ta": null, "name:nl": null, "name:si": null, "alt_name": null, "junction": null, "designation": null, "man_made": null, "collection_times": null, "postal_code": null, "name:zh": null, "name:en": "47 Dora theka Junction -Paluwewa", "atm": null, "ele": null, "brand:wikidata": null, "brand": null, "wikipedia": null, "wikidata": null, "opening_hours": null, "branch": null, "ref": null, "check_date": null, "addr:street": null, "addr:city": null, "operator": null, "name": null, "addr:postcode": null, "Date": "2015-01-01" }, "geometry": { "type": "Point", "coordinates": [ 80.9444229, 8.053596 ] } },
{ "type": "Feature", "properties": { "fid": 335, "full_id": "n4375193595", "osm_id": "4375193595", "osm_type": "node", "amenity": "post_office", "survey:date": null, "wheelchair": null, "District": null, "addr:district": null, "office": null, "government": null, "addr:hamlet": null, "name:es": null, "description:zh": null, "post_office:type": null, "addr:housenumber": null, "phone": null, "name:ta": null, "name:nl": null, "name:si": null, "alt_name": null, "junction": null, "designation": null, "man_made": null, "collection_times": null, "postal_code": null, "name:zh": null, "name:en": "49 Hinguragoda Airport -Viddiyaloga School Road", "atm": null, "ele": null, "brand:wikidata": null, "brand": null, "wikipedia": null, "wikidata": null, "opening_hours": null, "branch": null, "ref": null, "check_date": null, "addr:street": null, "addr:city": null, "operator": null, "name": null, "addr:postcode": null, "Date": "2015-01-01" }, "geometry": { "type": "Point", "coordinates": [ 80.973605, 8.0545108 ] } },
{ "type": "Feature", "properties": { "fid": 336, "full_id": "n4405515426", "osm_id": "4405515426", "osm_type": "node", "amenity": "post_office", "survey:date": null, "wheelchair": null, "District": null, "addr:district": null, "office": null, "government": null, "addr:hamlet": null, "name:es": null, "description:zh": null, "post_office:type": null, "addr:housenumber": null, "phone": null, "name:ta": null, "name:nl": null, "name:si": null, "alt_name": null, "junction": null, "designation": null, "man_made": null, "collection_times": null, "postal_code": null, "name:zh": null, "name:en": null, "atm": null, "ele": null, "brand:wikidata": null, "brand": null, "wikipedia": null, "wikidata": null, "opening_hours": null, "branch": null, "ref": null, "check_date": null, "addr:street": "Wasgamuwa Hasalaka Road", "addr:city": null, "operator": null, "name": "Pilhatha Sub Post Office", "addr:postcode": null, "Date": "2015-01-01" }, "geometry": { "type": "Point", "coordinates": [ 80.9632502, 7.3840587 ] } },
{ "type": "Feature", "properties": { "fid": 337, "full_id": "n4408139729", "osm_id": "4408139729", "osm_type": "node", "amenity": "post_office", "survey:date": null, "wheelchair": null, "District": null, "addr:district": null, "office": null, "government": null, "addr:hamlet": null, "name:es": null, "description:zh": null, "post_office:type": null, "addr:housenumber": null, "phone": null, "name:ta": null, "name:nl": null, "name:si": null, "alt_name": null, "junction": null, "designation": null, "man_made": null, "collection_times": null, "postal_code": null, "name:zh": null, "name:en": null, "atm": null, "ele": null, "brand:wikidata": null, "brand": null, "wikipedia": null, "wikidata": null, "opening_hours": null, "branch": null, "ref": null, "check_date": null, "addr:street": "Kaaniyagala Rd", "addr:city": "Udawela", "operator": null, "name": "Barawardanaoya Sub Post Office", "addr:postcode": null, "Date": "2015-01-01" }, "geometry": { "type": "Point", "coordinates": [ 80.9501572, 7.4374128 ] } },
{ "type": "Feature", "properties": { "fid": 338, "full_id": "n4408140061", "osm_id": "4408140061", "osm_type": "node", "amenity": "post_office", "survey:date": null, "wheelchair": null, "District": null, "addr:district": null, "office": null, "government": null, "addr:hamlet": null, "name:es": null, "description:zh": null, "post_office:type": null, "addr:housenumber": null, "phone": null, "name:ta": null, "name:nl": null, "name:si": null, "alt_name": null, "junction": null, "designation": null, "man_made": null, "collection_times": null, "postal_code": null, "name:zh": null, "name:en": null, "atm": null, "ele": null, "brand:wikidata": null, "brand": null, "wikipedia": null, "wikidata": null, "opening_hours": null, "branch": null, "ref": null, "check_date": null, "addr:street": null, "addr:city": null, "operator": null, "name": "Dehemigama Sub Post Office", "addr:postcode": null, "Date": "2015-01-01" }, "geometry": { "type": "Point", "coordinates": [ 80.9409411, 7.4607053 ] } },
{ "type": "Feature", "properties": { "fid": 339, "full_id": "n4411697689", "osm_id": "4411697689", "osm_type": "node", "amenity": "post_office", "survey:date": null, "wheelchair": null, "District": null, "addr:district": null, "office": null, "government": null, "addr:hamlet": null, "name:es": null, "description:zh": null, "post_office:type": null, "addr:housenumber": null, "phone": null, "name:ta": "சின்னசிப்பிக்குளம் அஞ்சல் அலுவலகம்", "name:nl": null, "name:si": null, "alt_name": null, "junction": null, "designation": null, "man_made": null, "collection_times": null, "postal_code": null, "name:zh": null, "name:en": null, "atm": null, "ele": null, "brand:wikidata": null, "brand": null, "wikipedia": null, "wikidata": null, "opening_hours": null, "branch": null, "ref": null, "check_date": null, "addr:street": null, "addr:city": null, "operator": null, "name": "Sinnasippikulam Post Office", "addr:postcode": null, "Date": "2015-01-01" }, "geometry": { "type": "Point", "coordinates": [ 80.33036, 8.6055293 ] } },
{ "type": "Feature", "properties": { "fid": 340, "full_id": "n4424651591", "osm_id": "4424651591", "osm_type": "node", "amenity": "post_office", "survey:date": null, "wheelchair": null, "District": null, "addr:district": null, "office": null, "government": null, "addr:hamlet": null, "name:es": null, "description:zh": null, "post_office:type": null, "addr:housenumber": null, "phone": null, "name:ta": null, "name:nl": null, "name:si": null, "alt_name": null, "junction": null, "designation": null, "man_made": null, "collection_times": null, "postal_code": null, "name:zh": null, "name:en": "Market", "atm": null, "ele": null, "brand:wikidata": null, "brand": null, "wikipedia": null, "wikidata": null, "opening_hours": null, "branch": null, "ref": null, "check_date": null, "addr:street": "Trincomalee Batticaloa Road", "addr:city": null, "operator": null, "name": null, "addr:postcode": null, "Date": "2015-01-01" }, "geometry": { "type": "Point", "coordinates": [ 81.6020386, 7.778034 ] } },
{ "type": "Feature", "properties": { "fid": 341, "full_id": "n4424860289", "osm_id": "4424860289", "osm_type": "node", "amenity": "post_office", "survey:date": null, "wheelchair": null, "District": null, "addr:district": null, "office": null, "government": null, "addr:hamlet": null, "name:es": null, "description:zh": null, "post_office:type": null, "addr:housenumber": null, "phone": null, "name:ta": null, "name:nl": null, "name:si": null, "alt_name": null, "junction": null, "designation": null, "man_made": null, "collection_times": null, "postal_code": null, "name:zh": null, "name:en": "Valaichenai Harbour", "atm": null, "ele": null, "brand:wikidata": null, "brand": null, "wikipedia": null, "wikidata": null, "opening_hours": null, "branch": null, "ref": null, "check_date": null, "addr:street": "Valaichenai - Kalkudah Road", "addr:city": null, "operator": null, "name": null, "addr:postcode": null, "Date": "2015-01-01" }, "geometry": { "type": "Point", "coordinates": [ 81.5314575, 7.9270792 ] } },
{ "type": "Feature", "properties": { "fid": 342, "full_id": "n4426036794", "osm_id": "4426036794", "osm_type": "node", "amenity": "post_office", "survey:date": null, "wheelchair": null, "District": null, "addr:district": null, "office": null, "government": null, "addr:hamlet": null, "name:es": null, "description:zh": null, "post_office:type": null, "addr:housenumber": null, "phone": null, "name:ta": null, "name:nl": null, "name:si": null, "alt_name": null, "junction": null, "designation": null, "man_made": null, "collection_times": null, "postal_code": null, "name:zh": null, "name:en": "Kommathurai", "atm": null, "ele": null, "brand:wikidata": null, "brand": null, "wikipedia": null, "wikidata": null, "opening_hours": null, "branch": null, "ref": null, "check_date": null, "addr:street": "Trincomalee Batticaloa Road", "addr:city": null, "operator": null, "name": null, "addr:postcode": null, "Date": "2015-01-01" }, "geometry": { "type": "Point", "coordinates": [ 81.5816819, 7.7931653 ] } },
{ "type": "Feature", "properties": { "fid": 343, "full_id": "n4427454902", "osm_id": "4427454902", "osm_type": "node", "amenity": "post_office", "survey:date": null, "wheelchair": null, "District": null, "addr:district": null, "office": null, "government": null, "addr:hamlet": null, "name:es": null, "description:zh": null, "post_office:type": null, "addr:housenumber": null, "phone": null, "name:ta": null, "name:nl": null, "name:si": null, "alt_name": null, "junction": null, "designation": null, "man_made": null, "collection_times": null, "postal_code": null, "name:zh": null, "name:en": "Thetrativu", "atm": null, "ele": null, "brand:wikidata": null, "brand": null, "wikipedia": null, "wikidata": null, "opening_hours": null, "branch": null, "ref": null, "check_date": null, "addr:street": null, "addr:city": null, "operator": null, "name": null, "addr:postcode": null, "Date": "2015-01-01" }, "geometry": { "type": "Point", "coordinates": [ 81.7856067, 7.563385 ] } },
{ "type": "Feature", "properties": { "fid": 344, "full_id": "n4427469294", "osm_id": "4427469294", "osm_type": "node", "amenity": "post_office", "survey:date": null, "wheelchair": null, "District": null, "addr:district": null, "office": null, "government": null, "addr:hamlet": null, "name:es": null, "description:zh": null, "post_office:type": null, "addr:housenumber": null, "phone": null, "name:ta": null, "name:nl": null, "name:si": null, "alt_name": null, "junction": null, "designation": null, "man_made": null, "collection_times": null, "postal_code": null, "name:zh": null, "name:en": "Puthukudiyiruppu", "atm": null, "ele": null, "brand:wikidata": null, "brand": null, "wikipedia": null, "wikidata": null, "opening_hours": null, "branch": null, "ref": null, "check_date": null, "addr:street": null, "addr:city": null, "operator": null, "name": null, "addr:postcode": null, "Date": "2015-01-01" }, "geometry": { "type": "Point", "coordinates": [ 81.7606231, 7.6201721 ] } },
{ "type": "Feature", "properties": { "fid": 345, "full_id": "n4427470492", "osm_id": "4427470492", "osm_type": "node", "amenity": "post_office", "survey:date": null, "wheelchair": null, "District": null, "addr:district": null, "office": null, "government": null, "addr:hamlet": null, "name:es": null, "description:zh": null, "post_office:type": null, "addr:housenumber": null, "phone": null, "name:ta": null, "name:nl": null, "name:si": null, "alt_name": null, "junction": null, "designation": null, "man_made": null, "collection_times": null, "postal_code": null, "name:zh": null, "name:en": "Maangaadu", "atm": null, "ele": null, "brand:wikidata": null, "brand": null, "wikipedia": null, "wikidata": null, "opening_hours": null, "branch": null, "ref": null, "check_date": null, "addr:street": null, "addr:city": null, "operator": null, "name": null, "addr:postcode": null, "Date": "2015-01-01" }, "geometry": { "type": "Point", "coordinates": [ 81.7856509, 7.5689366 ] } },
{ "type": "Feature", "properties": { "fid": 346, "full_id": "n4427493790", "osm_id": "4427493790", "osm_type": "node", "amenity": "post_office", "survey:date": null, "wheelchair": null, "District": null, "addr:district": null, "office": null, "government": null, "addr:hamlet": null, "name:es": null, "description:zh": null, "post_office:type": null, "addr:housenumber": null, "phone": null, "name:ta": null, "name:nl": null, "name:si": null, "alt_name": null, "junction": null, "designation": null, "man_made": null, "collection_times": null, "postal_code": null, "name:zh": null, "name:en": "Kurukkamadam", "atm": null, "ele": null, "brand:wikidata": null, "brand": null, "wikipedia": null, "wikidata": null, "opening_hours": null, "branch": null, "ref": null, "check_date": null, "addr:street": null, "addr:city": null, "operator": null, "name": null, "addr:postcode": null, "Date": "2015-01-01" }, "geometry": { "type": "Point", "coordinates": [ 81.7828364, 7.5868566 ] } },
{ "type": "Feature", "properties": { "fid": 347, "full_id": "n4427494190", "osm_id": "4427494190", "osm_type": "node", "amenity": "post_office", "survey:date": null, "wheelchair": null, "District": null, "addr:district": null, "office": null, "government": null, "addr:hamlet": null, "name:es": null, "description:zh": null, "post_office:type": null, "addr:housenumber": null, "phone": null, "name:ta": null, "name:nl": null, "name:si": null, "alt_name": null, "junction": null, "designation": null, "man_made": null, "collection_times": null, "postal_code": null, "name:zh": null, "name:en": "Kaluthavalai", "atm": null, "ele": null, "brand:wikidata": null, "brand": null, "wikipedia": null, "wikidata": null, "opening_hours": null, "branch": null, "ref": null, "check_date": null, "addr:street": null, "addr:city": null, "operator": null, "name": null, "addr:postcode": null, "Date": "2015-01-01" }, "geometry": { "type": "Point", "coordinates": [ 81.7870409, 7.5503218 ] } },
{ "type": "Feature", "properties": { "fid": 348, "full_id": "n4428950598", "osm_id": "4428950598", "osm_type": "node", "amenity": "post_office", "survey:date": null, "wheelchair": null, "District": null, "addr:district": null, "office": null, "government": null, "addr:hamlet": null, "name:es": null, "description:zh": null, "post_office:type": null, "addr:housenumber": null, "phone": null, "name:ta": null, "name:nl": null, "name:si": null, "alt_name": null, "junction": null, "designation": null, "man_made": null, "collection_times": null, "postal_code": null, "name:zh": null, "name:en": null, "atm": null, "ele": null, "brand:wikidata": null, "brand": null, "wikipedia": null, "wikidata": null, "opening_hours": null, "branch": null, "ref": null, "check_date": null, "addr:street": null, "addr:city": null, "operator": null, "name": "Retiyagama Sub Post Office", "addr:postcode": null, "Date": "2015-01-01" }, "geometry": { "type": "Point", "coordinates": [ 80.8093992, 7.3086356 ] } },
{ "type": "Feature", "properties": { "fid": 349, "full_id": "n4428950610", "osm_id": "4428950610", "osm_type": "node", "amenity": "post_office", "survey:date": null, "wheelchair": null, "District": null, "addr:district": null, "office": null, "government": null, "addr:hamlet": null, "name:es": null, "description:zh": null, "post_office:type": null, "addr:housenumber": null, "phone": null, "name:ta": null, "name:nl": null, "name:si": null, "alt_name": null, "junction": null, "designation": null, "man_made": null, "collection_times": null, "postal_code": null, "name:zh": null, "name:en": null, "atm": null, "ele": null, "brand:wikidata": null, "brand": null, "wikipedia": null, "wikidata": null, "opening_hours": null, "branch": null, "ref": null, "check_date": null, "addr:street": "Rangala Rd", "addr:city": "Rangala", "operator": null, "name": "Rangala Sub Post Office", "addr:postcode": null, "Date": "2015-01-01" }, "geometry": { "type": "Point", "coordinates": [ 80.789862, 7.3562066 ] } },
{ "type": "Feature", "properties": { "fid": 350, "full_id": "n4428950615", "osm_id": "4428950615", "osm_type": "node", "amenity": "post_office", "survey:date": null, "wheelchair": null, "District": null, "addr:district": null, "office": null, "government": null, "addr:hamlet": null, "name:es": null, "description:zh": null, "post_office:type": null, "addr:housenumber": null, "phone": null, "name:ta": null, "name:nl": null, "name:si": null, "alt_name": null, "junction": null, "designation": null, "man_made": null, "collection_times": null, "postal_code": null, "name:zh": null, "name:en": null, "atm": null, "ele": null, "brand:wikidata": null, "brand": null, "wikipedia": null, "wikidata": null, "opening_hours": null, "branch": null, "ref": null, "check_date": null, "addr:street": "Putuhapuwa - Werapitiya Rd", "addr:city": null, "operator": null, "name": "Werapitiya Sub Post Office", "addr:postcode": null, "Date": "2015-01-01" }, "geometry": { "type": "Point", "coordinates": [ 80.755881, 7.3609642 ] } },
{ "type": "Feature", "properties": { "fid": 351, "full_id": "n4430243989", "osm_id": "4430243989", "osm_type": "node", "amenity": "post_office", "survey:date": null, "wheelchair": null, "District": null, "addr:district": null, "office": null, "government": null, "addr:hamlet": null, "name:es": null, "description:zh": null, "post_office:type": null, "addr:housenumber": null, "phone": null, "name:ta": null, "name:nl": null, "name:si": null, "alt_name": null, "junction": null, "designation": null, "man_made": null, "collection_times": null, "postal_code": null, "name:zh": null, "name:en": null, "atm": null, "ele": null, "brand:wikidata": null, "brand": null, "wikipedia": null, "wikidata": null, "opening_hours": null, "branch": null, "ref": null, "check_date": null, "addr:street": "Rangala Rd", "addr:city": "Makuldeniya", "operator": null, "name": "Makuldeniya Sub Post Office", "addr:postcode": null, "Date": "2015-01-01" }, "geometry": { "type": "Point", "coordinates": [ 80.7739952, 7.3368636 ] } },
{ "type": "Feature", "properties": { "fid": 352, "full_id": "n4437179772", "osm_id": "4437179772", "osm_type": "node", "amenity": "post_office", "survey:date": null, "wheelchair": null, "District": null, "addr:district": null, "office": null, "government": null, "addr:hamlet": null, "name:es": null, "description:zh": null, "post_office:type": null, "addr:housenumber": null, "phone": "091 2 283315", "name:ta": null, "name:nl": null, "name:si": null, "alt_name": null, "junction": null, "designation": null, "man_made": null, "collection_times": null, "postal_code": null, "name:zh": null, "name:en": null, "atm": null, "ele": null, "brand:wikidata": null, "brand": null, "wikipedia": null, "wikidata": null, "opening_hours": null, "branch": null, "ref": null, "check_date": null, "addr:street": null, "addr:city": null, "operator": null, "name": "Denuwala Sub Post Office", "addr:postcode": null, "Date": "2015-01-01" }, "geometry": { "type": "Point", "coordinates": [ 80.3863479, 5.9653032 ] } },
{ "type": "Feature", "properties": { "fid": 353, "full_id": "n4437618380", "osm_id": "4437618380", "osm_type": "node", "amenity": "post_office", "survey:date": null, "wheelchair": null, "District": null, "addr:district": null, "office": null, "government": null, "addr:hamlet": null, "name:es": null, "description:zh": null, "post_office:type": null, "addr:housenumber": null, "phone": null, "name:ta": null, "name:nl": null, "name:si": null, "alt_name": null, "junction": null, "designation": null, "man_made": null, "collection_times": null, "postal_code": null, "name:zh": null, "name:en": null, "atm": null, "ele": null, "brand:wikidata": null, "brand": null, "wikipedia": null, "wikidata": null, "opening_hours": null, "branch": null, "ref": null, "check_date": null, "addr:street": null, "addr:city": null, "operator": null, "name": "Kotmale Post Office", "addr:postcode": null, "Date": "2015-01-01" }, "geometry": { "type": "Point", "coordinates": [ 80.6840906, 7.0642629 ] } },
{ "type": "Feature", "properties": { "fid": 354, "full_id": "n4440052299", "osm_id": "4440052299", "osm_type": "node", "amenity": "post_office", "survey:date": null, "wheelchair": null, "District": null, "addr:district": null, "office": null, "government": null, "addr:hamlet": null, "name:es": null, "description:zh": null, "post_office:type": null, "addr:housenumber": null, "phone": null, "name:ta": null, "name:nl": null, "name:si": null, "alt_name": null, "junction": null, "designation": null, "man_made": null, "collection_times": null, "postal_code": null, "name:zh": null, "name:en": null, "atm": null, "ele": null, "brand:wikidata": null, "brand": null, "wikipedia": null, "wikidata": null, "opening_hours": null, "branch": null, "ref": null, "check_date": null, "addr:street": "Colombo - Ratnapura - Wellawaya - Batticaloa Road", "addr:city": "Koslanda", "operator": null, "name": "Koslanda Post Office", "addr:postcode": null, "Date": "2015-01-01" }, "geometry": { "type": "Point", "coordinates": [ 81.0163467, 6.7385392 ] } },
{ "type": "Feature", "properties": { "fid": 355, "full_id": "n4440238041", "osm_id": "4440238041", "osm_type": "node", "amenity": "post_office", "survey:date": null, "wheelchair": null, "District": null, "addr:district": null, "office": null, "government": null, "addr:hamlet": null, "name:es": null, "description:zh": null, "post_office:type": null, "addr:housenumber": null, "phone": null, "name:ta": null, "name:nl": null, "name:si": null, "alt_name": null, "junction": null, "designation": null, "man_made": null, "collection_times": null, "postal_code": null, "name:zh": null, "name:en": null, "atm": null, "ele": null, "brand:wikidata": null, "brand": null, "wikipedia": null, "wikidata": null, "opening_hours": null, "branch": null, "ref": null, "check_date": null, "addr:street": null, "addr:city": null, "operator": null, "name": "Sub Post Office - Akkarayankulam", "addr:postcode": null, "Date": "2015-01-01" }, "geometry": { "type": "Point", "coordinates": [ 80.3163292, 9.3105966 ] } },
{ "type": "Feature", "properties": { "fid": 356, "full_id": "n4442126063", "osm_id": "4442126063", "osm_type": "node", "amenity": "post_office", "survey:date": null, "wheelchair": null, "District": null, "addr:district": null, "office": null, "government": null, "addr:hamlet": null, "name:es": null, "description:zh": null, "post_office:type": null, "addr:housenumber": null, "phone": null, "name:ta": null, "name:nl": null, "name:si": null, "alt_name": null, "junction": null, "designation": null, "man_made": null, "collection_times": null, "postal_code": null, "name:zh": null, "name:en": null, "atm": null, "ele": null, "brand:wikidata": null, "brand": null, "wikipedia": null, "wikidata": null, "opening_hours": null, "branch": null, "ref": null, "check_date": null, "addr:street": "Hatton - Maskeliya - Dalhousie Road", "addr:city": "Nallathanniya", "operator": null, "name": "Seethagangulagama Sub Post Office", "addr:postcode": null, "Date": "2015-01-01" }, "geometry": { "type": "Point", "coordinates": [ 80.5229944, 6.8261776 ] } },
{ "type": "Feature", "properties": { "fid": 357, "full_id": "n4443924906", "osm_id": "4443924906", "osm_type": "node", "amenity": "post_office", "survey:date": null, "wheelchair": null, "District": null, "addr:district": null, "office": null, "government": null, "addr:hamlet": null, "name:es": null, "description:zh": null, "post_office:type": null, "addr:housenumber": null, "phone": null, "name:ta": null, "name:nl": null, "name:si": null, "alt_name": null, "junction": null, "designation": null, "man_made": null, "collection_times": null, "postal_code": null, "name:zh": null, "name:en": null, "atm": null, "ele": null, "brand:wikidata": null, "brand": null, "wikipedia": null, "wikidata": null, "opening_hours": null, "branch": null, "ref": null, "check_date": null, "addr:street": null, "addr:city": "Agarapathana", "operator": null, "name": "Agarapathana", "addr:postcode": null, "Date": "2015-01-01" }, "geometry": { "type": "Point", "coordinates": [ 80.707992, 6.86367 ] } },
{ "type": "Feature", "properties": { "fid": 358, "full_id": "n4447532687", "osm_id": "4447532687", "osm_type": "node", "amenity": "post_office", "survey:date": null, "wheelchair": null, "District": null, "addr:district": null, "office": null, "government": null, "addr:hamlet": null, "name:es": null, "description:zh": null, "post_office:type": null, "addr:housenumber": null, "phone": null, "name:ta": null, "name:nl": null, "name:si": null, "alt_name": null, "junction": null, "designation": null, "man_made": null, "collection_times": null, "postal_code": null, "name:zh": null, "name:en": null, "atm": null, "ele": null, "brand:wikidata": null, "brand": null, "wikipedia": null, "wikidata": null, "opening_hours": null, "branch": null, "ref": null, "check_date": null, "addr:street": "Ambewela Road", "addr:city": "Meepilimana", "operator": null, "name": "Sub Post Office", "addr:postcode": null, "Date": "2015-01-01" }, "geometry": { "type": "Point", "coordinates": [ 80.7882408, 6.9288599 ] } },
{ "type": "Feature", "properties": { "fid": 359, "full_id": "n4447657693", "osm_id": "4447657693", "osm_type": "node", "amenity": "post_office", "survey:date": null, "wheelchair": null, "District": null, "addr:district": null, "office": null, "government": null, "addr:hamlet": null, "name:es": null, "description:zh": null, "post_office:type": null, "addr:housenumber": null, "phone": null, "name:ta": null, "name:nl": null, "name:si": null, "alt_name": null, "junction": null, "designation": null, "man_made": null, "collection_times": null, "postal_code": null, "name:zh": null, "name:en": "Kuliyapiitiya General Cemetry & Crematorium", "atm": null, "ele": null, "brand:wikidata": null, "brand": null, "wikipedia": null, "wikidata": null, "opening_hours": null, "branch": null, "ref": null, "check_date": null, "addr:street": "Kuliyapitiya-Hettipola Road", "addr:city": null, "operator": null, "name": null, "addr:postcode": null, "Date": "2015-01-01" }, "geometry": { "type": "Point", "coordinates": [ 80.0465237, 7.4756089 ] } },
{ "type": "Feature", "properties": { "fid": 360, "full_id": "n4451072609", "osm_id": "4451072609", "osm_type": "node", "amenity": "post_office", "survey:date": null, "wheelchair": null, "District": null, "addr:district": null, "office": null, "government": null, "addr:hamlet": null, "name:es": null, "description:zh": null, "post_office:type": null, "addr:housenumber": null, "phone": null, "name:ta": null, "name:nl": null, "name:si": null, "alt_name": null, "junction": null, "designation": null, "man_made": null, "collection_times": null, "postal_code": null, "name:zh": null, "name:en": "Post Office - Welagedara Walpola Junction", "atm": null, "ele": null, "brand:wikidata": null, "brand": null, "wikipedia": null, "wikidata": null, "opening_hours": null, "branch": null, "ref": null, "check_date": null, "addr:street": null, "addr:city": null, "operator": null, "name": null, "addr:postcode": null, "Date": "2015-01-01" }, "geometry": { "type": "Point", "coordinates": [ 80.121979, 7.116761 ] } },
{ "type": "Feature", "properties": { "fid": 361, "full_id": "n4451079697", "osm_id": "4451079697", "osm_type": "node", "amenity": "post_office", "survey:date": null, "wheelchair": null, "District": null, "addr:district": null, "office": null, "government": null, "addr:hamlet": null, "name:es": null, "description:zh": null, "post_office:type": null, "addr:housenumber": null, "phone": null, "name:ta": null, "name:nl": null, "name:si": null, "alt_name": null, "junction": null, "designation": null, "man_made": null, "collection_times": null, "postal_code": null, "name:zh": null, "name:en": "Ranpokungama Post Office", "atm": null, "ele": null, "brand:wikidata": null, "brand": null, "wikipedia": null, "wikidata": null, "opening_hours": null, "branch": null, "ref": null, "check_date": null, "addr:street": null, "addr:city": null, "operator": null, "name": null, "addr:postcode": null, "Date": "2015-01-01" }, "geometry": { "type": "Point", "coordinates": [ 80.10605, 7.131188 ] } },
{ "type": "Feature", "properties": { "fid": 362, "full_id": "n4451430389", "osm_id": "4451430389", "osm_type": "node", "amenity": "post_office", "survey:date": null, "wheelchair": null, "District": null, "addr:district": null, "office": null, "government": null, "addr:hamlet": null, "name:es": null, "description:zh": null, "post_office:type": null, "addr:housenumber": null, "phone": null, "name:ta": null, "name:nl": null, "name:si": null, "alt_name": null, "junction": null, "designation": null, "man_made": null, "collection_times": null, "postal_code": null, "name:zh": null, "name:en": "Methodist Church, Kaluthavalai", "atm": null, "ele": null, "brand:wikidata": null, "brand": null, "wikipedia": null, "wikidata": null, "opening_hours": null, "branch": null, "ref": null, "check_date": null, "addr:street": null, "addr:city": null, "operator": null, "name": null, "addr:postcode": null, "Date": "2015-01-01" }, "geometry": { "type": "Point", "coordinates": [ 81.7885067, 7.5408067 ] } },
{ "type": "Feature", "properties": { "fid": 363, "full_id": "n4454599111", "osm_id": "4454599111", "osm_type": "node", "amenity": "post_office", "survey:date": null, "wheelchair": null, "District": null, "addr:district": null, "office": null, "government": null, "addr:hamlet": null, "name:es": null, "description:zh": null, "post_office:type": null, "addr:housenumber": null, "phone": null, "name:ta": null, "name:nl": null, "name:si": null, "alt_name": null, "junction": null, "designation": null, "man_made": null, "collection_times": null, "postal_code": null, "name:zh": null, "name:en": null, "atm": null, "ele": null, "brand:wikidata": null, "brand": null, "wikipedia": null, "wikidata": null, "opening_hours": null, "branch": null, "ref": null, "check_date": null, "addr:street": null, "addr:city": "Belihuloya", "operator": null, "name": "Post Office", "addr:postcode": null, "Date": "2015-01-01" }, "geometry": { "type": "Point", "coordinates": [ 80.7719101, 6.7195692 ] } },
{ "type": "Feature", "properties": { "fid": 364, "full_id": "n4464475430", "osm_id": "4464475430", "osm_type": "node", "amenity": "post_office", "survey:date": null, "wheelchair": null, "District": null, "addr:district": null, "office": null, "government": null, "addr:hamlet": null, "name:es": null, "description:zh": null, "post_office:type": null, "addr:housenumber": null, "phone": null, "name:ta": null, "name:nl": null, "name:si": null, "alt_name": null, "junction": null, "designation": null, "man_made": null, "collection_times": null, "postal_code": null, "name:zh": null, "name:en": null, "atm": null, "ele": null, "brand:wikidata": null, "brand": null, "wikipedia": null, "wikidata": null, "opening_hours": null, "branch": null, "ref": null, "check_date": null, "addr:street": "Thennekumbura-Rikillagaskada-Ragala Road", "addr:city": "Mailapitiya", "operator": null, "name": "Mailapitiya Post Office", "addr:postcode": null, "Date": "2015-01-01" }, "geometry": { "type": "Point", "coordinates": [ 80.7494836, 7.22734 ] } },
{ "type": "Feature", "properties": { "fid": 365, "full_id": "n4464475460", "osm_id": "4464475460", "osm_type": "node", "amenity": "post_office", "survey:date": null, "wheelchair": null, "District": null, "addr:district": null, "office": null, "government": null, "addr:hamlet": null, "name:es": null, "description:zh": null, "post_office:type": null, "addr:housenumber": null, "phone": null, "name:ta": null, "name:nl": null, "name:si": null, "alt_name": null, "junction": null, "designation": null, "man_made": null, "collection_times": null, "postal_code": null, "name:zh": null, "name:en": null, "atm": null, "ele": null, "brand:wikidata": null, "brand": null, "wikipedia": null, "wikidata": null, "opening_hours": null, "branch": null, "ref": null, "check_date": null, "addr:street": "Tennakubura Rikillagaskada Ragala Road", "addr:city": "Unuwinna", "operator": null, "name": "Sub Post Office - Unuwinna", "addr:postcode": null, "Date": "2015-01-01" }, "geometry": { "type": "Point", "coordinates": [ 80.7602768, 7.1977179 ] } },
{ "type": "Feature", "properties": { "fid": 366, "full_id": "n4464475461", "osm_id": "4464475461", "osm_type": "node", "amenity": "post_office", "survey:date": null, "wheelchair": null, "District": null, "addr:district": null, "office": null, "government": null, "addr:hamlet": null, "name:es": null, "description:zh": null, "post_office:type": null, "addr:housenumber": null, "phone": null, "name:ta": null, "name:nl": null, "name:si": null, "alt_name": null, "junction": null, "designation": null, "man_made": null, "collection_times": null, "postal_code": null, "name:zh": null, "name:en": null, "atm": null, "ele": null, "brand:wikidata": null, "brand": null, "wikipedia": null, "wikidata": null, "opening_hours": null, "branch": null, "ref": null, "check_date": null, "addr:street": "Tennekumbura - Rikillagaskada - Ragala Road", "addr:city": null, "operator": null, "name": "Sub Post Office", "addr:postcode": null, "Date": "2015-01-01" }, "geometry": { "type": "Point", "coordinates": [ 80.7648956, 7.1914324 ] } },
{ "type": "Feature", "properties": { "fid": 367, "full_id": "n4465717472", "osm_id": "4465717472", "osm_type": "node", "amenity": "post_office", "survey:date": null, "wheelchair": null, "District": null, "addr:district": null, "office": null, "government": null, "addr:hamlet": null, "name:es": null, "description:zh": null, "post_office:type": null, "addr:housenumber": null, "phone": null, "name:ta": null, "name:nl": null, "name:si": null, "alt_name": null, "junction": null, "designation": null, "man_made": null, "collection_times": null, "postal_code": null, "name:zh": null, "name:en": null, "atm": null, "ele": null, "brand:wikidata": null, "brand": null, "wikipedia": null, "wikidata": null, "opening_hours": null, "branch": null, "ref": null, "check_date": null, "addr:street": null, "addr:city": null, "operator": null, "name": "Post Office Hokandara", "addr:postcode": null, "Date": "2015-01-01" }, "geometry": { "type": "Point", "coordinates": [ 79.9742084, 6.8844739 ] } },
{ "type": "Feature", "properties": { "fid": 368, "full_id": "n4465930991", "osm_id": "4465930991", "osm_type": "node", "amenity": "post_office", "survey:date": null, "wheelchair": null, "District": null, "addr:district": null, "office": null, "government": null, "addr:hamlet": null, "name:es": null, "description:zh": null, "post_office:type": null, "addr:housenumber": null, "phone": null, "name:ta": null, "name:nl": null, "name:si": null, "alt_name": null, "junction": null, "designation": null, "man_made": null, "collection_times": null, "postal_code": null, "name:zh": null, "name:en": null, "atm": null, "ele": null, "brand:wikidata": null, "brand": null, "wikipedia": null, "wikidata": null, "opening_hours": null, "branch": null, "ref": null, "check_date": null, "addr:street": "Peradeniya-Nuwara Eliya-Badulla Road", "addr:city": "Ramboda", "operator": null, "name": "Ramboda Sub Post Office", "addr:postcode": null, "Date": "2015-01-01" }, "geometry": { "type": "Point", "coordinates": [ 80.6998817, 7.0556733 ] } },
{ "type": "Feature", "properties": { "fid": 369, "full_id": "n4472146832", "osm_id": "4472146832", "osm_type": "node", "amenity": "post_office", "survey:date": null, "wheelchair": null, "District": null, "addr:district": null, "office": null, "government": null, "addr:hamlet": null, "name:es": null, "description:zh": null, "post_office:type": null, "addr:housenumber": null, "phone": null, "name:ta": null, "name:nl": null, "name:si": null, "alt_name": null, "junction": null, "designation": null, "man_made": null, "collection_times": null, "postal_code": null, "name:zh": null, "name:en": null, "atm": null, "ele": null, "brand:wikidata": null, "brand": null, "wikipedia": null, "wikidata": null, "opening_hours": null, "branch": null, "ref": null, "check_date": null, "addr:street": null, "addr:city": null, "operator": null, "name": "Post Office Kandana", "addr:postcode": null, "Date": "2015-01-01" }, "geometry": { "type": "Point", "coordinates": [ 79.8960881, 7.0507995 ] } },
{ "type": "Feature", "properties": { "fid": 370, "full_id": "n4477469290", "osm_id": "4477469290", "osm_type": "node", "amenity": "post_office", "survey:date": null, "wheelchair": null, "District": null, "addr:district": null, "office": null, "government": null, "addr:hamlet": null, "name:es": null, "description:zh": null, "post_office:type": null, "addr:housenumber": null, "phone": null, "name:ta": null, "name:nl": null, "name:si": null, "alt_name": null, "junction": null, "designation": null, "man_made": null, "collection_times": null, "postal_code": null, "name:zh": null, "name:en": "Swimming pool", "atm": null, "ele": null, "brand:wikidata": null, "brand": null, "wikipedia": null, "wikidata": null, "opening_hours": null, "branch": null, "ref": null, "check_date": null, "addr:street": null, "addr:city": null, "operator": null, "name": null, "addr:postcode": null, "Date": "2015-01-01" }, "geometry": { "type": "Point", "coordinates": [ 80.4443075, 8.3890208 ] } },
{ "type": "Feature", "properties": { "fid": 371, "full_id": "n4490139937", "osm_id": "4490139937", "osm_type": "node", "amenity": "post_office", "survey:date": null, "wheelchair": null, "District": null, "addr:district": null, "office": null, "government": null, "addr:hamlet": null, "name:es": null, "description:zh": null, "post_office:type": null, "addr:housenumber": null, "phone": null, "name:ta": null, "name:nl": null, "name:si": null, "alt_name": null, "junction": null, "designation": null, "man_made": null, "collection_times": null, "postal_code": null, "name:zh": null, "name:en": null, "atm": null, "ele": null, "brand:wikidata": null, "brand": null, "wikipedia": null, "wikidata": null, "opening_hours": null, "branch": null, "ref": null, "check_date": null, "addr:street": "Masimbula Road", "addr:city": "Rakwana", "operator": null, "name": "Rakawana Post Office", "addr:postcode": null, "Date": "2015-01-01" }, "geometry": { "type": "Point", "coordinates": [ 80.6102568, 6.475334 ] } },
{ "type": "Feature", "properties": { "fid": 372, "full_id": "n4491680367", "osm_id": "4491680367", "osm_type": "node", "amenity": "post_office", "survey:date": null, "wheelchair": null, "District": null, "addr:district": null, "office": null, "government": null, "addr:hamlet": null, "name:es": null, "description:zh": null, "post_office:type": null, "addr:housenumber": null, "phone": null, "name:ta": null, "name:nl": null, "name:si": null, "alt_name": null, "junction": null, "designation": null, "man_made": null, "collection_times": null, "postal_code": null, "name:zh": null, "name:en": null, "atm": null, "ele": null, "brand:wikidata": null, "brand": null, "wikipedia": null, "wikidata": null, "opening_hours": null, "branch": null, "ref": null, "check_date": null, "addr:street": "Old Galle Road", "addr:city": "Gorakana", "operator": null, "name": null, "addr:postcode": null, "Date": "2015-01-01" }, "geometry": { "type": "Point", "coordinates": [ 79.8983437, 6.7586685 ] } },
{ "type": "Feature", "properties": { "fid": 373, "full_id": "n4501784275", "osm_id": "4501784275", "osm_type": "node", "amenity": "post_office", "survey:date": null, "wheelchair": null, "District": null, "addr:district": null, "office": null, "government": null, "addr:hamlet": null, "name:es": null, "description:zh": null, "post_office:type": null, "addr:housenumber": null, "phone": null, "name:ta": null, "name:nl": null, "name:si": null, "alt_name": null, "junction": null, "designation": null, "man_made": null, "collection_times": null, "postal_code": null, "name:zh": null, "name:en": null, "atm": null, "ele": null, "brand:wikidata": null, "brand": null, "wikipedia": null, "wikidata": null, "opening_hours": null, "branch": null, "ref": null, "check_date": null, "addr:street": "Peradeniya-Badulla-Chenkaladi Road", "addr:city": "Hakgala", "operator": null, "name": "Hakgala Sub Post Office", "addr:postcode": null, "Date": "2015-01-01" }, "geometry": { "type": "Point", "coordinates": [ 80.8249842, 6.9265449 ] } },
{ "type": "Feature", "properties": { "fid": 374, "full_id": "n4503569727", "osm_id": "4503569727", "osm_type": "node", "amenity": "post_office", "survey:date": null, "wheelchair": null, "District": null, "addr:district": null, "office": null, "government": null, "addr:hamlet": null, "name:es": null, "description:zh": null, "post_office:type": null, "addr:housenumber": null, "phone": null, "name:ta": null, "name:nl": null, "name:si": null, "alt_name": null, "junction": null, "designation": null, "man_made": null, "collection_times": null, "postal_code": null, "name:zh": null, "name:en": null, "atm": null, "ele": null, "brand:wikidata": null, "brand": null, "wikipedia": null, "wikidata": null, "opening_hours": null, "branch": null, "ref": null, "check_date": null, "addr:street": null, "addr:city": null, "operator": null, "name": "Sub Post Office", "addr:postcode": null, "Date": "2015-01-01" }, "geometry": { "type": "Point", "coordinates": [ 79.9369502, 7.0196565 ] } },
{ "type": "Feature", "properties": { "fid": 375, "full_id": "n4522822691", "osm_id": "4522822691", "osm_type": "node", "amenity": "post_office", "survey:date": null, "wheelchair": null, "District": null, "addr:district": null, "office": null, "government": null, "addr:hamlet": null, "name:es": null, "description:zh": null, "post_office:type": null, "addr:housenumber": null, "phone": null, "name:ta": null, "name:nl": null, "name:si": null, "alt_name": null, "junction": null, "designation": null, "man_made": null, "collection_times": null, "postal_code": null, "name:zh": null, "name:en": "Department of Physics", "atm": null, "ele": null, "brand:wikidata": null, "brand": null, "wikipedia": null, "wikidata": null, "opening_hours": null, "branch": null, "ref": null, "check_date": null, "addr:street": null, "addr:city": null, "operator": null, "name": null, "addr:postcode": null, "Date": "2015-01-01" }, "geometry": { "type": "Point", "coordinates": [ 79.8608089, 6.9024149 ] } },
{ "type": "Feature", "properties": { "fid": 376, "full_id": "n4526140277", "osm_id": "4526140277", "osm_type": "node", "amenity": "post_office", "survey:date": null, "wheelchair": null, "District": null, "addr:district": null, "office": null, "government": null, "addr:hamlet": null, "name:es": null, "description:zh": null, "post_office:type": null, "addr:housenumber": null, "phone": null, "name:ta": null, "name:nl": null, "name:si": null, "alt_name": null, "junction": null, "designation": null, "man_made": null, "collection_times": null, "postal_code": null, "name:zh": null, "name:en": null, "atm": null, "ele": null, "brand:wikidata": null, "brand": null, "wikipedia": null, "wikidata": null, "opening_hours": null, "branch": null, "ref": null, "check_date": null, "addr:street": "Kahawa-Batapola Road", "addr:city": "Meetiyagoda", "operator": null, "name": "Post Office", "addr:postcode": null, "Date": "2015-01-01" }, "geometry": { "type": "Point", "coordinates": [ 80.0969396, 6.1899478 ] } },
{ "type": "Feature", "properties": { "fid": 377, "full_id": "n4555033279", "osm_id": "4555033279", "osm_type": "node", "amenity": "post_office", "survey:date": null, "wheelchair": null, "District": null, "addr:district": null, "office": null, "government": null, "addr:hamlet": null, "name:es": null, "description:zh": null, "post_office:type": null, "addr:housenumber": null, "phone": null, "name:ta": null, "name:nl": null, "name:si": null, "alt_name": null, "junction": null, "designation": null, "man_made": null, "collection_times": null, "postal_code": null, "name:zh": null, "name:en": null, "atm": null, "ele": null, "brand:wikidata": null, "brand": null, "wikipedia": null, "wikidata": null, "opening_hours": null, "branch": null, "ref": null, "check_date": null, "addr:street": "Denzil Kobbekaduwa Mawatha", "addr:city": "Battaramulla", "operator": null, "name": "Ranaviru Post Office", "addr:postcode": null, "Date": "2015-01-01" }, "geometry": { "type": "Point", "coordinates": [ 79.9244493, 6.895513 ] } },
{ "type": "Feature", "properties": { "fid": 378, "full_id": "n4578984109", "osm_id": "4578984109", "osm_type": "node", "amenity": "post_office", "survey:date": null, "wheelchair": null, "District": null, "addr:district": null, "office": null, "government": null, "addr:hamlet": null, "name:es": null, "description:zh": null, "post_office:type": null, "addr:housenumber": null, "phone": null, "name:ta": null, "name:nl": null, "name:si": null, "alt_name": null, "junction": null, "designation": null, "man_made": null, "collection_times": null, "postal_code": null, "name:zh": null, "name:en": null, "atm": null, "ele": null, "brand:wikidata": null, "brand": null, "wikipedia": null, "wikidata": null, "opening_hours": null, "branch": null, "ref": null, "check_date": null, "addr:street": null, "addr:city": null, "operator": null, "name": "Post Office - Makandura", "addr:postcode": null, "Date": "2015-01-01" }, "geometry": { "type": "Point", "coordinates": [ 80.5576236, 6.140554 ] } },
{ "type": "Feature", "properties": { "fid": 379, "full_id": "n4628054238", "osm_id": "4628054238", "osm_type": "node", "amenity": "post_office", "survey:date": null, "wheelchair": null, "District": null, "addr:district": null, "office": null, "government": null, "addr:hamlet": null, "name:es": null, "description:zh": null, "post_office:type": null, "addr:housenumber": null, "phone": null, "name:ta": null, "name:nl": null, "name:si": null, "alt_name": null, "junction": null, "designation": null, "man_made": null, "collection_times": null, "postal_code": null, "name:zh": null, "name:en": null, "atm": null, "ele": null, "brand:wikidata": null, "brand": null, "wikipedia": null, "wikidata": null, "opening_hours": null, "branch": null, "ref": null, "check_date": null, "addr:street": null, "addr:city": null, "operator": null, "name": "Puliyankulam Sub Post Office", "addr:postcode": null, "Date": "2015-01-01" }, "geometry": { "type": "Point", "coordinates": [ 80.5252685, 8.9626072 ] } },
{ "type": "Feature", "properties": { "fid": 380, "full_id": "n4670297144", "osm_id": "4670297144", "osm_type": "node", "amenity": "post_office", "survey:date": null, "wheelchair": null, "District": null, "addr:district": null, "office": null, "government": null, "addr:hamlet": null, "name:es": null, "description:zh": null, "post_office:type": null, "addr:housenumber": null, "phone": null, "name:ta": null, "name:nl": null, "name:si": null, "alt_name": null, "junction": null, "designation": null, "man_made": null, "collection_times": null, "postal_code": null, "name:zh": null, "name:en": null, "atm": null, "ele": null, "brand:wikidata": null, "brand": null, "wikipedia": null, "wikidata": null, "opening_hours": null, "branch": null, "ref": null, "check_date": null, "addr:street": null, "addr:city": null, "operator": null, "name": "Sub Post Office - Madinnagoda", "addr:postcode": null, "Date": "2015-01-01" }, "geometry": { "type": "Point", "coordinates": [ 79.9069695, 6.9176749 ] } },
{ "type": "Feature", "properties": { "fid": 381, "full_id": "n4704787989", "osm_id": "4704787989", "osm_type": "node", "amenity": "post_office", "survey:date": null, "wheelchair": null, "District": null, "addr:district": null, "office": null, "government": null, "addr:hamlet": null, "name:es": null, "description:zh": null, "post_office:type": null, "addr:housenumber": null, "phone": null, "name:ta": null, "name:nl": null, "name:si": null, "alt_name": null, "junction": null, "designation": null, "man_made": null, "collection_times": null, "postal_code": null, "name:zh": null, "name:en": "Post Office", "atm": null, "ele": null, "brand:wikidata": null, "brand": null, "wikipedia": null, "wikidata": null, "opening_hours": null, "branch": null, "ref": null, "check_date": null, "addr:street": "Kurunegala-Narammala-Madampe Road", "addr:city": null, "operator": null, "name": null, "addr:postcode": null, "Date": "2015-01-01" }, "geometry": { "type": "Point", "coordinates": [ 80.0424308, 7.469276 ] } },
{ "type": "Feature", "properties": { "fid": 382, "full_id": "n4714755395", "osm_id": "4714755395", "osm_type": "node", "amenity": "post_office", "survey:date": null, "wheelchair": null, "District": null, "addr:district": null, "office": null, "government": null, "addr:hamlet": null, "name:es": null, "description:zh": null, "post_office:type": null, "addr:housenumber": "No 12", "phone": "0525674722", "name:ta": null, "name:nl": null, "name:si": null, "alt_name": null, "junction": null, "designation": null, "man_made": null, "collection_times": null, "postal_code": null, "name:zh": null, "name:en": "Ambathalawa", "atm": null, "ele": null, "brand:wikidata": null, "brand": null, "wikipedia": null, "wikidata": null, "opening_hours": "Mo-Sa 08:00-17:00", "branch": null, "ref": null, "check_date": null, "addr:street": "Ella Uda Theniyagala Road", "addr:city": null, "operator": null, "name": null, "addr:postcode": "20686", "Date": "2015-01-01" }, "geometry": { "type": "Point", "coordinates": [ 80.5057577, 6.9619811 ] } },
{ "type": "Feature", "properties": { "fid": 383, "full_id": "n4746425643", "osm_id": "4746425643", "osm_type": "node", "amenity": "post_office", "survey:date": null, "wheelchair": null, "District": null, "addr:district": null, "office": null, "government": null, "addr:hamlet": null, "name:es": null, "description:zh": null, "post_office:type": null, "addr:housenumber": null, "phone": null, "name:ta": null, "name:nl": null, "name:si": null, "alt_name": null, "junction": null, "designation": null, "man_made": null, "collection_times": null, "postal_code": null, "name:zh": null, "name:en": null, "atm": null, "ele": null, "brand:wikidata": null, "brand": null, "wikipedia": null, "wikidata": null, "opening_hours": null, "branch": null, "ref": null, "check_date": null, "addr:street": "Kaluaggala-Labugama-Kalatuwawa Road", "addr:city": "Waga", "operator": null, "name": "Post Office", "addr:postcode": null, "Date": "2015-01-01" }, "geometry": { "type": "Point", "coordinates": [ 80.1265622, 6.9016778 ] } },
{ "type": "Feature", "properties": { "fid": 384, "full_id": "n4757401249", "osm_id": "4757401249", "osm_type": "node", "amenity": "post_office", "survey:date": null, "wheelchair": null, "District": null, "addr:district": null, "office": null, "government": null, "addr:hamlet": null, "name:es": null, "description:zh": null, "post_office:type": null, "addr:housenumber": null, "phone": null, "name:ta": null, "name:nl": null, "name:si": null, "alt_name": null, "junction": null, "designation": null, "man_made": null, "collection_times": null, "postal_code": null, "name:zh": null, "name:en": null, "atm": null, "ele": null, "brand:wikidata": null, "brand": null, "wikipedia": null, "wikidata": null, "opening_hours": null, "branch": null, "ref": null, "check_date": null, "addr:street": null, "addr:city": null, "operator": null, "name": null, "addr:postcode": null, "Date": "2015-01-01" }, "geometry": { "type": "Point", "coordinates": [ 80.2619638, 6.0012301 ] } },
{ "type": "Feature", "properties": { "fid": 385, "full_id": "n4775007815", "osm_id": "4775007815", "osm_type": "node", "amenity": "post_office", "survey:date": null, "wheelchair": null, "District": null, "addr:district": null, "office": null, "government": null, "addr:hamlet": null, "name:es": null, "description:zh": null, "post_office:type": null, "addr:housenumber": null, "phone": null, "name:ta": null, "name:nl": null, "name:si": null, "alt_name": null, "junction": null, "designation": null, "man_made": null, "collection_times": null, "postal_code": null, "name:zh": null, "name:en": null, "atm": null, "ele": null, "brand:wikidata": null, "brand": null, "wikipedia": null, "wikidata": null, "opening_hours": null, "branch": null, "ref": null, "check_date": null, "addr:street": "Malagala Road", "addr:city": "Padukka", "operator": null, "name": "Sub Post Office - Malagala", "addr:postcode": "10500", "Date": "2015-01-01" }, "geometry": { "type": "Point", "coordinates": [ 80.111356, 6.7947194 ] } },
{ "type": "Feature", "properties": { "fid": 386, "full_id": "n4776709158", "osm_id": "4776709158", "osm_type": "node", "amenity": "post_office", "survey:date": null, "wheelchair": null, "District": null, "addr:district": null, "office": null, "government": null, "addr:hamlet": null, "name:es": null, "description:zh": null, "post_office:type": null, "addr:housenumber": null, "phone": null, "name:ta": null, "name:nl": null, "name:si": null, "alt_name": null, "junction": null, "designation": null, "man_made": null, "collection_times": null, "postal_code": null, "name:zh": null, "name:en": null, "atm": null, "ele": null, "brand:wikidata": null, "brand": null, "wikipedia": null, "wikidata": null, "opening_hours": null, "branch": null, "ref": null, "check_date": null, "addr:street": null, "addr:city": null, "operator": null, "name": "Sub Post Office Kahawala", "addr:postcode": null, "Date": "2015-01-01" }, "geometry": { "type": "Point", "coordinates": [ 80.1084455, 6.7776134 ] } },
{ "type": "Feature", "properties": { "fid": 387, "full_id": "n4791168431", "osm_id": "4791168431", "osm_type": "node", "amenity": "post_office", "survey:date": null, "wheelchair": null, "District": null, "addr:district": null, "office": null, "government": null, "addr:hamlet": null, "name:es": null, "description:zh": null, "post_office:type": "sub_post_office", "addr:housenumber": null, "phone": null, "name:ta": null, "name:nl": null, "name:si": null, "alt_name": null, "junction": null, "designation": null, "man_made": null, "collection_times": null, "postal_code": null, "name:zh": null, "name:en": null, "atm": null, "ele": null, "brand:wikidata": null, "brand": null, "wikipedia": null, "wikidata": null, "opening_hours": null, "branch": null, "ref": null, "check_date": null, "addr:street": "Blackpool - Ambewela Road", "addr:city": "Ruwan Eliya", "operator": null, "name": "Ruwan Eliya Sub Post Office", "addr:postcode": null, "Date": "2015-01-01" }, "geometry": { "type": "Point", "coordinates": [ 80.7778031, 6.943229 ] } },
{ "type": "Feature", "properties": { "fid": 388, "full_id": "n4803619523", "osm_id": "4803619523", "osm_type": "node", "amenity": "post_office", "survey:date": null, "wheelchair": null, "District": null, "addr:district": null, "office": null, "government": null, "addr:hamlet": null, "name:es": null, "description:zh": null, "post_office:type": null, "addr:housenumber": null, "phone": null, "name:ta": null, "name:nl": null, "name:si": null, "alt_name": null, "junction": null, "designation": null, "man_made": null, "collection_times": null, "postal_code": null, "name:zh": null, "name:en": null, "atm": null, "ele": null, "brand:wikidata": null, "brand": null, "wikipedia": null, "wikidata": null, "opening_hours": null, "branch": null, "ref": null, "check_date": null, "addr:street": null, "addr:city": null, "operator": null, "name": null, "addr:postcode": null, "Date": "2015-01-01" }, "geometry": { "type": "Point", "coordinates": [ 79.9425198, 7.2344432 ] } },
{ "type": "Feature", "properties": { "fid": 389, "full_id": "n4815639153", "osm_id": "4815639153", "osm_type": "node", "amenity": "post_office", "survey:date": null, "wheelchair": null, "District": null, "addr:district": null, "office": null, "government": null, "addr:hamlet": null, "name:es": null, "description:zh": null, "post_office:type": null, "addr:housenumber": null, "phone": null, "name:ta": null, "name:nl": null, "name:si": null, "alt_name": null, "junction": null, "designation": null, "man_made": null, "collection_times": null, "postal_code": null, "name:zh": null, "name:en": null, "atm": null, "ele": null, "brand:wikidata": null, "brand": null, "wikipedia": null, "wikidata": null, "opening_hours": null, "branch": null, "ref": null, "check_date": null, "addr:street": "Ragala - Rikillagaskada - Thennekumbura Road", "addr:city": "Padiyapelella", "operator": null, "name": "Padiyapelella Post Office", "addr:postcode": null, "Date": "2015-01-01" }, "geometry": { "type": "Point", "coordinates": [ 80.7989351, 7.0934628 ] } },
{ "type": "Feature", "properties": { "fid": 390, "full_id": "n4833924603", "osm_id": "4833924603", "osm_type": "node", "amenity": "post_office", "survey:date": null, "wheelchair": null, "District": null, "addr:district": null, "office": null, "government": null, "addr:hamlet": null, "name:es": null, "description:zh": null, "post_office:type": null, "addr:housenumber": null, "phone": null, "name:ta": null, "name:nl": null, "name:si": null, "alt_name": null, "junction": null, "designation": null, "man_made": null, "collection_times": null, "postal_code": null, "name:zh": null, "name:en": null, "atm": null, "ele": null, "brand:wikidata": null, "brand": null, "wikipedia": null, "wikidata": null, "opening_hours": null, "branch": null, "ref": null, "check_date": null, "addr:street": null, "addr:city": null, "operator": null, "name": "Post office", "addr:postcode": null, "Date": "2015-01-01" }, "geometry": { "type": "Point", "coordinates": [ 80.262966, 7.2349713 ] } },
{ "type": "Feature", "properties": { "fid": 391, "full_id": "n4833927143", "osm_id": "4833927143", "osm_type": "node", "amenity": "post_office", "survey:date": null, "wheelchair": null, "District": null, "addr:district": null, "office": null, "government": null, "addr:hamlet": null, "name:es": null, "description:zh": null, "post_office:type": null, "addr:housenumber": null, "phone": null, "name:ta": null, "name:nl": null, "name:si": null, "alt_name": null, "junction": null, "designation": null, "man_made": null, "collection_times": null, "postal_code": null, "name:zh": null, "name:en": null, "atm": null, "ele": null, "brand:wikidata": null, "brand": null, "wikipedia": null, "wikidata": null, "opening_hours": null, "branch": null, "ref": null, "check_date": null, "addr:street": null, "addr:city": null, "operator": null, "name": "Ginigathhena Post Office", "addr:postcode": null, "Date": "2015-01-01" }, "geometry": { "type": "Point", "coordinates": [ 80.4941504, 6.9888354 ] } },
{ "type": "Feature", "properties": { "fid": 392, "full_id": "n4838108277", "osm_id": "4838108277", "osm_type": "node", "amenity": "post_office", "survey:date": null, "wheelchair": null, "District": null, "addr:district": null, "office": null, "government": null, "addr:hamlet": null, "name:es": null, "description:zh": null, "post_office:type": null, "addr:housenumber": null, "phone": null, "name:ta": null, "name:nl": null, "name:si": null, "alt_name": null, "junction": null, "designation": null, "man_made": null, "collection_times": null, "postal_code": null, "name:zh": null, "name:en": null, "atm": null, "ele": null, "brand:wikidata": null, "brand": null, "wikipedia": null, "wikidata": null, "opening_hours": null, "branch": null, "ref": null, "check_date": null, "addr:street": "Polgahawela-Kegalle Road", "addr:city": "Dewalegama", "operator": null, "name": "Dewalegama Post Office", "addr:postcode": null, "Date": "2015-01-01" }, "geometry": { "type": "Point", "coordinates": [ 80.3218112, 7.2849149 ] } },
{ "type": "Feature", "properties": { "fid": 393, "full_id": "n4885453250", "osm_id": "4885453250", "osm_type": "node", "amenity": "post_office", "survey:date": null, "wheelchair": null, "District": null, "addr:district": null, "office": null, "government": null, "addr:hamlet": null, "name:es": null, "description:zh": null, "post_office:type": null, "addr:housenumber": null, "phone": null, "name:ta": null, "name:nl": null, "name:si": null, "alt_name": null, "junction": null, "designation": null, "man_made": null, "collection_times": null, "postal_code": null, "name:zh": null, "name:en": null, "atm": null, "ele": null, "brand:wikidata": null, "brand": null, "wikipedia": null, "wikidata": null, "opening_hours": null, "branch": null, "ref": null, "check_date": null, "addr:street": null, "addr:city": null, "operator": null, "name": "Keppetipola Post Office", "addr:postcode": null, "Date": "2015-01-01" }, "geometry": { "type": "Point", "coordinates": [ 80.8711955, 6.8948763 ] } },
{ "type": "Feature", "properties": { "fid": 394, "full_id": "n4891890173", "osm_id": "4891890173", "osm_type": "node", "amenity": "post_office", "survey:date": null, "wheelchair": null, "District": null, "addr:district": null, "office": null, "government": null, "addr:hamlet": null, "name:es": null, "description:zh": null, "post_office:type": null, "addr:housenumber": null, "phone": null, "name:ta": null, "name:nl": null, "name:si": null, "alt_name": null, "junction": null, "designation": null, "man_made": null, "collection_times": null, "postal_code": null, "name:zh": null, "name:en": null, "atm": null, "ele": null, "brand:wikidata": null, "brand": null, "wikipedia": null, "wikidata": null, "opening_hours": null, "branch": null, "ref": null, "check_date": null, "addr:street": null, "addr:city": null, "operator": null, "name": "Balangoda Main Post Office", "addr:postcode": null, "Date": "2015-01-01" }, "geometry": { "type": "Point", "coordinates": [ 80.7015149, 6.6486215 ] } },
{ "type": "Feature", "properties": { "fid": 395, "full_id": "n4894994057", "osm_id": "4894994057", "osm_type": "node", "amenity": "post_office", "survey:date": null, "wheelchair": null, "District": null, "addr:district": null, "office": null, "government": null, "addr:hamlet": null, "name:es": null, "description:zh": null, "post_office:type": null, "addr:housenumber": null, "phone": null, "name:ta": null, "name:nl": null, "name:si": null, "alt_name": null, "junction": null, "designation": null, "man_made": null, "collection_times": null, "postal_code": null, "name:zh": null, "name:en": null, "atm": null, "ele": null, "brand:wikidata": null, "brand": null, "wikipedia": null, "wikidata": null, "opening_hours": null, "branch": null, "ref": null, "check_date": null, "addr:street": null, "addr:city": null, "operator": null, "name": "Wellawaya Post Office", "addr:postcode": null, "Date": "2015-01-01" }, "geometry": { "type": "Point", "coordinates": [ 81.100466, 6.7311558 ] } },
{ "type": "Feature", "properties": { "fid": 396, "full_id": "n4920389406", "osm_id": "4920389406", "osm_type": "node", "amenity": "post_office", "survey:date": null, "wheelchair": null, "District": null, "addr:district": null, "office": null, "government": null, "addr:hamlet": null, "name:es": null, "description:zh": null, "post_office:type": null, "addr:housenumber": null, "phone": null, "name:ta": null, "name:nl": null, "name:si": null, "alt_name": null, "junction": null, "designation": null, "man_made": null, "collection_times": null, "postal_code": null, "name:zh": null, "name:en": null, "atm": null, "ele": null, "brand:wikidata": null, "brand": null, "wikipedia": null, "wikidata": null, "opening_hours": null, "branch": null, "ref": null, "check_date": null, "addr:street": null, "addr:city": null, "operator": null, "name": "Okkampitiya Post Office", "addr:postcode": null, "Date": "2015-01-01" }, "geometry": { "type": "Point", "coordinates": [ 81.3080227, 6.7506712 ] } },
{ "type": "Feature", "properties": { "fid": 397, "full_id": "n4921735460", "osm_id": "4921735460", "osm_type": "node", "amenity": "post_office", "survey:date": null, "wheelchair": null, "District": null, "addr:district": null, "office": null, "government": null, "addr:hamlet": null, "name:es": null, "description:zh": null, "post_office:type": null, "addr:housenumber": null, "phone": null, "name:ta": null, "name:nl": null, "name:si": null, "alt_name": null, "junction": null, "designation": null, "man_made": null, "collection_times": null, "postal_code": null, "name:zh": null, "name:en": null, "atm": null, "ele": null, "brand:wikidata": null, "brand": null, "wikipedia": null, "wikidata": null, "opening_hours": null, "branch": null, "ref": null, "check_date": null, "addr:street": null, "addr:city": null, "operator": null, "name": "Lunugala Post Office", "addr:postcode": null, "Date": "2015-01-01" }, "geometry": { "type": "Point", "coordinates": [ 81.2008551, 7.0382974 ] } },
{ "type": "Feature", "properties": { "fid": 398, "full_id": "n4926790450", "osm_id": "4926790450", "osm_type": "node", "amenity": "post_office", "survey:date": null, "wheelchair": null, "District": null, "addr:district": null, "office": null, "government": null, "addr:hamlet": null, "name:es": null, "description:zh": null, "post_office:type": null, "addr:housenumber": null, "phone": null, "name:ta": null, "name:nl": null, "name:si": null, "alt_name": null, "junction": null, "designation": null, "man_made": null, "collection_times": null, "postal_code": null, "name:zh": null, "name:en": null, "atm": null, "ele": null, "brand:wikidata": null, "brand": null, "wikipedia": null, "wikidata": null, "opening_hours": null, "branch": null, "ref": null, "check_date": null, "addr:street": "Tonigala - Kalawewa - Galewela Road", "addr:city": "Galewela", "operator": null, "name": "Galewela Post Office", "addr:postcode": null, "Date": "2015-01-01" }, "geometry": { "type": "Point", "coordinates": [ 80.5702174, 7.7620983 ] } },
{ "type": "Feature", "properties": { "fid": 399, "full_id": "n4933930181", "osm_id": "4933930181", "osm_type": "node", "amenity": "post_office", "survey:date": null, "wheelchair": null, "District": null, "addr:district": null, "office": null, "government": null, "addr:hamlet": null, "name:es": null, "description:zh": null, "post_office:type": null, "addr:housenumber": null, "phone": null, "name:ta": null, "name:nl": null, "name:si": null, "alt_name": null, "junction": null, "designation": null, "man_made": null, "collection_times": null, "postal_code": null, "name:zh": null, "name:en": null, "atm": null, "ele": null, "brand:wikidata": null, "brand": null, "wikipedia": null, "wikidata": null, "opening_hours": null, "branch": null, "ref": null, "check_date": null, "addr:street": "Moragolla - Dambagahamula Rd.", "addr:city": null, "operator": null, "name": "bambaragaswewa sub post office", "addr:postcode": null, "Date": "2015-01-01" }, "geometry": { "type": "Point", "coordinates": [ 80.5312337, 7.7920669 ] } },
{ "type": "Feature", "properties": { "fid": 400, "full_id": "n4936849272", "osm_id": "4936849272", "osm_type": "node", "amenity": "post_office", "survey:date": null, "wheelchair": null, "District": null, "addr:district": null, "office": null, "government": null, "addr:hamlet": null, "name:es": null, "description:zh": null, "post_office:type": null, "addr:housenumber": null, "phone": null, "name:ta": null, "name:nl": null, "name:si": null, "alt_name": null, "junction": null, "designation": null, "man_made": null, "collection_times": null, "postal_code": null, "name:zh": null, "name:en": null, "atm": null, "ele": null, "brand:wikidata": null, "brand": null, "wikipedia": null, "wikidata": null, "opening_hours": null, "branch": null, "ref": null, "check_date": null, "addr:street": null, "addr:city": null, "operator": null, "name": "Maadipola Post Office", "addr:postcode": null, "Date": "2015-01-01" }, "geometry": { "type": "Point", "coordinates": [ 80.5802897, 7.685343 ] } },
{ "type": "Feature", "properties": { "fid": 401, "full_id": "n4943979718", "osm_id": "4943979718", "osm_type": "node", "amenity": "post_office", "survey:date": null, "wheelchair": null, "District": null, "addr:district": null, "office": null, "government": null, "addr:hamlet": null, "name:es": null, "description:zh": null, "post_office:type": null, "addr:housenumber": null, "phone": null, "name:ta": null, "name:nl": null, "name:si": null, "alt_name": null, "junction": null, "designation": null, "man_made": null, "collection_times": null, "postal_code": null, "name:zh": null, "name:en": null, "atm": null, "ele": null, "brand:wikidata": null, "brand": null, "wikipedia": null, "wikidata": null, "opening_hours": null, "branch": null, "ref": null, "check_date": null, "addr:street": "Palapathwela - Galewela Rd", "addr:city": "Pallepola", "operator": null, "name": "Pallepola Post Office", "addr:postcode": null, "Date": "2015-01-01" }, "geometry": { "type": "Point", "coordinates": [ 80.606565, 7.6219204 ] } },
{ "type": "Feature", "properties": { "fid": 402, "full_id": "n4945291977", "osm_id": "4945291977", "osm_type": "node", "amenity": "post_office", "survey:date": null, "wheelchair": null, "District": null, "addr:district": null, "office": null, "government": null, "addr:hamlet": null, "name:es": null, "description:zh": null, "post_office:type": null, "addr:housenumber": null, "phone": null, "name:ta": null, "name:nl": null, "name:si": null, "alt_name": null, "junction": null, "designation": null, "man_made": null, "collection_times": null, "postal_code": null, "name:zh": null, "name:en": null, "atm": null, "ele": null, "brand:wikidata": null, "brand": null, "wikipedia": null, "wikidata": null, "opening_hours": null, "branch": null, "ref": null, "check_date": null, "addr:street": "Jaffna - Kandy Road", "addr:city": "madawala ulpatha", "operator": null, "name": "Post Office -Madawala ulpatha", "addr:postcode": null, "Date": "2015-01-01" }, "geometry": { "type": "Point", "coordinates": [ 80.6373881, 7.6113742 ] } },
{ "type": "Feature", "properties": { "fid": 403, "full_id": "n4945471067", "osm_id": "4945471067", "osm_type": "node", "amenity": "post_office", "survey:date": null, "wheelchair": null, "District": null, "addr:district": null, "office": null, "government": null, "addr:hamlet": null, "name:es": null, "description:zh": null, "post_office:type": null, "addr:housenumber": null, "phone": null, "name:ta": null, "name:nl": null, "name:si": null, "alt_name": null, "junction": null, "designation": null, "man_made": null, "collection_times": null, "postal_code": null, "name:zh": null, "name:en": null, "atm": null, "ele": null, "brand:wikidata": null, "brand": null, "wikipedia": null, "wikidata": null, "opening_hours": null, "branch": null, "ref": null, "check_date": null, "addr:street": "Jaffna - Kandy Road", "addr:city": "Nalanda", "operator": null, "name": "Nalada sub post office", "addr:postcode": null, "Date": "2015-01-01" }, "geometry": { "type": "Point", "coordinates": [ 80.6369265, 7.6658803 ] } },
{ "type": "Feature", "properties": { "fid": 404, "full_id": "n4948776427", "osm_id": "4948776427", "osm_type": "node", "amenity": "post_office", "survey:date": null, "wheelchair": null, "District": null, "addr:district": null, "office": null, "government": null, "addr:hamlet": null, "name:es": null, "description:zh": null, "post_office:type": null, "addr:housenumber": null, "phone": null, "name:ta": null, "name:nl": null, "name:si": null, "alt_name": null, "junction": null, "designation": null, "man_made": null, "collection_times": null, "postal_code": null, "name:zh": null, "name:en": null, "atm": null, "ele": null, "brand:wikidata": null, "brand": null, "wikipedia": null, "wikidata": null, "opening_hours": null, "branch": null, "ref": null, "check_date": null, "addr:street": "Jaffna - Kandy Road", "addr:city": "Naula", "operator": null, "name": "Post Office - Naula", "addr:postcode": null, "Date": "2015-01-01" }, "geometry": { "type": "Point", "coordinates": [ 80.6538263, 7.706372 ] } },
{ "type": "Feature", "properties": { "fid": 405, "full_id": "n4961881688", "osm_id": "4961881688", "osm_type": "node", "amenity": "post_office", "survey:date": null, "wheelchair": null, "District": null, "addr:district": null, "office": null, "government": null, "addr:hamlet": null, "name:es": null, "description:zh": null, "post_office:type": null, "addr:housenumber": null, "phone": null, "name:ta": null, "name:nl": null, "name:si": null, "alt_name": null, "junction": null, "designation": null, "man_made": null, "collection_times": null, "postal_code": null, "name:zh": null, "name:en": null, "atm": null, "ele": null, "brand:wikidata": null, "brand": null, "wikipedia": null, "wikidata": null, "opening_hours": null, "branch": null, "ref": null, "check_date": null, "addr:street": "Jaffna - Kandy Road", "addr:city": "Lenadora", "operator": null, "name": "Lenadora-Sub Post Office", "addr:postcode": null, "Date": "2015-01-01" }, "geometry": { "type": "Point", "coordinates": [ 80.6614986, 7.7529461 ] } },
{ "type": "Feature", "properties": { "fid": 406, "full_id": "n4975257534", "osm_id": "4975257534", "osm_type": "node", "amenity": "post_office", "survey:date": null, "wheelchair": null, "District": null, "addr:district": null, "office": null, "government": null, "addr:hamlet": null, "name:es": null, "description:zh": null, "post_office:type": null, "addr:housenumber": null, "phone": null, "name:ta": null, "name:nl": null, "name:si": null, "alt_name": null, "junction": null, "designation": null, "man_made": null, "collection_times": null, "postal_code": null, "name:zh": null, "name:en": null, "atm": null, "ele": null, "brand:wikidata": null, "brand": null, "wikipedia": null, "wikidata": null, "opening_hours": null, "branch": null, "ref": null, "check_date": null, "addr:street": null, "addr:city": null, "operator": null, "name": "Post Office (Market Junction)", "addr:postcode": null, "Date": "2015-01-01" }, "geometry": { "type": "Point", "coordinates": [ 79.8898124, 6.979032 ] } },
{ "type": "Feature", "properties": { "fid": 407, "full_id": "n4979491080", "osm_id": "4979491080", "osm_type": "node", "amenity": "post_office", "survey:date": null, "wheelchair": null, "District": null, "addr:district": null, "office": null, "government": null, "addr:hamlet": null, "name:es": null, "description:zh": null, "post_office:type": null, "addr:housenumber": null, "phone": null, "name:ta": null, "name:nl": null, "name:si": null, "alt_name": null, "junction": null, "designation": null, "man_made": null, "collection_times": null, "postal_code": null, "name:zh": null, "name:en": null, "atm": null, "ele": null, "brand:wikidata": null, "brand": null, "wikipedia": null, "wikidata": null, "opening_hours": null, "branch": null, "ref": null, "check_date": null, "addr:street": "Hathamunagala Rd", "addr:city": null, "operator": null, "name": "Ketawala Junction Sub Post Office", "addr:postcode": null, "Date": "2015-01-01" }, "geometry": { "type": "Point", "coordinates": [ 80.6502055, 7.6143747 ] } },
{ "type": "Feature", "properties": { "fid": 408, "full_id": "n4984843079", "osm_id": "4984843079", "osm_type": "node", "amenity": "post_office", "survey:date": null, "wheelchair": null, "District": null, "addr:district": null, "office": null, "government": null, "addr:hamlet": null, "name:es": null, "description:zh": null, "post_office:type": null, "addr:housenumber": null, "phone": null, "name:ta": null, "name:nl": null, "name:si": null, "alt_name": null, "junction": null, "designation": null, "man_made": null, "collection_times": null, "postal_code": null, "name:zh": null, "name:en": null, "atm": null, "ele": null, "brand:wikidata": null, "brand": null, "wikipedia": null, "wikidata": null, "opening_hours": null, "branch": null, "ref": null, "check_date": null, "addr:street": "Matara - Kamburupitiya Road", "addr:city": "Kamburupitiya", "operator": null, "name": "Kamburupitiya Post Office", "addr:postcode": null, "Date": "2015-01-01" }, "geometry": { "type": "Point", "coordinates": [ 80.5647324, 6.0780488 ] } },
{ "type": "Feature", "properties": { "fid": 409, "full_id": "n4984933687", "osm_id": "4984933687", "osm_type": "node", "amenity": "post_office", "survey:date": null, "wheelchair": null, "District": null, "addr:district": null, "office": null, "government": null, "addr:hamlet": null, "name:es": null, "description:zh": null, "post_office:type": null, "addr:housenumber": null, "phone": null, "name:ta": null, "name:nl": null, "name:si": null, "alt_name": null, "junction": null, "designation": null, "man_made": null, "collection_times": null, "postal_code": null, "name:zh": null, "name:en": null, "atm": null, "ele": null, "brand:wikidata": null, "brand": null, "wikipedia": null, "wikidata": null, "opening_hours": null, "branch": null, "ref": null, "check_date": null, "addr:street": "Palapathwela - Galewela Rd", "addr:city": null, "operator": null, "name": "Mahawela Post Office", "addr:postcode": null, "Date": "2015-01-01" }, "geometry": { "type": "Point", "coordinates": [ 80.6114351, 7.580091 ] } },
{ "type": "Feature", "properties": { "fid": 410, "full_id": "n4994868464", "osm_id": "4994868464", "osm_type": "node", "amenity": "post_office", "survey:date": null, "wheelchair": null, "District": null, "addr:district": null, "office": null, "government": null, "addr:hamlet": null, "name:es": null, "description:zh": null, "post_office:type": null, "addr:housenumber": null, "phone": null, "name:ta": null, "name:nl": null, "name:si": null, "alt_name": null, "junction": null, "designation": null, "man_made": null, "collection_times": null, "postal_code": null, "name:zh": null, "name:en": null, "atm": null, "ele": null, "brand:wikidata": null, "brand": null, "wikipedia": null, "wikidata": null, "opening_hours": null, "branch": null, "ref": null, "check_date": null, "addr:street": "Hettipola New Town Road", "addr:city": null, "operator": null, "name": "Post office- Wilgamuwa", "addr:postcode": null, "Date": "2015-01-01" }, "geometry": { "type": "Point", "coordinates": [ 80.916664, 7.5399294 ] } },
{ "type": "Feature", "properties": { "fid": 411, "full_id": "n5030096478", "osm_id": "5030096478", "osm_type": "node", "amenity": "post_office", "survey:date": null, "wheelchair": null, "District": null, "addr:district": null, "office": null, "government": null, "addr:hamlet": null, "name:es": null, "description:zh": null, "post_office:type": null, "addr:housenumber": null, "phone": null, "name:ta": null, "name:nl": null, "name:si": null, "alt_name": null, "junction": null, "designation": null, "man_made": null, "collection_times": null, "postal_code": null, "name:zh": null, "name:en": null, "atm": null, "ele": null, "brand:wikidata": null, "brand": null, "wikipedia": null, "wikidata": null, "opening_hours": null, "branch": null, "ref": null, "check_date": null, "addr:street": "Hettipola - Hasalaka Road", "addr:city": "Nugagolla", "operator": null, "name": "Nugagolla Sub Post Office", "addr:postcode": null, "Date": "2015-01-01" }, "geometry": { "type": "Point", "coordinates": [ 80.9270366, 7.4966116 ] } },
{ "type": "Feature", "properties": { "fid": 412, "full_id": "n5032458321", "osm_id": "5032458321", "osm_type": "node", "amenity": "post_office", "survey:date": null, "wheelchair": null, "District": null, "addr:district": null, "office": null, "government": null, "addr:hamlet": null, "name:es": null, "description:zh": null, "post_office:type": null, "addr:housenumber": null, "phone": null, "name:ta": null, "name:nl": null, "name:si": null, "alt_name": null, "junction": null, "designation": null, "man_made": null, "collection_times": null, "postal_code": null, "name:zh": null, "name:en": "Ukuwela Post Office", "atm": null, "ele": null, "brand:wikidata": null, "brand": null, "wikipedia": null, "wikidata": null, "opening_hours": "Mo-Sa 08:00-17:00", "branch": null, "ref": null, "check_date": null, "addr:street": "Ukuwela", "addr:city": null, "operator": null, "name": null, "addr:postcode": null, "Date": "2015-01-01" }, "geometry": { "type": "Point", "coordinates": [ 80.6334706, 7.4214637 ] } },
{ "type": "Feature", "properties": { "fid": 413, "full_id": "n5048968039", "osm_id": "5048968039", "osm_type": "node", "amenity": "post_office", "survey:date": null, "wheelchair": null, "District": null, "addr:district": null, "office": null, "government": null, "addr:hamlet": null, "name:es": null, "description:zh": null, "post_office:type": null, "addr:housenumber": null, "phone": null, "name:ta": null, "name:nl": null, "name:si": null, "alt_name": null, "junction": null, "designation": null, "man_made": null, "collection_times": null, "postal_code": null, "name:zh": null, "name:en": null, "atm": null, "ele": null, "brand:wikidata": null, "brand": null, "wikipedia": null, "wikidata": null, "opening_hours": null, "branch": null, "ref": null, "check_date": null, "addr:street": null, "addr:city": null, "operator": null, "name": "Kotagala Post Office", "addr:postcode": null, "Date": "2015-01-01" }, "geometry": { "type": "Point", "coordinates": [ 80.6090941, 6.925415 ] } },
{ "type": "Feature", "properties": { "fid": 414, "full_id": "n5057641928", "osm_id": "5057641928", "osm_type": "node", "amenity": "post_office", "survey:date": null, "wheelchair": null, "District": null, "addr:district": null, "office": null, "government": null, "addr:hamlet": null, "name:es": null, "description:zh": null, "post_office:type": null, "addr:housenumber": null, "phone": null, "name:ta": null, "name:nl": null, "name:si": null, "alt_name": null, "junction": null, "designation": null, "man_made": null, "collection_times": null, "postal_code": null, "name:zh": null, "name:en": null, "atm": null, "ele": null, "brand:wikidata": null, "brand": null, "wikipedia": null, "wikidata": null, "opening_hours": null, "branch": null, "ref": null, "check_date": null, "addr:street": null, "addr:city": null, "operator": null, "name": "Sub Post Office Gothatuwa", "addr:postcode": null, "Date": "2015-01-01" }, "geometry": { "type": "Point", "coordinates": [ 79.905887, 6.9294937 ] } },
{ "type": "Feature", "properties": { "fid": 415, "full_id": "n5124025379", "osm_id": "5124025379", "osm_type": "node", "amenity": "post_office", "survey:date": null, "wheelchair": null, "District": null, "addr:district": null, "office": null, "government": null, "addr:hamlet": null, "name:es": null, "description:zh": null, "post_office:type": null, "addr:housenumber": null, "phone": null, "name:ta": null, "name:nl": null, "name:si": null, "alt_name": null, "junction": null, "designation": null, "man_made": null, "collection_times": null, "postal_code": null, "name:zh": null, "name:en": null, "atm": null, "ele": null, "brand:wikidata": null, "brand": null, "wikipedia": null, "wikidata": null, "opening_hours": null, "branch": null, "ref": null, "check_date": null, "addr:street": "Matale - Rattota - Pallegama Road", "addr:city": "Rattota", "operator": null, "name": "Rattota Post Office", "addr:postcode": null, "Date": "2015-01-01" }, "geometry": { "type": "Point", "coordinates": [ 80.678839, 7.5209708 ] } },
{ "type": "Feature", "properties": { "fid": 416, "full_id": "n5130411097", "osm_id": "5130411097", "osm_type": "node", "amenity": "post_office", "survey:date": null, "wheelchair": null, "District": null, "addr:district": null, "office": null, "government": null, "addr:hamlet": null, "name:es": null, "description:zh": null, "post_office:type": null, "addr:housenumber": null, "phone": null, "name:ta": null, "name:nl": null, "name:si": "කොටුවිල උප තැපැල් කාර්‍යාලය", "alt_name": null, "junction": null, "designation": null, "man_made": null, "collection_times": null, "postal_code": null, "name:zh": null, "name:en": null, "atm": null, "ele": null, "brand:wikidata": null, "brand": null, "wikipedia": null, "wikidata": null, "opening_hours": null, "branch": null, "ref": null, "check_date": null, "addr:street": "Ambatale Road", "addr:city": "Kotuwila", "operator": "Sri Lanka Post", "name": "Sub Post Office - Kotuwila", "addr:postcode": null, "Date": "2015-01-01" }, "geometry": { "type": "Point", "coordinates": [ 79.8910868, 6.9535477 ] } },
{ "type": "Feature", "properties": { "fid": 417, "full_id": "n5135188078", "osm_id": "5135188078", "osm_type": "node", "amenity": "post_office", "survey:date": null, "wheelchair": null, "District": null, "addr:district": null, "office": null, "government": null, "addr:hamlet": null, "name:es": null, "description:zh": null, "post_office:type": null, "addr:housenumber": null, "phone": null, "name:ta": null, "name:nl": null, "name:si": null, "alt_name": null, "junction": null, "designation": null, "man_made": null, "collection_times": null, "postal_code": null, "name:zh": null, "name:en": null, "atm": null, "ele": null, "brand:wikidata": null, "brand": null, "wikipedia": null, "wikidata": null, "opening_hours": null, "branch": null, "ref": null, "check_date": null, "addr:street": null, "addr:city": null, "operator": null, "name": "Namunukula Post Office", "addr:postcode": null, "Date": "2015-01-01" }, "geometry": { "type": "Point", "coordinates": [ 81.113053, 6.8757436 ] } },
{ "type": "Feature", "properties": { "fid": 418, "full_id": "n5176061434", "osm_id": "5176061434", "osm_type": "node", "amenity": "post_office", "survey:date": null, "wheelchair": null, "District": null, "addr:district": null, "office": null, "government": null, "addr:hamlet": null, "name:es": null, "description:zh": null, "post_office:type": null, "addr:housenumber": null, "phone": null, "name:ta": null, "name:nl": null, "name:si": null, "alt_name": null, "junction": null, "designation": null, "man_made": null, "collection_times": null, "postal_code": null, "name:zh": null, "name:en": null, "atm": null, "ele": null, "brand:wikidata": null, "brand": null, "wikipedia": null, "wikidata": null, "opening_hours": null, "branch": null, "ref": null, "check_date": null, "addr:street": null, "addr:city": null, "operator": null, "name": "Ihalamulla Sub Post Office", "addr:postcode": null, "Date": "2015-01-01" }, "geometry": { "type": "Point", "coordinates": [ 80.5668188, 7.4459612 ] } },
{ "type": "Feature", "properties": { "fid": 419, "full_id": "n5188184923", "osm_id": "5188184923", "osm_type": "node", "amenity": "post_office", "survey:date": null, "wheelchair": null, "District": null, "addr:district": null, "office": null, "government": null, "addr:hamlet": null, "name:es": null, "description:zh": null, "post_office:type": null, "addr:housenumber": null, "phone": null, "name:ta": null, "name:nl": null, "name:si": null, "alt_name": null, "junction": null, "designation": null, "man_made": null, "collection_times": null, "postal_code": null, "name:zh": null, "name:en": null, "atm": null, "ele": null, "brand:wikidata": null, "brand": null, "wikipedia": null, "wikidata": null, "opening_hours": null, "branch": null, "ref": null, "check_date": "2022-12-13", "addr:street": null, "addr:city": null, "operator": null, "name": null, "addr:postcode": null, "Date": "2015-01-01" }, "geometry": { "type": "Point", "coordinates": [ 79.8632833, 6.9166112 ] } },
{ "type": "Feature", "properties": { "fid": 420, "full_id": "n5196573318", "osm_id": "5196573318", "osm_type": "node", "amenity": "post_office", "survey:date": null, "wheelchair": null, "District": null, "addr:district": null, "office": null, "government": null, "addr:hamlet": null, "name:es": null, "description:zh": null, "post_office:type": null, "addr:housenumber": null, "phone": null, "name:ta": null, "name:nl": null, "name:si": null, "alt_name": null, "junction": null, "designation": null, "man_made": null, "collection_times": null, "postal_code": null, "name:zh": null, "name:en": null, "atm": null, "ele": null, "brand:wikidata": null, "brand": null, "wikipedia": null, "wikidata": null, "opening_hours": null, "branch": null, "ref": null, "check_date": null, "addr:street": null, "addr:city": null, "operator": null, "name": "Uva Neluwa Sub Post Office", "addr:postcode": null, "Date": "2015-01-01" }, "geometry": { "type": "Point", "coordinates": [ 81.0099891, 6.9115571 ] } },
{ "type": "Feature", "properties": { "fid": 421, "full_id": "n5197757821", "osm_id": "5197757821", "osm_type": "node", "amenity": "post_office", "survey:date": null, "wheelchair": null, "District": null, "addr:district": null, "office": null, "government": null, "addr:hamlet": null, "name:es": null, "description:zh": null, "post_office:type": null, "addr:housenumber": null, "phone": null, "name:ta": null, "name:nl": null, "name:si": null, "alt_name": null, "junction": null, "designation": null, "man_made": null, "collection_times": null, "postal_code": null, "name:zh": null, "name:en": null, "atm": null, "ele": null, "brand:wikidata": null, "brand": null, "wikipedia": null, "wikidata": null, "opening_hours": null, "branch": null, "ref": null, "check_date": null, "addr:street": null, "addr:city": null, "operator": null, "name": "Banilagolla Post Office", "addr:postcode": null, "Date": "2015-01-01" }, "geometry": { "type": "Point", "coordinates": [ 80.5654251, 7.4196225 ] } },
{ "type": "Feature", "properties": { "fid": 422, "full_id": "n5207508476", "osm_id": "5207508476", "osm_type": "node", "amenity": "post_office", "survey:date": null, "wheelchair": null, "District": null, "addr:district": null, "office": null, "government": null, "addr:hamlet": null, "name:es": null, "description:zh": null, "post_office:type": null, "addr:housenumber": null, "phone": null, "name:ta": null, "name:nl": null, "name:si": null, "alt_name": null, "junction": null, "designation": null, "man_made": null, "collection_times": null, "postal_code": null, "name:zh": null, "name:en": null, "atm": null, "ele": null, "brand:wikidata": null, "brand": null, "wikipedia": null, "wikidata": null, "opening_hours": null, "branch": null, "ref": null, "check_date": null, "addr:street": null, "addr:city": null, "operator": null, "name": "Post Office Halawatha", "addr:postcode": null, "Date": "2015-01-01" }, "geometry": { "type": "Point", "coordinates": [ 79.7949021, 7.5794472 ] } },
{ "type": "Feature", "properties": { "fid": 423, "full_id": "n5207949321", "osm_id": "5207949321", "osm_type": "node", "amenity": "post_office", "survey:date": null, "wheelchair": null, "District": null, "addr:district": null, "office": null, "government": null, "addr:hamlet": null, "name:es": null, "description:zh": null, "post_office:type": null, "addr:housenumber": "No: 13", "phone": "+94 (0) 47 2245354", "name:ta": null, "name:nl": null, "name:si": null, "alt_name": null, "junction": null, "designation": null, "man_made": null, "collection_times": null, "postal_code": null, "name:zh": null, "name:en": "Sub-Post Office, Nathuwala", "atm": null, "ele": null, "brand:wikidata": null, "brand": null, "wikipedia": null, "wikidata": null, "opening_hours": "Mo-Sa 08:00-12:00, 13:00-17:00", "branch": null, "ref": null, "check_date": null, "addr:street": "Walasmulla-Hakmana Road", "addr:city": null, "operator": null, "name": null, "addr:postcode": null, "Date": "2015-01-01" }, "geometry": { "type": "Point", "coordinates": [ 80.6900236, 6.1389173 ] } },
{ "type": "Feature", "properties": { "fid": 424, "full_id": "n5219912989", "osm_id": "5219912989", "osm_type": "node", "amenity": "post_office", "survey:date": null, "wheelchair": null, "District": null, "addr:district": null, "office": null, "government": null, "addr:hamlet": null, "name:es": null, "description:zh": null, "post_office:type": null, "addr:housenumber": null, "phone": null, "name:ta": null, "name:nl": null, "name:si": null, "alt_name": null, "junction": null, "designation": null, "man_made": null, "collection_times": null, "postal_code": null, "name:zh": null, "name:en": null, "atm": null, "ele": null, "brand:wikidata": null, "brand": null, "wikipedia": null, "wikidata": null, "opening_hours": null, "branch": null, "ref": null, "check_date": null, "addr:street": null, "addr:city": null, "operator": null, "name": "Post office", "addr:postcode": null, "Date": "2015-01-01" }, "geometry": { "type": "Point", "coordinates": [ 80.2474116, 6.0220156 ] } },
{ "type": "Feature", "properties": { "fid": 425, "full_id": "n5220190806", "osm_id": "5220190806", "osm_type": "node", "amenity": "post_office", "survey:date": null, "wheelchair": null, "District": null, "addr:district": null, "office": null, "government": null, "addr:hamlet": null, "name:es": null, "description:zh": null, "post_office:type": null, "addr:housenumber": null, "phone": null, "name:ta": null, "name:nl": null, "name:si": null, "alt_name": null, "junction": null, "designation": null, "man_made": null, "collection_times": null, "postal_code": null, "name:zh": null, "name:en": null, "atm": null, "ele": null, "brand:wikidata": null, "brand": null, "wikipedia": null, "wikidata": null, "opening_hours": null, "branch": null, "ref": null, "check_date": null, "addr:street": null, "addr:city": null, "operator": null, "name": "Ragala Post Office", "addr:postcode": null, "Date": "2015-01-01" }, "geometry": { "type": "Point", "coordinates": [ 80.8572547, 7.0120187 ] } },
{ "type": "Feature", "properties": { "fid": 426, "full_id": "n5257094650", "osm_id": "5257094650", "osm_type": "node", "amenity": "post_office", "survey:date": null, "wheelchair": null, "District": null, "addr:district": null, "office": null, "government": null, "addr:hamlet": null, "name:es": null, "description:zh": null, "post_office:type": null, "addr:housenumber": null, "phone": null, "name:ta": null, "name:nl": null, "name:si": null, "alt_name": null, "junction": null, "designation": null, "man_made": null, "collection_times": null, "postal_code": null, "name:zh": null, "name:en": null, "atm": null, "ele": null, "brand:wikidata": null, "brand": null, "wikipedia": null, "wikidata": null, "opening_hours": null, "branch": null, "ref": null, "check_date": null, "addr:street": null, "addr:city": null, "operator": null, "name": "Pallewela Post Office", "addr:postcode": null, "Date": "2015-01-01" }, "geometry": { "type": "Point", "coordinates": [ 80.0920349, 7.1980258 ] } },
{ "type": "Feature", "properties": { "fid": 427, "full_id": "n5261496322", "osm_id": "5261496322", "osm_type": "node", "amenity": "post_office", "survey:date": null, "wheelchair": null, "District": null, "addr:district": null, "office": null, "government": null, "addr:hamlet": null, "name:es": null, "description:zh": null, "post_office:type": null, "addr:housenumber": null, "phone": null, "name:ta": null, "name:nl": null, "name:si": null, "alt_name": null, "junction": null, "designation": null, "man_made": null, "collection_times": null, "postal_code": null, "name:zh": null, "name:en": "Jana Home", "atm": null, "ele": null, "brand:wikidata": null, "brand": null, "wikipedia": null, "wikidata": null, "opening_hours": null, "branch": null, "ref": null, "check_date": null, "addr:street": null, "addr:city": null, "operator": null, "name": null, "addr:postcode": null, "Date": "2015-01-01" }, "geometry": { "type": "Point", "coordinates": [ 79.9058323, 6.8992572 ] } },
{ "type": "Feature", "properties": { "fid": 428, "full_id": "n5279228321", "osm_id": "5279228321", "osm_type": "node", "amenity": "post_office", "survey:date": null, "wheelchair": null, "District": null, "addr:district": null, "office": null, "government": null, "addr:hamlet": null, "name:es": null, "description:zh": null, "post_office:type": null, "addr:housenumber": null, "phone": null, "name:ta": null, "name:nl": null, "name:si": null, "alt_name": null, "junction": null, "designation": null, "man_made": null, "collection_times": null, "postal_code": null, "name:zh": null, "name:en": "General Post Office", "atm": null, "ele": null, "brand:wikidata": null, "brand": null, "wikipedia": "en:Former General Post Office, Colombo", "wikidata": "Q4139229", "opening_hours": null, "branch": null, "ref": null, "check_date": null, "addr:street": null, "addr:city": null, "operator": null, "name": null, "addr:postcode": null, "Date": "2015-01-01" }, "geometry": { "type": "Point", "coordinates": [ 79.845595, 6.935282 ] } },
{ "type": "Feature", "properties": { "fid": 429, "full_id": "n5301743366", "osm_id": "5301743366", "osm_type": "node", "amenity": "post_office", "survey:date": null, "wheelchair": null, "District": null, "addr:district": null, "office": null, "government": null, "addr:hamlet": null, "name:es": null, "description:zh": null, "post_office:type": null, "addr:housenumber": null, "phone": null, "name:ta": null, "name:nl": null, "name:si": null, "alt_name": null, "junction": null, "designation": null, "man_made": null, "collection_times": null, "postal_code": null, "name:zh": null, "name:en": null, "atm": null, "ele": null, "brand:wikidata": null, "brand": null, "wikipedia": null, "wikidata": null, "opening_hours": null, "branch": null, "ref": null, "check_date": null, "addr:street": null, "addr:city": null, "operator": null, "name": "Dehiovita Post Office", "addr:postcode": null, "Date": "2015-01-01" }, "geometry": { "type": "Point", "coordinates": [ 80.2651132, 6.9716231 ] } },
{ "type": "Feature", "properties": { "fid": 430, "full_id": "n5304198570", "osm_id": "5304198570", "osm_type": "node", "amenity": "post_office", "survey:date": null, "wheelchair": null, "District": null, "addr:district": null, "office": null, "government": null, "addr:hamlet": null, "name:es": null, "description:zh": null, "post_office:type": null, "addr:housenumber": null, "phone": null, "name:ta": null, "name:nl": null, "name:si": null, "alt_name": null, "junction": null, "designation": null, "man_made": null, "collection_times": null, "postal_code": null, "name:zh": null, "name:en": null, "atm": null, "ele": null, "brand:wikidata": null, "brand": null, "wikipedia": null, "wikidata": null, "opening_hours": null, "branch": null, "ref": null, "check_date": null, "addr:street": null, "addr:city": null, "operator": null, "name": "Sub Post Office - Peliyagoda", "addr:postcode": null, "Date": "2015-01-01" }, "geometry": { "type": "Point", "coordinates": [ 79.8823344, 6.9578074 ] } },
{ "type": "Feature", "properties": { "fid": 431, "full_id": "n5304247525", "osm_id": "5304247525", "osm_type": "node", "amenity": "post_office", "survey:date": null, "wheelchair": null, "District": null, "addr:district": null, "office": null, "government": null, "addr:hamlet": null, "name:es": null, "description:zh": null, "post_office:type": null, "addr:housenumber": null, "phone": null, "name:ta": null, "name:nl": null, "name:si": null, "alt_name": null, "junction": null, "designation": null, "man_made": null, "collection_times": null, "postal_code": null, "name:zh": null, "name:en": null, "atm": null, "ele": null, "brand:wikidata": null, "brand": null, "wikipedia": null, "wikidata": null, "opening_hours": null, "branch": null, "ref": null, "check_date": null, "addr:street": null, "addr:city": null, "operator": null, "name": "weppasawela post office", "addr:postcode": null, "Date": "2015-01-01" }, "geometry": { "type": "Point", "coordinates": [ 80.9836377, 6.9094256 ] } },
{ "type": "Feature", "properties": { "fid": 432, "full_id": "n5342293957", "osm_id": "5342293957", "osm_type": "node", "amenity": "post_office", "survey:date": null, "wheelchair": null, "District": null, "addr:district": null, "office": null, "government": null, "addr:hamlet": null, "name:es": null, "description:zh": null, "post_office:type": null, "addr:housenumber": null, "phone": null, "name:ta": null, "name:nl": null, "name:si": null, "alt_name": null, "junction": null, "designation": null, "man_made": null, "collection_times": null, "postal_code": null, "name:zh": null, "name:en": null, "atm": null, "ele": null, "brand:wikidata": null, "brand": null, "wikipedia": null, "wikidata": null, "opening_hours": null, "branch": null, "ref": null, "check_date": null, "addr:street": null, "addr:city": null, "operator": "Sri Lanka Post", "name": "Mattegoda post office", "addr:postcode": "1280", "Date": "2015-01-01" }, "geometry": { "type": "Point", "coordinates": [ 79.9721294, 6.8152121 ] } },
{ "type": "Feature", "properties": { "fid": 433, "full_id": "n5385078237", "osm_id": "5385078237", "osm_type": "node", "amenity": "post_office", "survey:date": null, "wheelchair": null, "District": null, "addr:district": null, "office": null, "government": null, "addr:hamlet": null, "name:es": null, "description:zh": null, "post_office:type": null, "addr:housenumber": null, "phone": null, "name:ta": null, "name:nl": null, "name:si": null, "alt_name": null, "junction": null, "designation": null, "man_made": null, "collection_times": null, "postal_code": null, "name:zh": null, "name:en": null, "atm": null, "ele": null, "brand:wikidata": null, "brand": null, "wikipedia": null, "wikidata": null, "opening_hours": null, "branch": null, "ref": null, "check_date": null, "addr:street": null, "addr:city": null, "operator": null, "name": "Mapakadawewa Post Office", "addr:postcode": null, "Date": "2015-01-01" }, "geometry": { "type": "Point", "coordinates": [ 81.0221153, 7.2854824 ] } },
{ "type": "Feature", "properties": { "fid": 434, "full_id": "n5389654423", "osm_id": "5389654423", "osm_type": "node", "amenity": "post_office", "survey:date": null, "wheelchair": null, "District": null, "addr:district": null, "office": null, "government": null, "addr:hamlet": null, "name:es": null, "description:zh": null, "post_office:type": null, "addr:housenumber": null, "phone": null, "name:ta": null, "name:nl": null, "name:si": null, "alt_name": null, "junction": null, "designation": null, "man_made": null, "collection_times": null, "postal_code": null, "name:zh": null, "name:en": "Namasha foods", "atm": null, "ele": null, "brand:wikidata": null, "brand": null, "wikipedia": null, "wikidata": null, "opening_hours": null, "branch": null, "ref": null, "check_date": null, "addr:street": null, "addr:city": null, "operator": null, "name": null, "addr:postcode": null, "Date": "2015-01-01" }, "geometry": { "type": "Point", "coordinates": [ 79.8679973, 7.2234715 ] } },
{ "type": "Feature", "properties": { "fid": 435, "full_id": "n5400935350", "osm_id": "5400935350", "osm_type": "node", "amenity": "post_office", "survey:date": null, "wheelchair": null, "District": null, "addr:district": null, "office": null, "government": null, "addr:hamlet": null, "name:es": null, "description:zh": null, "post_office:type": null, "addr:housenumber": null, "phone": null, "name:ta": null, "name:nl": null, "name:si": null, "alt_name": null, "junction": null, "designation": null, "man_made": null, "collection_times": null, "postal_code": null, "name:zh": null, "name:en": null, "atm": null, "ele": null, "brand:wikidata": null, "brand": null, "wikipedia": null, "wikidata": null, "opening_hours": null, "branch": null, "ref": null, "check_date": null, "addr:street": null, "addr:city": null, "operator": null, "name": "Ritigaha Arawa Sub Post Office", "addr:postcode": null, "Date": "2015-01-01" }, "geometry": { "type": "Point", "coordinates": [ 81.10057, 7.2259592 ] } },
{ "type": "Feature", "properties": { "fid": 436, "full_id": "n5412934823", "osm_id": "5412934823", "osm_type": "node", "amenity": "post_office", "survey:date": null, "wheelchair": null, "District": null, "addr:district": null, "office": null, "government": null, "addr:hamlet": null, "name:es": null, "description:zh": "郵局", "post_office:type": null, "addr:housenumber": null, "phone": null, "name:ta": null, "name:nl": null, "name:si": null, "alt_name": null, "junction": null, "designation": null, "man_made": null, "collection_times": null, "postal_code": null, "name:zh": null, "name:en": null, "atm": null, "ele": null, "brand:wikidata": null, "brand": null, "wikipedia": null, "wikidata": null, "opening_hours": null, "branch": null, "ref": null, "check_date": null, "addr:street": null, "addr:city": null, "operator": null, "name": null, "addr:postcode": null, "Date": "2015-01-01" }, "geometry": { "type": "Point", "coordinates": [ 80.7508586, 7.9502283 ] } },
{ "type": "Feature", "properties": { "fid": 437, "full_id": "n5428969353", "osm_id": "5428969353", "osm_type": "node", "amenity": "post_office", "survey:date": null, "wheelchair": null, "District": null, "addr:district": null, "office": null, "government": null, "addr:hamlet": null, "name:es": null, "description:zh": null, "post_office:type": null, "addr:housenumber": null, "phone": null, "name:ta": null, "name:nl": null, "name:si": null, "alt_name": null, "junction": null, "designation": null, "man_made": null, "collection_times": null, "postal_code": null, "name:zh": null, "name:en": null, "atm": null, "ele": null, "brand:wikidata": null, "brand": null, "wikipedia": null, "wikidata": null, "opening_hours": null, "branch": null, "ref": null, "check_date": null, "addr:street": null, "addr:city": null, "operator": null, "name": "Indiparape Sub Post Office", "addr:postcode": null, "Date": "2015-01-01" }, "geometry": { "type": "Point", "coordinates": [ 80.1125112, 7.2165182 ] } },
{ "type": "Feature", "properties": { "fid": 438, "full_id": "n5430898668", "osm_id": "5430898668", "osm_type": "node", "amenity": "post_office", "survey:date": null, "wheelchair": null, "District": null, "addr:district": null, "office": null, "government": null, "addr:hamlet": null, "name:es": null, "description:zh": null, "post_office:type": null, "addr:housenumber": null, "phone": null, "name:ta": null, "name:nl": null, "name:si": null, "alt_name": null, "junction": null, "designation": null, "man_made": null, "collection_times": null, "postal_code": null, "name:zh": null, "name:en": null, "atm": null, "ele": null, "brand:wikidata": null, "brand": null, "wikipedia": null, "wikidata": null, "opening_hours": null, "branch": null, "ref": null, "check_date": null, "addr:street": null, "addr:city": null, "operator": null, "name": "Rideegama Post Office", "addr:postcode": null, "Date": "2015-01-01" }, "geometry": { "type": "Point", "coordinates": [ 80.4928149, 7.5489253 ] } },
{ "type": "Feature", "properties": { "fid": 439, "full_id": "n5509960622", "osm_id": "5509960622", "osm_type": "node", "amenity": "post_office", "survey:date": null, "wheelchair": null, "District": null, "addr:district": null, "office": null, "government": null, "addr:hamlet": null, "name:es": null, "description:zh": null, "post_office:type": null, "addr:housenumber": null, "phone": null, "name:ta": null, "name:nl": null, "name:si": null, "alt_name": null, "junction": null, "designation": null, "man_made": null, "collection_times": null, "postal_code": null, "name:zh": null, "name:en": null, "atm": null, "ele": null, "brand:wikidata": null, "brand": null, "wikipedia": null, "wikidata": null, "opening_hours": null, "branch": null, "ref": null, "check_date": null, "addr:street": null, "addr:city": null, "operator": null, "name": "Haputale Post Office", "addr:postcode": null, "Date": "2015-01-01" }, "geometry": { "type": "Point", "coordinates": [ 80.9617885, 6.7703475 ] } },
{ "type": "Feature", "properties": { "fid": 440, "full_id": "n5675646864", "osm_id": "5675646864", "osm_type": "node", "amenity": "post_office", "survey:date": null, "wheelchair": null, "District": null, "addr:district": null, "office": null, "government": null, "addr:hamlet": null, "name:es": null, "description:zh": null, "post_office:type": null, "addr:housenumber": null, "phone": null, "name:ta": null, "name:nl": null, "name:si": null, "alt_name": null, "junction": null, "designation": null, "man_made": null, "collection_times": null, "postal_code": null, "name:zh": null, "name:en": null, "atm": null, "ele": null, "brand:wikidata": null, "brand": null, "wikipedia": null, "wikidata": null, "opening_hours": null, "branch": null, "ref": null, "check_date": null, "addr:street": "Matara-Kekanadura-Yatiyana Road", "addr:city": null, "operator": null, "name": "Thalpawila Sub Post Office", "addr:postcode": null, "Date": "2015-01-01" }, "geometry": { "type": "Point", "coordinates": [ 80.5957609, 5.953794 ] } },
{ "type": "Feature", "properties": { "fid": 441, "full_id": "n5686475859", "osm_id": "5686475859", "osm_type": "node", "amenity": "post_office", "survey:date": null, "wheelchair": null, "District": null, "addr:district": null, "office": null, "government": null, "addr:hamlet": null, "name:es": null, "description:zh": null, "post_office:type": null, "addr:housenumber": null, "phone": null, "name:ta": null, "name:nl": null, "name:si": null, "alt_name": null, "junction": null, "designation": null, "man_made": null, "collection_times": null, "postal_code": null, "name:zh": null, "name:en": null, "atm": null, "ele": null, "brand:wikidata": null, "brand": null, "wikipedia": null, "wikidata": null, "opening_hours": null, "branch": null, "ref": null, "check_date": null, "addr:street": "Weherahena Road", "addr:city": null, "operator": null, "name": "Weherahena Sub Post Office", "addr:postcode": null, "Date": "2015-01-01" }, "geometry": { "type": "Point", "coordinates": [ 80.5754664, 5.9524928 ] } },
{ "type": "Feature", "properties": { "fid": 442, "full_id": "n5729808360", "osm_id": "5729808360", "osm_type": "node", "amenity": "post_office", "survey:date": null, "wheelchair": null, "District": null, "addr:district": null, "office": null, "government": null, "addr:hamlet": null, "name:es": null, "description:zh": null, "post_office:type": null, "addr:housenumber": null, "phone": null, "name:ta": null, "name:nl": null, "name:si": null, "alt_name": null, "junction": null, "designation": null, "man_made": null, "collection_times": null, "postal_code": null, "name:zh": null, "name:en": null, "atm": null, "ele": null, "brand:wikidata": null, "brand": null, "wikipedia": null, "wikidata": null, "opening_hours": null, "branch": null, "ref": null, "check_date": null, "addr:street": null, "addr:city": null, "operator": null, "name": "Post Office - Balangoda", "addr:postcode": null, "Date": "2015-01-01" }, "geometry": { "type": "Point", "coordinates": [ 80.7011685, 6.6484193 ] } },
{ "type": "Feature", "properties": { "fid": 443, "full_id": "n5783180756", "osm_id": "5783180756", "osm_type": "node", "amenity": "post_office", "survey:date": null, "wheelchair": null, "District": null, "addr:district": null, "office": null, "government": null, "addr:hamlet": null, "name:es": null, "description:zh": null, "post_office:type": null, "addr:housenumber": null, "phone": null, "name:ta": null, "name:nl": null, "name:si": null, "alt_name": null, "junction": null, "designation": null, "man_made": null, "collection_times": null, "postal_code": null, "name:zh": null, "name:en": null, "atm": null, "ele": null, "brand:wikidata": null, "brand": null, "wikipedia": null, "wikidata": null, "opening_hours": null, "branch": null, "ref": null, "check_date": null, "addr:street": "Jaffna - Kandy Road", "addr:city": "Palapathwala", "operator": null, "name": "Post office", "addr:postcode": null, "Date": "2015-01-01" }, "geometry": { "type": "Point", "coordinates": [ 80.6270181, 7.5342571 ] } },
{ "type": "Feature", "properties": { "fid": 444, "full_id": "n5907582566", "osm_id": "5907582566", "osm_type": "node", "amenity": "post_office", "survey:date": null, "wheelchair": null, "District": null, "addr:district": null, "office": null, "government": null, "addr:hamlet": null, "name:es": null, "description:zh": null, "post_office:type": null, "addr:housenumber": null, "phone": null, "name:ta": null, "name:nl": null, "name:si": null, "alt_name": null, "junction": null, "designation": null, "man_made": null, "collection_times": null, "postal_code": null, "name:zh": null, "name:en": null, "atm": null, "ele": null, "brand:wikidata": null, "brand": null, "wikipedia": null, "wikidata": null, "opening_hours": null, "branch": null, "ref": null, "check_date": null, "addr:street": "Nelumdeniya-Kongashandiya Road", "addr:city": "Batuwatta", "operator": null, "name": "Batuwaththa sub post office", "addr:postcode": null, "Date": "2015-01-01" }, "geometry": { "type": "Point", "coordinates": [ 80.3076656, 7.3043778 ] } },
{ "type": "Feature", "properties": { "fid": 445, "full_id": "n5919822187", "osm_id": "5919822187", "osm_type": "node", "amenity": "post_office", "survey:date": null, "wheelchair": null, "District": null, "addr:district": null, "office": null, "government": null, "addr:hamlet": null, "name:es": null, "description:zh": null, "post_office:type": null, "addr:housenumber": null, "phone": null, "name:ta": null, "name:nl": null, "name:si": null, "alt_name": null, "junction": null, "designation": null, "man_made": null, "collection_times": null, "postal_code": null, "name:zh": null, "name:en": null, "atm": null, "ele": null, "brand:wikidata": null, "brand": null, "wikipedia": null, "wikidata": null, "opening_hours": null, "branch": null, "ref": null, "check_date": null, "addr:street": null, "addr:city": null, "operator": null, "name": null, "addr:postcode": null, "Date": "2015-01-01" }, "geometry": { "type": "Point", "coordinates": [ 81.217817, 8.6003998 ] } },
{ "type": "Feature", "properties": { "fid": 446, "full_id": "n5965588685", "osm_id": "5965588685", "osm_type": "node", "amenity": "post_office", "survey:date": null, "wheelchair": null, "District": null, "addr:district": null, "office": null, "government": null, "addr:hamlet": null, "name:es": null, "description:zh": null, "post_office:type": null, "addr:housenumber": null, "phone": null, "name:ta": null, "name:nl": null, "name:si": null, "alt_name": null, "junction": null, "designation": null, "man_made": null, "collection_times": null, "postal_code": null, "name:zh": null, "name:en": "Ishan home.miditha friend", "atm": null, "ele": null, "brand:wikidata": null, "brand": null, "wikipedia": null, "wikidata": null, "opening_hours": null, "branch": null, "ref": null, "check_date": null, "addr:street": null, "addr:city": null, "operator": null, "name": null, "addr:postcode": null, "Date": "2015-01-01" }, "geometry": { "type": "Point", "coordinates": [ 80.3979786, 7.3418017 ] } },
{ "type": "Feature", "properties": { "fid": 447, "full_id": "n6000941287", "osm_id": "6000941287", "osm_type": "node", "amenity": "post_office", "survey:date": null, "wheelchair": null, "District": null, "addr:district": null, "office": null, "government": null, "addr:hamlet": null, "name:es": null, "description:zh": null, "post_office:type": null, "addr:housenumber": null, "phone": null, "name:ta": null, "name:nl": null, "name:si": null, "alt_name": null, "junction": null, "designation": null, "man_made": null, "collection_times": null, "postal_code": null, "name:zh": null, "name:en": "Meegahahena", "atm": null, "ele": null, "brand:wikidata": null, "brand": null, "wikipedia": null, "wikidata": null, "opening_hours": null, "branch": null, "ref": null, "check_date": null, "addr:street": null, "addr:city": null, "operator": null, "name": null, "addr:postcode": null, "Date": "2015-01-01" }, "geometry": { "type": "Point", "coordinates": [ 80.4752021, 7.4018444 ] } },
{ "type": "Feature", "properties": { "fid": 448, "full_id": "n6000955185", "osm_id": "6000955185", "osm_type": "node", "amenity": "post_office", "survey:date": null, "wheelchair": null, "District": null, "addr:district": null, "office": null, "government": null, "addr:hamlet": null, "name:es": null, "description:zh": null, "post_office:type": null, "addr:housenumber": null, "phone": null, "name:ta": null, "name:nl": null, "name:si": null, "alt_name": null, "junction": null, "designation": null, "man_made": null, "collection_times": null, "postal_code": null, "name:zh": null, "name:en": "Adhikarampura junction", "atm": null, "ele": null, "brand:wikidata": null, "brand": null, "wikipedia": null, "wikidata": null, "opening_hours": null, "branch": null, "ref": null, "check_date": null, "addr:street": null, "addr:city": null, "operator": null, "name": null, "addr:postcode": null, "Date": "2015-01-01" }, "geometry": { "type": "Point", "coordinates": [ 80.4909723, 7.3702729 ] } },
{ "type": "Feature", "properties": { "fid": 449, "full_id": "n6011491580", "osm_id": "6011491580", "osm_type": "node", "amenity": "post_office", "survey:date": null, "wheelchair": null, "District": null, "addr:district": null, "office": null, "government": null, "addr:hamlet": null, "name:es": null, "description:zh": null, "post_office:type": null, "addr:housenumber": null, "phone": null, "name:ta": null, "name:nl": null, "name:si": null, "alt_name": null, "junction": null, "designation": null, "man_made": null, "collection_times": null, "postal_code": null, "name:zh": null, "name:en": null, "atm": null, "ele": null, "brand:wikidata": null, "brand": null, "wikipedia": null, "wikidata": null, "opening_hours": null, "branch": null, "ref": null, "check_date": null, "addr:street": null, "addr:city": null, "operator": "Department of Posts of Sri Lanka", "name": "Siyambalape Post Office", "addr:postcode": "11607", "Date": "2015-01-01" }, "geometry": { "type": "Point", "coordinates": [ 79.9877289, 6.9812084 ] } },
{ "type": "Feature", "properties": { "fid": 450, "full_id": "n6109136485", "osm_id": "6109136485", "osm_type": "node", "amenity": "post_office", "survey:date": null, "wheelchair": null, "District": null, "addr:district": null, "office": null, "government": null, "addr:hamlet": null, "name:es": "Oficina de Correos", "description:zh": null, "post_office:type": null, "addr:housenumber": null, "phone": null, "name:ta": null, "name:nl": null, "name:si": null, "alt_name": null, "junction": null, "designation": null, "man_made": null, "collection_times": null, "postal_code": null, "name:zh": null, "name:en": "Sri Jinaratana Agency Post Office", "atm": null, "ele": null, "brand:wikidata": null, "brand": null, "wikipedia": null, "wikidata": null, "opening_hours": null, "branch": null, "ref": null, "check_date": null, "addr:street": null, "addr:city": null, "operator": null, "name": null, "addr:postcode": null, "Date": "2015-01-01" }, "geometry": { "type": "Point", "coordinates": [ 79.8560191, 6.915164 ] } },
{ "type": "Feature", "properties": { "fid": 451, "full_id": "n6124675388", "osm_id": "6124675388", "osm_type": "node", "amenity": "post_office", "survey:date": null, "wheelchair": null, "District": null, "addr:district": null, "office": null, "government": null, "addr:hamlet": null, "name:es": null, "description:zh": null, "post_office:type": null, "addr:housenumber": null, "phone": null, "name:ta": null, "name:nl": null, "name:si": null, "alt_name": null, "junction": null, "designation": null, "man_made": null, "collection_times": null, "postal_code": null, "name:zh": null, "name:en": "Post office", "atm": null, "ele": null, "brand:wikidata": null, "brand": null, "wikipedia": null, "wikidata": null, "opening_hours": null, "branch": null, "ref": null, "check_date": null, "addr:street": null, "addr:city": null, "operator": null, "name": null, "addr:postcode": null, "Date": "2015-01-01" }, "geometry": { "type": "Point", "coordinates": [ 80.7266, 7.9395681 ] } },
{ "type": "Feature", "properties": { "fid": 452, "full_id": "n6147925778", "osm_id": "6147925778", "osm_type": "node", "amenity": "post_office", "survey:date": null, "wheelchair": null, "District": null, "addr:district": null, "office": null, "government": null, "addr:hamlet": null, "name:es": null, "description:zh": null, "post_office:type": null, "addr:housenumber": null, "phone": null, "name:ta": null, "name:nl": null, "name:si": null, "alt_name": null, "junction": null, "designation": null, "man_made": null, "collection_times": null, "postal_code": null, "name:zh": null, "name:en": null, "atm": null, "ele": null, "brand:wikidata": null, "brand": null, "wikipedia": null, "wikidata": null, "opening_hours": null, "branch": null, "ref": null, "check_date": null, "addr:street": null, "addr:city": "Sammanthurai", "operator": null, "name": "veeramunai Sub Post Office", "addr:postcode": "32200", "Date": "2015-01-01" }, "geometry": { "type": "Point", "coordinates": [ 81.7970126, 7.3708398 ] } },
{ "type": "Feature", "properties": { "fid": 453, "full_id": "n6156979285", "osm_id": "6156979285", "osm_type": "node", "amenity": "post_office", "survey:date": null, "wheelchair": null, "District": null, "addr:district": null, "office": null, "government": null, "addr:hamlet": null, "name:es": null, "description:zh": null, "post_office:type": null, "addr:housenumber": null, "phone": null, "name:ta": null, "name:nl": null, "name:si": null, "alt_name": null, "junction": null, "designation": null, "man_made": null, "collection_times": null, "postal_code": null, "name:zh": null, "name:en": "Shantha mama home", "atm": null, "ele": null, "brand:wikidata": null, "brand": null, "wikipedia": null, "wikidata": null, "opening_hours": null, "branch": null, "ref": null, "check_date": null, "addr:street": null, "addr:city": null, "operator": null, "name": null, "addr:postcode": null, "Date": "2015-01-01" }, "geometry": { "type": "Point", "coordinates": [ 80.4338835, 8.3853811 ] } },
{ "type": "Feature", "properties": { "fid": 454, "full_id": "n6183174001", "osm_id": "6183174001", "osm_type": "node", "amenity": "post_office", "survey:date": null, "wheelchair": null, "District": null, "addr:district": null, "office": null, "government": null, "addr:hamlet": null, "name:es": null, "description:zh": null, "post_office:type": null, "addr:housenumber": null, "phone": null, "name:ta": null, "name:nl": null, "name:si": null, "alt_name": null, "junction": null, "designation": null, "man_made": null, "collection_times": null, "postal_code": null, "name:zh": null, "name:en": null, "atm": null, "ele": null, "brand:wikidata": null, "brand": null, "wikipedia": null, "wikidata": null, "opening_hours": null, "branch": null, "ref": null, "check_date": null, "addr:street": "Galagedara-Rambukkana Road", "addr:city": null, "operator": null, "name": "Sub Post office-Uduwa", "addr:postcode": null, "Date": "2015-01-01" }, "geometry": { "type": "Point", "coordinates": [ 80.4863225, 7.3622675 ] } },
{ "type": "Feature", "properties": { "fid": 455, "full_id": "n6200434093", "osm_id": "6200434093", "osm_type": "node", "amenity": "post_office", "survey:date": null, "wheelchair": null, "District": null, "addr:district": null, "office": null, "government": null, "addr:hamlet": null, "name:es": null, "description:zh": null, "post_office:type": null, "addr:housenumber": null, "phone": null, "name:ta": null, "name:nl": null, "name:si": null, "alt_name": null, "junction": null, "designation": null, "man_made": null, "collection_times": null, "postal_code": null, "name:zh": null, "name:en": null, "atm": null, "ele": null, "brand:wikidata": null, "brand": null, "wikipedia": null, "wikidata": null, "opening_hours": null, "branch": null, "ref": null, "check_date": null, "addr:street": null, "addr:city": null, "operator": null, "name": "Post Office", "addr:postcode": null, "Date": "2015-01-01" }, "geometry": { "type": "Point", "coordinates": [ 80.0233385, 6.5539238 ] } },
{ "type": "Feature", "properties": { "fid": 456, "full_id": "n6222816814", "osm_id": "6222816814", "osm_type": "node", "amenity": "post_office", "survey:date": null, "wheelchair": null, "District": null, "addr:district": null, "office": null, "government": null, "addr:hamlet": null, "name:es": null, "description:zh": null, "post_office:type": null, "addr:housenumber": null, "phone": null, "name:ta": null, "name:nl": null, "name:si": null, "alt_name": null, "junction": null, "designation": null, "man_made": null, "collection_times": null, "postal_code": null, "name:zh": null, "name:en": null, "atm": null, "ele": null, "brand:wikidata": null, "brand": null, "wikipedia": null, "wikidata": null, "opening_hours": null, "branch": null, "ref": null, "check_date": null, "addr:street": null, "addr:city": null, "operator": null, "name": "Meegalewa Post Office", "addr:postcode": null, "Date": "2015-01-01" }, "geometry": { "type": "Point", "coordinates": [ 80.3545712, 8.0558422 ] } },
{ "type": "Feature", "properties": { "fid": 457, "full_id": "n6229124386", "osm_id": "6229124386", "osm_type": "node", "amenity": "post_office", "survey:date": null, "wheelchair": null, "District": null, "addr:district": null, "office": null, "government": null, "addr:hamlet": null, "name:es": null, "description:zh": null, "post_office:type": null, "addr:housenumber": null, "phone": null, "name:ta": null, "name:nl": null, "name:si": null, "alt_name": null, "junction": null, "designation": null, "man_made": null, "collection_times": null, "postal_code": null, "name:zh": null, "name:en": "Deepani husband home", "atm": null, "ele": null, "brand:wikidata": null, "brand": null, "wikipedia": null, "wikidata": null, "opening_hours": null, "branch": null, "ref": null, "check_date": null, "addr:street": null, "addr:city": null, "operator": null, "name": null, "addr:postcode": null, "Date": "2015-01-01" }, "geometry": { "type": "Point", "coordinates": [ 80.5042716, 7.6204832 ] } },
{ "type": "Feature", "properties": { "fid": 458, "full_id": "n6242208559", "osm_id": "6242208559", "osm_type": "node", "amenity": "post_office", "survey:date": null, "wheelchair": null, "District": null, "addr:district": null, "office": null, "government": null, "addr:hamlet": null, "name:es": null, "description:zh": null, "post_office:type": null, "addr:housenumber": null, "phone": null, "name:ta": null, "name:nl": null, "name:si": null, "alt_name": null, "junction": null, "designation": null, "man_made": null, "collection_times": null, "postal_code": null, "name:zh": null, "name:en": null, "atm": null, "ele": null, "brand:wikidata": null, "brand": null, "wikipedia": null, "wikidata": null, "opening_hours": null, "branch": null, "ref": null, "check_date": null, "addr:street": null, "addr:city": null, "operator": null, "name": "Watawala Post Office", "addr:postcode": null, "Date": "2015-01-01" }, "geometry": { "type": "Point", "coordinates": [ 80.5379149, 6.9457971 ] } },
{ "type": "Feature", "properties": { "fid": 459, "full_id": "n6257124799", "osm_id": "6257124799", "osm_type": "node", "amenity": "post_office", "survey:date": null, "wheelchair": null, "District": null, "addr:district": null, "office": null, "government": null, "addr:hamlet": null, "name:es": null, "description:zh": null, "post_office:type": null, "addr:housenumber": null, "phone": null, "name:ta": null, "name:nl": null, "name:si": null, "alt_name": null, "junction": null, "designation": null, "man_made": null, "collection_times": null, "postal_code": null, "name:zh": null, "name:en": null, "atm": null, "ele": null, "brand:wikidata": null, "brand": null, "wikipedia": null, "wikidata": null, "opening_hours": null, "branch": null, "ref": null, "check_date": null, "addr:street": null, "addr:city": null, "operator": null, "name": "Post Office Nakulugamuwa", "addr:postcode": null, "Date": "2015-01-01" }, "geometry": { "type": "Point", "coordinates": [ 80.7278506, 5.9939006 ] } },
{ "type": "Feature", "properties": { "fid": 460, "full_id": "n6267498472", "osm_id": "6267498472", "osm_type": "node", "amenity": "post_office", "survey:date": null, "wheelchair": null, "District": null, "addr:district": null, "office": null, "government": null, "addr:hamlet": null, "name:es": null, "description:zh": null, "post_office:type": null, "addr:housenumber": null, "phone": null, "name:ta": null, "name:nl": null, "name:si": null, "alt_name": null, "junction": null, "designation": null, "man_made": null, "collection_times": null, "postal_code": null, "name:zh": null, "name:en": null, "atm": null, "ele": null, "brand:wikidata": null, "brand": null, "wikipedia": null, "wikidata": null, "opening_hours": null, "branch": null, "ref": null, "check_date": null, "addr:street": null, "addr:city": null, "operator": null, "name": null, "addr:postcode": null, "Date": "2015-01-01" }, "geometry": { "type": "Point", "coordinates": [ 81.8518524, 7.1198272 ] } },
{ "type": "Feature", "properties": { "fid": 461, "full_id": "n6274064253", "osm_id": "6274064253", "osm_type": "node", "amenity": "post_office", "survey:date": null, "wheelchair": null, "District": null, "addr:district": null, "office": null, "government": null, "addr:hamlet": null, "name:es": null, "description:zh": null, "post_office:type": null, "addr:housenumber": null, "phone": null, "name:ta": null, "name:nl": null, "name:si": null, "alt_name": null, "junction": null, "designation": null, "man_made": null, "collection_times": null, "postal_code": null, "name:zh": null, "name:en": null, "atm": null, "ele": null, "brand:wikidata": null, "brand": null, "wikipedia": null, "wikidata": null, "opening_hours": null, "branch": null, "ref": null, "check_date": "2024-12-23", "addr:street": null, "addr:city": null, "operator": null, "name": "Post Office - Galle Fort", "addr:postcode": null, "Date": "2015-01-01" }, "geometry": { "type": "Point", "coordinates": [ 80.2183919, 6.0283764 ] } },
{ "type": "Feature", "properties": { "fid": 462, "full_id": "n6352132926", "osm_id": "6352132926", "osm_type": "node", "amenity": "post_office", "survey:date": null, "wheelchair": null, "District": null, "addr:district": null, "office": null, "government": null, "addr:hamlet": null, "name:es": null, "description:zh": null, "post_office:type": null, "addr:housenumber": null, "phone": null, "name:ta": null, "name:nl": null, "name:si": null, "alt_name": null, "junction": null, "designation": null, "man_made": null, "collection_times": null, "postal_code": null, "name:zh": null, "name:en": null, "atm": null, "ele": null, "brand:wikidata": null, "brand": null, "wikipedia": null, "wikidata": null, "opening_hours": null, "branch": null, "ref": null, "check_date": null, "addr:street": null, "addr:city": null, "operator": null, "name": "Buttala Post Office", "addr:postcode": null, "Date": "2015-01-01" }, "geometry": { "type": "Point", "coordinates": [ 81.2494031, 6.7617237 ] } },
{ "type": "Feature", "properties": { "fid": 463, "full_id": "n6356491052", "osm_id": "6356491052", "osm_type": "node", "amenity": "post_office", "survey:date": null, "wheelchair": null, "District": null, "addr:district": null, "office": null, "government": null, "addr:hamlet": null, "name:es": null, "description:zh": null, "post_office:type": null, "addr:housenumber": null, "phone": null, "name:ta": null, "name:nl": null, "name:si": null, "alt_name": null, "junction": null, "designation": null, "man_made": null, "collection_times": null, "postal_code": null, "name:zh": null, "name:en": null, "atm": null, "ele": null, "brand:wikidata": null, "brand": null, "wikipedia": null, "wikidata": null, "opening_hours": null, "branch": null, "ref": null, "check_date": null, "addr:street": null, "addr:city": null, "operator": null, "name": "Magasthota Sub Post Office", "addr:postcode": null, "Date": "2015-01-01" }, "geometry": { "type": "Point", "coordinates": [ 80.7869976, 6.9520766 ] } },
{ "type": "Feature", "properties": { "fid": 464, "full_id": "n6365304383", "osm_id": "6365304383", "osm_type": "node", "amenity": "post_office", "survey:date": null, "wheelchair": null, "District": null, "addr:district": null, "office": null, "government": null, "addr:hamlet": null, "name:es": null, "description:zh": null, "post_office:type": null, "addr:housenumber": null, "phone": null, "name:ta": null, "name:nl": null, "name:si": null, "alt_name": null, "junction": null, "designation": null, "man_made": null, "collection_times": null, "postal_code": null, "name:zh": null, "name:en": null, "atm": null, "ele": null, "brand:wikidata": null, "brand": null, "wikipedia": null, "wikidata": null, "opening_hours": null, "branch": null, "ref": null, "check_date": null, "addr:street": "Udupussellawa - Welimada Road", "addr:city": "Loonuwaththa", "operator": null, "name": "Loonuwaththa Post Office", "addr:postcode": null, "Date": "2015-01-01" }, "geometry": { "type": "Point", "coordinates": [ 80.92674, 6.9555898 ] } },
{ "type": "Feature", "properties": { "fid": 465, "full_id": "n6365304596", "osm_id": "6365304596", "osm_type": "node", "amenity": "post_office", "survey:date": null, "wheelchair": null, "District": null, "addr:district": null, "office": null, "government": null, "addr:hamlet": null, "name:es": null, "description:zh": null, "post_office:type": null, "addr:housenumber": null, "phone": null, "name:ta": null, "name:nl": null, "name:si": null, "alt_name": null, "junction": null, "designation": null, "man_made": null, "collection_times": null, "postal_code": null, "name:zh": null, "name:en": null, "atm": null, "ele": null, "brand:wikidata": null, "brand": null, "wikipedia": null, "wikidata": null, "opening_hours": null, "branch": null, "ref": null, "check_date": null, "addr:street": null, "addr:city": null, "operator": null, "name": "Ambagasdowa Post Office", "addr:postcode": null, "Date": "2015-01-01" }, "geometry": { "type": "Point", "coordinates": [ 80.8979425, 6.9279445 ] } },
{ "type": "Feature", "properties": { "fid": 466, "full_id": "n6385419085", "osm_id": "6385419085", "osm_type": "node", "amenity": "post_office", "survey:date": null, "wheelchair": null, "District": null, "addr:district": null, "office": null, "government": null, "addr:hamlet": null, "name:es": null, "description:zh": null, "post_office:type": null, "addr:housenumber": null, "phone": null, "name:ta": null, "name:nl": null, "name:si": null, "alt_name": null, "junction": null, "designation": null, "man_made": null, "collection_times": null, "postal_code": null, "name:zh": null, "name:en": null, "atm": null, "ele": null, "brand:wikidata": null, "brand": null, "wikipedia": null, "wikidata": null, "opening_hours": null, "branch": null, "ref": null, "check_date": null, "addr:street": null, "addr:city": null, "operator": null, "name": "Ullinduwawa Post Office", "addr:postcode": null, "Date": "2015-01-01" }, "geometry": { "type": "Point", "coordinates": [ 80.6242485, 6.3540837 ] } },
{ "type": "Feature", "properties": { "fid": 467, "full_id": "n6386281422", "osm_id": "6386281422", "osm_type": "node", "amenity": "post_office", "survey:date": null, "wheelchair": null, "District": null, "addr:district": null, "office": null, "government": null, "addr:hamlet": null, "name:es": null, "description:zh": null, "post_office:type": null, "addr:housenumber": null, "phone": null, "name:ta": null, "name:nl": null, "name:si": null, "alt_name": null, "junction": null, "designation": null, "man_made": null, "collection_times": null, "postal_code": null, "name:zh": null, "name:en": null, "atm": null, "ele": null, "brand:wikidata": null, "brand": null, "wikipedia": null, "wikidata": null, "opening_hours": null, "branch": null, "ref": null, "check_date": null, "addr:street": null, "addr:city": null, "operator": null, "name": "Hettimulla Post Office", "addr:postcode": null, "Date": "2015-01-01" }, "geometry": { "type": "Point", "coordinates": [ 80.3614363, 7.2114304 ] } },
{ "type": "Feature", "properties": { "fid": 468, "full_id": "n6386281464", "osm_id": "6386281464", "osm_type": "node", "amenity": "post_office", "survey:date": null, "wheelchair": null, "District": null, "addr:district": null, "office": null, "government": null, "addr:hamlet": null, "name:es": null, "description:zh": null, "post_office:type": null, "addr:housenumber": null, "phone": null, "name:ta": null, "name:nl": null, "name:si": null, "alt_name": null, "junction": null, "designation": null, "man_made": null, "collection_times": null, "postal_code": null, "name:zh": null, "name:en": null, "atm": null, "ele": null, "brand:wikidata": null, "brand": null, "wikipedia": null, "wikidata": null, "opening_hours": null, "branch": null, "ref": null, "check_date": null, "addr:street": null, "addr:city": null, "operator": null, "name": "Moronthota Post Office", "addr:postcode": null, "Date": "2015-01-01" }, "geometry": { "type": "Point", "coordinates": [ 80.3617568, 7.1749747 ] } },
{ "type": "Feature", "properties": { "fid": 469, "full_id": "n6510800916", "osm_id": "6510800916", "osm_type": "node", "amenity": "post_office", "survey:date": null, "wheelchair": null, "District": null, "addr:district": null, "office": null, "government": null, "addr:hamlet": null, "name:es": null, "description:zh": null, "post_office:type": null, "addr:housenumber": null, "phone": null, "name:ta": null, "name:nl": null, "name:si": null, "alt_name": null, "junction": null, "designation": null, "man_made": null, "collection_times": null, "postal_code": null, "name:zh": null, "name:en": null, "atm": null, "ele": null, "brand:wikidata": null, "brand": null, "wikipedia": null, "wikidata": null, "opening_hours": null, "branch": null, "ref": null, "check_date": null, "addr:street": null, "addr:city": null, "operator": null, "name": "Ganepalla Sub Post Office", "addr:postcode": null, "Date": "2015-01-01" }, "geometry": { "type": "Point", "coordinates": [ 80.354834, 7.0143707 ] } },
{ "type": "Feature", "properties": { "fid": 470, "full_id": "n6550863827", "osm_id": "6550863827", "osm_type": "node", "amenity": "post_office", "survey:date": null, "wheelchair": null, "District": null, "addr:district": null, "office": null, "government": null, "addr:hamlet": null, "name:es": null, "description:zh": null, "post_office:type": null, "addr:housenumber": null, "phone": null, "name:ta": null, "name:nl": null, "name:si": null, "alt_name": null, "junction": null, "designation": null, "man_made": null, "collection_times": null, "postal_code": null, "name:zh": null, "name:en": null, "atm": null, "ele": null, "brand:wikidata": null, "brand": null, "wikipedia": null, "wikidata": null, "opening_hours": null, "branch": null, "ref": null, "check_date": null, "addr:street": "Thalawa Eppawala Road", "addr:city": null, "operator": null, "name": "Ipalogama Post Office", "addr:postcode": null, "Date": "2015-01-01" }, "geometry": { "type": "Point", "coordinates": [ 80.5180424, 8.0912723 ] } },
{ "type": "Feature", "properties": { "fid": 471, "full_id": "n6579953158", "osm_id": "6579953158", "osm_type": "node", "amenity": "post_office", "survey:date": null, "wheelchair": null, "District": null, "addr:district": null, "office": null, "government": null, "addr:hamlet": null, "name:es": null, "description:zh": null, "post_office:type": null, "addr:housenumber": null, "phone": "+94 352 278 602", "name:ta": null, "name:nl": null, "name:si": null, "alt_name": null, "junction": null, "designation": null, "man_made": null, "collection_times": null, "postal_code": null, "name:zh": null, "name:en": null, "atm": null, "ele": null, "brand:wikidata": null, "brand": null, "wikipedia": null, "wikidata": null, "opening_hours": "Mo-Fr 08:00-17:00", "branch": null, "ref": null, "check_date": null, "addr:street": "Pallegama", "addr:city": "Ganthuna", "operator": "Department of Postal,  Sri lanka", "name": "Post office Ganthuna", "addr:postcode": "71222", "Date": "2015-01-01" }, "geometry": { "type": "Point", "coordinates": [ 80.4002991, 7.1317875 ] } },
{ "type": "Feature", "properties": { "fid": 472, "full_id": "n6611417530", "osm_id": "6611417530", "osm_type": "node", "amenity": "post_office", "survey:date": null, "wheelchair": null, "District": null, "addr:district": null, "office": null, "government": null, "addr:hamlet": null, "name:es": null, "description:zh": null, "post_office:type": null, "addr:housenumber": null, "phone": null, "name:ta": null, "name:nl": null, "name:si": null, "alt_name": null, "junction": null, "designation": null, "man_made": null, "collection_times": null, "postal_code": null, "name:zh": null, "name:en": null, "atm": null, "ele": null, "brand:wikidata": null, "brand": null, "wikipedia": null, "wikidata": null, "opening_hours": null, "branch": null, "ref": null, "check_date": null, "addr:street": null, "addr:city": null, "operator": null, "name": null, "addr:postcode": null, "Date": "2015-01-01" }, "geometry": { "type": "Point", "coordinates": [ 80.6467596, 7.2909398 ] } },
{ "type": "Feature", "properties": { "fid": 473, "full_id": "n6615733795", "osm_id": "6615733795", "osm_type": "node", "amenity": "post_office", "survey:date": null, "wheelchair": null, "District": null, "addr:district": null, "office": null, "government": null, "addr:hamlet": null, "name:es": null, "description:zh": null, "post_office:type": null, "addr:housenumber": null, "phone": null, "name:ta": null, "name:nl": null, "name:si": null, "alt_name": null, "junction": null, "designation": null, "man_made": null, "collection_times": null, "postal_code": null, "name:zh": null, "name:en": null, "atm": null, "ele": null, "brand:wikidata": null, "brand": null, "wikipedia": null, "wikidata": null, "opening_hours": null, "branch": null, "ref": null, "check_date": null, "addr:street": null, "addr:city": null, "operator": "dilshan", "name": "Sub Post Office Parattha", "addr:postcode": null, "Date": "2015-01-01" }, "geometry": { "type": "Point", "coordinates": [ 79.9080221, 6.7564233 ] } },
{ "type": "Feature", "properties": { "fid": 474, "full_id": "n6652132515", "osm_id": "6652132515", "osm_type": "node", "amenity": "post_office", "survey:date": null, "wheelchair": null, "District": null, "addr:district": null, "office": null, "government": null, "addr:hamlet": null, "name:es": null, "description:zh": null, "post_office:type": null, "addr:housenumber": null, "phone": null, "name:ta": null, "name:nl": null, "name:si": null, "alt_name": null, "junction": null, "designation": null, "man_made": null, "collection_times": null, "postal_code": null, "name:zh": null, "name:en": null, "atm": null, "ele": null, "brand:wikidata": null, "brand": null, "wikipedia": null, "wikidata": null, "opening_hours": null, "branch": null, "ref": null, "check_date": null, "addr:street": null, "addr:city": null, "operator": null, "name": "Mudagamuwa Sub Post Office", "addr:postcode": null, "Date": "2015-01-01" }, "geometry": { "type": "Point", "coordinates": [ 80.9825805, 7.1049354 ] } },
{ "type": "Feature", "properties": { "fid": 475, "full_id": "n6712782686", "osm_id": "6712782686", "osm_type": "node", "amenity": "post_office", "survey:date": null, "wheelchair": null, "District": null, "addr:district": null, "office": null, "government": null, "addr:hamlet": null, "name:es": null, "description:zh": null, "post_office:type": null, "addr:housenumber": null, "phone": null, "name:ta": null, "name:nl": null, "name:si": null, "alt_name": null, "junction": null, "designation": null, "man_made": null, "collection_times": null, "postal_code": null, "name:zh": null, "name:en": null, "atm": null, "ele": null, "brand:wikidata": null, "brand": null, "wikipedia": null, "wikidata": null, "opening_hours": null, "branch": null, "ref": null, "check_date": null, "addr:street": null, "addr:city": null, "operator": null, "name": "Dewahandiya Sub Post Office", "addr:postcode": null, "Date": "2015-01-01" }, "geometry": { "type": "Point", "coordinates": [ 80.9111094, 7.2578996 ] } },
{ "type": "Feature", "properties": { "fid": 476, "full_id": "n6762841540", "osm_id": "6762841540", "osm_type": "node", "amenity": "post_office", "survey:date": null, "wheelchair": null, "District": null, "addr:district": null, "office": null, "government": null, "addr:hamlet": null, "name:es": null, "description:zh": null, "post_office:type": null, "addr:housenumber": null, "phone": null, "name:ta": null, "name:nl": null, "name:si": null, "alt_name": null, "junction": null, "designation": null, "man_made": null, "collection_times": null, "postal_code": null, "name:zh": null, "name:en": null, "atm": null, "ele": null, "brand:wikidata": null, "brand": null, "wikipedia": null, "wikidata": null, "opening_hours": null, "branch": null, "ref": null, "check_date": null, "addr:street": null, "addr:city": null, "operator": null, "name": null, "addr:postcode": null, "Date": "2015-01-01" }, "geometry": { "type": "Point", "coordinates": [ 79.9480292, 6.9783004 ] } },
{ "type": "Feature", "properties": { "fid": 477, "full_id": "n6819450379", "osm_id": "6819450379", "osm_type": "node", "amenity": "post_office", "survey:date": null, "wheelchair": null, "District": null, "addr:district": null, "office": null, "government": null, "addr:hamlet": null, "name:es": null, "description:zh": null, "post_office:type": null, "addr:housenumber": null, "phone": null, "name:ta": null, "name:nl": null, "name:si": null, "alt_name": null, "junction": null, "designation": null, "man_made": null, "collection_times": null, "postal_code": null, "name:zh": null, "name:en": null, "atm": null, "ele": null, "brand:wikidata": null, "brand": null, "wikipedia": null, "wikidata": null, "opening_hours": null, "branch": null, "ref": null, "check_date": null, "addr:street": null, "addr:city": null, "operator": null, "name": "Sub-Post Office Kalatuwawa", "addr:postcode": null, "Date": "2015-01-01" }, "geometry": { "type": "Point", "coordinates": [ 80.2099631, 6.8255305 ] } },
{ "type": "Feature", "properties": { "fid": 478, "full_id": "n6855033474", "osm_id": "6855033474", "osm_type": "node", "amenity": "post_office", "survey:date": null, "wheelchair": null, "District": null, "addr:district": null, "office": null, "government": null, "addr:hamlet": null, "name:es": null, "description:zh": null, "post_office:type": null, "addr:housenumber": null, "phone": null, "name:ta": null, "name:nl": null, "name:si": null, "alt_name": null, "junction": null, "designation": null, "man_made": null, "collection_times": null, "postal_code": null, "name:zh": null, "name:en": null, "atm": null, "ele": null, "brand:wikidata": null, "brand": null, "wikipedia": null, "wikidata": null, "opening_hours": null, "branch": null, "ref": null, "check_date": null, "addr:street": null, "addr:city": null, "operator": null, "name": "Habarana Post Office", "addr:postcode": null, "Date": "2015-01-01" }, "geometry": { "type": "Point", "coordinates": [ 80.7561538, 8.0413318 ] } },
{ "type": "Feature", "properties": { "fid": 479, "full_id": "n7081952485", "osm_id": "7081952485", "osm_type": "node", "amenity": "post_office", "survey:date": null, "wheelchair": null, "District": null, "addr:district": null, "office": null, "government": null, "addr:hamlet": null, "name:es": null, "description:zh": null, "post_office:type": null, "addr:housenumber": null, "phone": null, "name:ta": null, "name:nl": null, "name:si": null, "alt_name": null, "junction": null, "designation": null, "man_made": null, "collection_times": null, "postal_code": null, "name:zh": null, "name:en": "Post Office", "atm": null, "ele": null, "brand:wikidata": null, "brand": null, "wikipedia": null, "wikidata": null, "opening_hours": null, "branch": null, "ref": null, "check_date": null, "addr:street": null, "addr:city": null, "operator": null, "name": null, "addr:postcode": null, "Date": "2015-01-01" }, "geometry": { "type": "Point", "coordinates": [ 80.8506801, 6.7661892 ] } },
{ "type": "Feature", "properties": { "fid": 480, "full_id": "n7092908904", "osm_id": "7092908904", "osm_type": "node", "amenity": "post_office", "survey:date": null, "wheelchair": null, "District": null, "addr:district": null, "office": null, "government": null, "addr:hamlet": null, "name:es": null, "description:zh": null, "post_office:type": null, "addr:housenumber": null, "phone": null, "name:ta": null, "name:nl": null, "name:si": null, "alt_name": null, "junction": null, "designation": null, "man_made": null, "collection_times": null, "postal_code": null, "name:zh": null, "name:en": null, "atm": null, "ele": null, "brand:wikidata": null, "brand": null, "wikipedia": null, "wikidata": null, "opening_hours": null, "branch": null, "ref": null, "check_date": null, "addr:street": null, "addr:city": null, "operator": null, "name": "Ella Post Office", "addr:postcode": null, "Date": "2015-01-01" }, "geometry": { "type": "Point", "coordinates": [ 81.0473503, 6.8746811 ] } },
{ "type": "Feature", "properties": { "fid": 481, "full_id": "n7099270166", "osm_id": "7099270166", "osm_type": "node", "amenity": "post_office", "survey:date": null, "wheelchair": null, "District": null, "addr:district": null, "office": null, "government": null, "addr:hamlet": null, "name:es": null, "description:zh": null, "post_office:type": null, "addr:housenumber": null, "phone": null, "name:ta": null, "name:nl": null, "name:si": null, "alt_name": null, "junction": null, "designation": null, "man_made": null, "collection_times": null, "postal_code": null, "name:zh": null, "name:en": null, "atm": null, "ele": null, "brand:wikidata": null, "brand": null, "wikipedia": null, "wikidata": null, "opening_hours": null, "branch": null, "ref": null, "check_date": null, "addr:street": null, "addr:city": null, "operator": null, "name": null, "addr:postcode": null, "Date": "2015-01-01" }, "geometry": { "type": "Point", "coordinates": [ 81.2669714, 6.284014 ] } },
{ "type": "Feature", "properties": { "fid": 482, "full_id": "n7183582848", "osm_id": "7183582848", "osm_type": "node", "amenity": "post_office", "survey:date": null, "wheelchair": null, "District": null, "addr:district": null, "office": null, "government": null, "addr:hamlet": "Daulagala", "name:es": null, "description:zh": null, "post_office:type": null, "addr:housenumber": null, "phone": null, "name:ta": null, "name:nl": null, "name:si": null, "alt_name": null, "junction": null, "designation": null, "man_made": null, "collection_times": null, "postal_code": null, "name:zh": null, "name:en": null, "atm": null, "ele": null, "brand:wikidata": null, "brand": null, "wikipedia": null, "wikidata": null, "opening_hours": null, "branch": null, "ref": null, "check_date": null, "addr:street": "Peradeniya - Daulagala Road", "addr:city": null, "operator": null, "name": "Daulagala Post Office", "addr:postcode": null, "Date": "2015-01-01" }, "geometry": { "type": "Point", "coordinates": [ 80.5780143, 7.2265562 ] } },
{ "type": "Feature", "properties": { "fid": 483, "full_id": "n7194664885", "osm_id": "7194664885", "osm_type": "node", "amenity": "post_office", "survey:date": null, "wheelchair": null, "District": null, "addr:district": null, "office": null, "government": null, "addr:hamlet": null, "name:es": null, "description:zh": null, "post_office:type": null, "addr:housenumber": null, "phone": null, "name:ta": null, "name:nl": null, "name:si": null, "alt_name": null, "junction": null, "designation": null, "man_made": null, "collection_times": null, "postal_code": null, "name:zh": null, "name:en": "Sub Post Office", "atm": null, "ele": null, "brand:wikidata": null, "brand": null, "wikipedia": null, "wikidata": null, "opening_hours": null, "branch": null, "ref": null, "check_date": null, "addr:street": null, "addr:city": null, "operator": null, "name": null, "addr:postcode": null, "Date": "2015-01-01" }, "geometry": { "type": "Point", "coordinates": [ 79.8450629, 7.2367124 ] } },
{ "type": "Feature", "properties": { "fid": 484, "full_id": "n7196565863", "osm_id": "7196565863", "osm_type": "node", "amenity": "post_office", "survey:date": null, "wheelchair": null, "District": null, "addr:district": null, "office": null, "government": null, "addr:hamlet": null, "name:es": null, "description:zh": null, "post_office:type": null, "addr:housenumber": null, "phone": null, "name:ta": null, "name:nl": null, "name:si": null, "alt_name": null, "junction": null, "designation": null, "man_made": null, "collection_times": null, "postal_code": null, "name:zh": null, "name:en": null, "atm": null, "ele": null, "brand:wikidata": null, "brand": null, "wikipedia": null, "wikidata": null, "opening_hours": null, "branch": null, "ref": null, "check_date": null, "addr:street": null, "addr:city": null, "operator": null, "name": "Post Office Tummodara", "addr:postcode": null, "Date": "2015-01-01" }, "geometry": { "type": "Point", "coordinates": [ 80.1684158, 6.8632329 ] } },
{ "type": "Feature", "properties": { "fid": 485, "full_id": "n7205330799", "osm_id": "7205330799", "osm_type": "node", "amenity": "post_office", "survey:date": null, "wheelchair": null, "District": null, "addr:district": null, "office": null, "government": null, "addr:hamlet": null, "name:es": null, "description:zh": null, "post_office:type": null, "addr:housenumber": null, "phone": null, "name:ta": null, "name:nl": null, "name:si": null, "alt_name": null, "junction": null, "designation": null, "man_made": null, "collection_times": null, "postal_code": null, "name:zh": null, "name:en": null, "atm": null, "ele": null, "brand:wikidata": null, "brand": null, "wikipedia": null, "wikidata": null, "opening_hours": null, "branch": null, "ref": null, "check_date": null, "addr:street": "Madulkelle - Kabaragala - Kandenuwara Road", "addr:city": null, "operator": null, "name": "Madolkele Post Office", "addr:postcode": null, "Date": "2015-01-01" }, "geometry": { "type": "Point", "coordinates": [ 80.7337721, 7.3987779 ] } },
{ "type": "Feature", "properties": { "fid": 486, "full_id": "n7239178151", "osm_id": "7239178151", "osm_type": "node", "amenity": "post_office", "survey:date": null, "wheelchair": null, "District": null, "addr:district": null, "office": null, "government": null, "addr:hamlet": null, "name:es": null, "description:zh": null, "post_office:type": null, "addr:housenumber": null, "phone": null, "name:ta": null, "name:nl": null, "name:si": null, "alt_name": null, "junction": null, "designation": null, "man_made": null, "collection_times": null, "postal_code": null, "name:zh": null, "name:en": null, "atm": null, "ele": null, "brand:wikidata": null, "brand": null, "wikipedia": null, "wikidata": null, "opening_hours": null, "branch": null, "ref": null, "check_date": null, "addr:street": null, "addr:city": null, "operator": null, "name": "Uduhawara Sub Post Office", "addr:postcode": null, "Date": "2015-01-01" }, "geometry": { "type": "Point", "coordinates": [ 80.8632346, 6.9498873 ] } },
{ "type": "Feature", "properties": { "fid": 487, "full_id": "n7252844997", "osm_id": "7252844997", "osm_type": "node", "amenity": "post_office", "survey:date": null, "wheelchair": null, "District": null, "addr:district": null, "office": null, "government": null, "addr:hamlet": null, "name:es": null, "description:zh": null, "post_office:type": null, "addr:housenumber": null, "phone": null, "name:ta": null, "name:nl": null, "name:si": null, "alt_name": null, "junction": null, "designation": null, "man_made": null, "collection_times": null, "postal_code": null, "name:zh": null, "name:en": null, "atm": null, "ele": null, "brand:wikidata": null, "brand": null, "wikipedia": null, "wikidata": null, "opening_hours": "Mo-Fr 08:00-17:00", "branch": null, "ref": null, "check_date": null, "addr:street": "Palatoppu-Seruwawila Road", "addr:city": "THOPPUR", "operator": null, "name": "Thoppur post office", "addr:postcode": "31250", "Date": "2015-01-01" }, "geometry": { "type": "Point", "coordinates": [ 81.313121, 8.4041641 ] } },
{ "type": "Feature", "properties": { "fid": 488, "full_id": "n7371025407", "osm_id": "7371025407", "osm_type": "node", "amenity": "post_office", "survey:date": null, "wheelchair": null, "District": null, "addr:district": null, "office": null, "government": null, "addr:hamlet": null, "name:es": null, "description:zh": null, "post_office:type": null, "addr:housenumber": null, "phone": null, "name:ta": null, "name:nl": null, "name:si": null, "alt_name": null, "junction": null, "designation": null, "man_made": null, "collection_times": null, "postal_code": null, "name:zh": null, "name:en": null, "atm": null, "ele": null, "brand:wikidata": null, "brand": null, "wikipedia": null, "wikidata": null, "opening_hours": null, "branch": null, "ref": null, "check_date": null, "addr:street": null, "addr:city": null, "operator": null, "name": "Baduraliya Post Office", "addr:postcode": null, "Date": "2015-01-01" }, "geometry": { "type": "Point", "coordinates": [ 80.2314346, 6.5162956 ] } },
{ "type": "Feature", "properties": { "fid": 489, "full_id": "n7414125787", "osm_id": "7414125787", "osm_type": "node", "amenity": "post_office", "survey:date": null, "wheelchair": null, "District": null, "addr:district": null, "office": null, "government": null, "addr:hamlet": null, "name:es": null, "description:zh": null, "post_office:type": null, "addr:housenumber": null, "phone": null, "name:ta": null, "name:nl": null, "name:si": null, "alt_name": null, "junction": null, "designation": null, "man_made": null, "collection_times": null, "postal_code": null, "name:zh": null, "name:en": null, "atm": null, "ele": null, "brand:wikidata": null, "brand": null, "wikipedia": null, "wikidata": null, "opening_hours": null, "branch": null, "ref": null, "check_date": null, "addr:street": null, "addr:city": null, "operator": null, "name": "Wijayabahukanda Sub Post Office", "addr:postcode": null, "Date": "2015-01-01" }, "geometry": { "type": "Point", "coordinates": [ 80.6198564, 7.0005035 ] } },
{ "type": "Feature", "properties": { "fid": 490, "full_id": "n7414126965", "osm_id": "7414126965", "osm_type": "node", "amenity": "post_office", "survey:date": null, "wheelchair": null, "District": null, "addr:district": null, "office": null, "government": null, "addr:hamlet": null, "name:es": null, "description:zh": null, "post_office:type": null, "addr:housenumber": null, "phone": null, "name:ta": null, "name:nl": null, "name:si": null, "alt_name": null, "junction": null, "designation": null, "man_made": null, "collection_times": null, "postal_code": null, "name:zh": null, "name:en": null, "atm": null, "ele": null, "brand:wikidata": null, "brand": null, "wikipedia": null, "wikidata": null, "opening_hours": null, "branch": null, "ref": null, "check_date": null, "addr:street": null, "addr:city": null, "operator": null, "name": "Dunukedeniya Sub Post Office", "addr:postcode": null, "Date": "2015-01-01" }, "geometry": { "type": "Point", "coordinates": [ 80.6422931, 7.0086711 ] } },
{ "type": "Feature", "properties": { "fid": 491, "full_id": "n7629946632", "osm_id": "7629946632", "osm_type": "node", "amenity": "post_office", "survey:date": null, "wheelchair": null, "District": null, "addr:district": null, "office": null, "government": null, "addr:hamlet": null, "name:es": null, "description:zh": null, "post_office:type": null, "addr:housenumber": null, "phone": null, "name:ta": null, "name:nl": null, "name:si": null, "alt_name": null, "junction": null, "designation": null, "man_made": null, "collection_times": null, "postal_code": null, "name:zh": null, "name:en": null, "atm": null, "ele": null, "brand:wikidata": null, "brand": null, "wikipedia": null, "wikidata": null, "opening_hours": null, "branch": null, "ref": null, "check_date": null, "addr:street": null, "addr:city": null, "operator": null, "name": "Maussawa Post Office", "addr:postcode": null, "Date": "2015-01-01" }, "geometry": { "type": "Point", "coordinates": [ 80.7243392, 7.4196632 ] } },
{ "type": "Feature", "properties": { "fid": 492, "full_id": "n7653421031", "osm_id": "7653421031", "osm_type": "node", "amenity": "post_office", "survey:date": null, "wheelchair": null, "District": null, "addr:district": null, "office": null, "government": null, "addr:hamlet": null, "name:es": null, "description:zh": null, "post_office:type": null, "addr:housenumber": null, "phone": null, "name:ta": null, "name:nl": null, "name:si": null, "alt_name": null, "junction": null, "designation": null, "man_made": null, "collection_times": null, "postal_code": null, "name:zh": null, "name:en": null, "atm": null, "ele": null, "brand:wikidata": null, "brand": null, "wikipedia": null, "wikidata": null, "opening_hours": null, "branch": null, "ref": null, "check_date": null, "addr:street": "Gampola - Dolosbage Road", "addr:city": null, "operator": null, "name": "Udahentenna Sub Post Office", "addr:postcode": null, "Date": "2015-01-01" }, "geometry": { "type": "Point", "coordinates": [ 80.5227725, 7.0959109 ] } },
{ "type": "Feature", "properties": { "fid": 493, "full_id": "n7690849124", "osm_id": "7690849124", "osm_type": "node", "amenity": "post_office", "survey:date": null, "wheelchair": null, "District": null, "addr:district": null, "office": null, "government": null, "addr:hamlet": null, "name:es": null, "description:zh": null, "post_office:type": null, "addr:housenumber": null, "phone": null, "name:ta": null, "name:nl": null, "name:si": null, "alt_name": null, "junction": null, "designation": null, "man_made": null, "collection_times": null, "postal_code": null, "name:zh": null, "name:en": null, "atm": null, "ele": null, "brand:wikidata": null, "brand": null, "wikipedia": null, "wikidata": null, "opening_hours": null, "branch": null, "ref": null, "check_date": null, "addr:street": null, "addr:city": null, "operator": null, "name": "Post Office China Bay", "addr:postcode": null, "Date": "2015-01-01" }, "geometry": { "type": "Point", "coordinates": [ 81.1923299, 8.5505396 ] } },
{ "type": "Feature", "properties": { "fid": 494, "full_id": "n7690900971", "osm_id": "7690900971", "osm_type": "node", "amenity": "post_office", "survey:date": null, "wheelchair": null, "District": null, "addr:district": null, "office": null, "government": null, "addr:hamlet": null, "name:es": null, "description:zh": null, "post_office:type": null, "addr:housenumber": "4th Mile Post", "phone": null, "name:ta": null, "name:nl": null, "name:si": null, "alt_name": null, "junction": null, "designation": null, "man_made": null, "collection_times": null, "postal_code": null, "name:zh": null, "name:en": null, "atm": null, "ele": null, "brand:wikidata": null, "brand": null, "wikipedia": null, "wikidata": null, "opening_hours": null, "branch": null, "ref": null, "check_date": null, "addr:street": "Kandy Road", "addr:city": "Trincomalee", "operator": "Sri Lanka Postal Service", "name": "Post Office-Trincomalee Kachcheri", "addr:postcode": "31003", "Date": "2015-01-01" }, "geometry": { "type": "Point", "coordinates": [ 81.1895946, 8.582453 ] } },
{ "type": "Feature", "properties": { "fid": 495, "full_id": "n7693510992", "osm_id": "7693510992", "osm_type": "node", "amenity": "post_office", "survey:date": null, "wheelchair": null, "District": null, "addr:district": null, "office": null, "government": null, "addr:hamlet": null, "name:es": null, "description:zh": null, "post_office:type": null, "addr:housenumber": null, "phone": null, "name:ta": null, "name:nl": null, "name:si": null, "alt_name": null, "junction": null, "designation": null, "man_made": null, "collection_times": null, "postal_code": null, "name:zh": null, "name:en": null, "atm": null, "ele": null, "brand:wikidata": null, "brand": null, "wikipedia": null, "wikidata": null, "opening_hours": null, "branch": null, "ref": null, "check_date": null, "addr:street": null, "addr:city": null, "operator": null, "name": null, "addr:postcode": null, "Date": "2015-01-01" }, "geometry": { "type": "Point", "coordinates": [ 81.1007115, 8.8166902 ] } },
{ "type": "Feature", "properties": { "fid": 496, "full_id": "n7775648617", "osm_id": "7775648617", "osm_type": "node", "amenity": "post_office", "survey:date": null, "wheelchair": null, "District": null, "addr:district": null, "office": null, "government": "administrative", "addr:hamlet": null, "name:es": null, "description:zh": null, "post_office:type": null, "addr:housenumber": null, "phone": null, "name:ta": null, "name:nl": null, "name:si": null, "alt_name": null, "junction": null, "designation": null, "man_made": null, "collection_times": null, "postal_code": null, "name:zh": null, "name:en": null, "atm": null, "ele": null, "brand:wikidata": null, "brand": null, "wikipedia": null, "wikidata": null, "opening_hours": null, "branch": null, "ref": null, "check_date": null, "addr:street": null, "addr:city": null, "operator": null, "name": "Post Office Hiniduma", "addr:postcode": null, "Date": "2015-01-01" }, "geometry": { "type": "Point", "coordinates": [ 80.3174266, 6.3013749 ] } },
{ "type": "Feature", "properties": { "fid": 497, "full_id": "n7777240587", "osm_id": "7777240587", "osm_type": "node", "amenity": "post_office", "survey:date": null, "wheelchair": null, "District": null, "addr:district": null, "office": "government", "government": "administrative", "addr:hamlet": null, "name:es": null, "description:zh": null, "post_office:type": null, "addr:housenumber": null, "phone": null, "name:ta": null, "name:nl": null, "name:si": null, "alt_name": null, "junction": null, "designation": null, "man_made": null, "collection_times": null, "postal_code": null, "name:zh": null, "name:en": null, "atm": null, "ele": null, "brand:wikidata": null, "brand": null, "wikipedia": null, "wikidata": null, "opening_hours": null, "branch": null, "ref": null, "check_date": null, "addr:street": null, "addr:city": null, "operator": null, "name": "Sub Post Office Panangala", "addr:postcode": null, "Date": "2015-01-01" }, "geometry": { "type": "Point", "coordinates": [ 80.3253695, 6.258014 ] } },
{ "type": "Feature", "properties": { "fid": 498, "full_id": "n7777240621", "osm_id": "7777240621", "osm_type": "node", "amenity": "post_office", "survey:date": null, "wheelchair": null, "District": null, "addr:district": null, "office": null, "government": null, "addr:hamlet": null, "name:es": null, "description:zh": null, "post_office:type": null, "addr:housenumber": null, "phone": null, "name:ta": null, "name:nl": null, "name:si": null, "alt_name": null, "junction": null, "designation": null, "man_made": null, "collection_times": null, "postal_code": null, "name:zh": null, "name:en": null, "atm": null, "ele": null, "brand:wikidata": null, "brand": null, "wikipedia": null, "wikidata": null, "opening_hours": null, "branch": null, "ref": null, "check_date": null, "addr:street": null, "addr:city": null, "operator": null, "name": "Sub Post Office Koralegama-Gallandala", "addr:postcode": null, "Date": "2015-01-01" }, "geometry": { "type": "Point", "coordinates": [ 80.3312353, 6.2375315 ] } },
{ "type": "Feature", "properties": { "fid": 499, "full_id": "n7778757772", "osm_id": "7778757772", "osm_type": "node", "amenity": "post_office", "survey:date": null, "wheelchair": null, "District": null, "addr:district": null, "office": null, "government": "administrative", "addr:hamlet": null, "name:es": null, "description:zh": null, "post_office:type": null, "addr:housenumber": null, "phone": null, "name:ta": null, "name:nl": null, "name:si": null, "alt_name": null, "junction": null, "designation": null, "man_made": null, "collection_times": null, "postal_code": null, "name:zh": null, "name:en": null, "atm": null, "ele": null, "brand:wikidata": null, "brand": null, "wikipedia": null, "wikidata": null, "opening_hours": null, "branch": null, "ref": null, "check_date": null, "addr:street": null, "addr:city": null, "operator": null, "name": "Thawalama Post office", "addr:postcode": null, "Date": "2015-01-01" }, "geometry": { "type": "Point", "coordinates": [ 80.3391452, 6.3374972 ] } },
{ "type": "Feature", "properties": { "fid": 500, "full_id": "n7780308895", "osm_id": "7780308895", "osm_type": "node", "amenity": "post_office", "survey:date": null, "wheelchair": null, "District": null, "addr:district": null, "office": null, "government": "administrative", "addr:hamlet": null, "name:es": null, "description:zh": null, "post_office:type": null, "addr:housenumber": null, "phone": null, "name:ta": null, "name:nl": null, "name:si": null, "alt_name": null, "junction": null, "designation": null, "man_made": null, "collection_times": null, "postal_code": null, "name:zh": null, "name:en": null, "atm": null, "ele": null, "brand:wikidata": null, "brand": null, "wikipedia": null, "wikidata": null, "opening_hours": null, "branch": null, "ref": null, "check_date": null, "addr:street": null, "addr:city": null, "operator": null, "name": "Habarakada West Post Office", "addr:postcode": null, "Date": "2015-01-01" }, "geometry": { "type": "Point", "coordinates": [ 80.3196589, 6.3593519 ] } },
{ "type": "Feature", "properties": { "fid": 501, "full_id": "n7781700237", "osm_id": "7781700237", "osm_type": "node", "amenity": "post_office", "survey:date": null, "wheelchair": null, "District": null, "addr:district": null, "office": null, "government": null, "addr:hamlet": null, "name:es": null, "description:zh": null, "post_office:type": null, "addr:housenumber": null, "phone": null, "name:ta": null, "name:nl": null, "name:si": null, "alt_name": null, "junction": null, "designation": null, "man_made": null, "collection_times": null, "postal_code": null, "name:zh": null, "name:en": null, "atm": null, "ele": null, "brand:wikidata": null, "brand": null, "wikipedia": null, "wikidata": null, "opening_hours": null, "branch": null, "ref": null, "check_date": null, "addr:street": null, "addr:city": null, "operator": null, "name": "Subpost Office", "addr:postcode": null, "Date": "2015-01-01" }, "geometry": { "type": "Point", "coordinates": [ 80.2514644, 6.2262388 ] } },
{ "type": "Feature", "properties": { "fid": 502, "full_id": "n7905101878", "osm_id": "7905101878", "osm_type": "node", "amenity": "post_office", "survey:date": null, "wheelchair": null, "District": null, "addr:district": "Monaragala District", "office": null, "government": null, "addr:hamlet": null, "name:es": null, "description:zh": null, "post_office:type": null, "addr:housenumber": null, "phone": null, "name:ta": null, "name:nl": null, "name:si": null, "alt_name": null, "junction": null, "designation": null, "man_made": null, "collection_times": null, "postal_code": null, "name:zh": null, "name:en": null, "atm": null, "ele": null, "brand:wikidata": null, "brand": null, "wikipedia": null, "wikidata": null, "opening_hours": null, "branch": null, "ref": null, "check_date": null, "addr:street": "Peradeniya-Badulla-Chenkaladi Hwy", "addr:city": "Bibile", "operator": null, "name": "Post Office - Bibile", "addr:postcode": null, "Date": "2015-01-01" }, "geometry": { "type": "Point", "coordinates": [ 81.225645, 7.161657 ] } },
{ "type": "Feature", "properties": { "fid": 503, "full_id": "n7905128487", "osm_id": "7905128487", "osm_type": "node", "amenity": "post_office", "survey:date": null, "wheelchair": null, "District": "Gampaha District", "addr:district": null, "office": null, "government": null, "addr:hamlet": null, "name:es": null, "description:zh": null, "post_office:type": null, "addr:housenumber": null, "phone": null, "name:ta": null, "name:nl": null, "name:si": null, "alt_name": null, "junction": null, "designation": null, "man_made": null, "collection_times": null, "postal_code": null, "name:zh": null, "name:en": null, "atm": null, "ele": null, "brand:wikidata": null, "brand": null, "wikipedia": null, "wikidata": null, "opening_hours": null, "branch": null, "ref": null, "check_date": null, "addr:street": "Christ King Rd", "addr:city": "Ja-Ela", "operator": null, "name": "Tudella Sub Post Office", "addr:postcode": null, "Date": "2015-01-01" }, "geometry": { "type": "Point", "coordinates": [ 79.891098, 7.091188 ] } },
{ "type": "Feature", "properties": { "fid": 504, "full_id": "n8003562948", "osm_id": "8003562948", "osm_type": "node", "amenity": "post_office", "survey:date": null, "wheelchair": null, "District": null, "addr:district": null, "office": null, "government": null, "addr:hamlet": null, "name:es": null, "description:zh": null, "post_office:type": null, "addr:housenumber": null, "phone": null, "name:ta": null, "name:nl": null, "name:si": null, "alt_name": null, "junction": null, "designation": null, "man_made": null, "collection_times": null, "postal_code": null, "name:zh": null, "name:en": null, "atm": null, "ele": null, "brand:wikidata": null, "brand": null, "wikipedia": null, "wikidata": null, "opening_hours": null, "branch": null, "ref": null, "check_date": null, "addr:street": null, "addr:city": null, "operator": null, "name": "Aruppola Sub Post Office", "addr:postcode": null, "Date": "2015-01-01" }, "geometry": { "type": "Point", "coordinates": [ 80.6466901, 7.3104622 ] } },
{ "type": "Feature", "properties": { "fid": 505, "full_id": "n8269371847", "osm_id": "8269371847", "osm_type": "node", "amenity": "post_office", "survey:date": null, "wheelchair": null, "District": null, "addr:district": null, "office": null, "government": null, "addr:hamlet": null, "name:es": null, "description:zh": null, "post_office:type": null, "addr:housenumber": null, "phone": null, "name:ta": null, "name:nl": null, "name:si": null, "alt_name": null, "junction": null, "designation": null, "man_made": null, "collection_times": null, "postal_code": null, "name:zh": null, "name:en": null, "atm": null, "ele": null, "brand:wikidata": null, "brand": null, "wikipedia": null, "wikidata": null, "opening_hours": null, "branch": null, "ref": null, "check_date": null, "addr:street": null, "addr:city": null, "operator": null, "name": "Sub Post Office", "addr:postcode": null, "Date": "2015-01-01" }, "geometry": { "type": "Point", "coordinates": [ 80.0389505, 6.2565974 ] } },
{ "type": "Feature", "properties": { "fid": 506, "full_id": "n8366823217", "osm_id": "8366823217", "osm_type": "node", "amenity": "post_office", "survey:date": null, "wheelchair": null, "District": null, "addr:district": null, "office": null, "government": null, "addr:hamlet": null, "name:es": null, "description:zh": null, "post_office:type": null, "addr:housenumber": null, "phone": null, "name:ta": null, "name:nl": null, "name:si": null, "alt_name": null, "junction": null, "designation": null, "man_made": null, "collection_times": null, "postal_code": null, "name:zh": null, "name:en": null, "atm": null, "ele": null, "brand:wikidata": null, "brand": null, "wikipedia": null, "wikidata": null, "opening_hours": "Mo-Sa 09:00-15:00", "branch": null, "ref": null, "check_date": null, "addr:street": null, "addr:city": "Muruthagahamula", "operator": null, "name": "Post Office, Muruthagahamula", "addr:postcode": "20526", "Date": "2015-01-01" }, "geometry": { "type": "Point", "coordinates": [ 80.5868097, 7.2062477 ] } },
{ "type": "Feature", "properties": { "fid": 507, "full_id": "n8582203986", "osm_id": "8582203986", "osm_type": "node", "amenity": "post_office", "survey:date": null, "wheelchair": null, "District": null, "addr:district": null, "office": null, "government": null, "addr:hamlet": null, "name:es": null, "description:zh": null, "post_office:type": null, "addr:housenumber": null, "phone": null, "name:ta": null, "name:nl": null, "name:si": null, "alt_name": null, "junction": null, "designation": null, "man_made": null, "collection_times": null, "postal_code": null, "name:zh": null, "name:en": null, "atm": null, "ele": null, "brand:wikidata": null, "brand": null, "wikipedia": null, "wikidata": null, "opening_hours": null, "branch": null, "ref": null, "check_date": "2024-08-22", "addr:street": null, "addr:city": null, "operator": null, "name": "Post office Peradeniya", "addr:postcode": null, "Date": "2015-01-01" }, "geometry": { "type": "Point", "coordinates": [ 80.5960924, 7.2654601 ] } },
{ "type": "Feature", "properties": { "fid": 508, "full_id": "n9125515267", "osm_id": "9125515267", "osm_type": "node", "amenity": "post_office", "survey:date": null, "wheelchair": "no", "District": null, "addr:district": null, "office": null, "government": null, "addr:hamlet": null, "name:es": null, "description:zh": null, "post_office:type": null, "addr:housenumber": null, "phone": null, "name:ta": null, "name:nl": null, "name:si": "අමරගම තැපැල් කාර්යාලය", "alt_name": null, "junction": null, "designation": null, "man_made": null, "collection_times": null, "postal_code": null, "name:zh": null, "name:en": null, "atm": null, "ele": null, "brand:wikidata": null, "brand": null, "wikipedia": null, "wikidata": null, "opening_hours": null, "branch": null, "ref": null, "check_date": null, "addr:street": null, "addr:city": null, "operator": null, "name": "Amaragama Sub Post Office", "addr:postcode": null, "Date": "2015-01-01" }, "geometry": { "type": "Point", "coordinates": [ 80.2180132, 6.3021344 ] } },
{ "type": "Feature", "properties": { "fid": 509, "full_id": "n9132886103", "osm_id": "9132886103", "osm_type": "node", "amenity": "post_office", "survey:date": null, "wheelchair": "limited", "District": null, "addr:district": null, "office": null, "government": null, "addr:hamlet": null, "name:es": null, "description:zh": null, "post_office:type": null, "addr:housenumber": null, "phone": null, "name:ta": null, "name:nl": null, "name:si": null, "alt_name": null, "junction": null, "designation": null, "man_made": null, "collection_times": null, "postal_code": null, "name:zh": null, "name:en": null, "atm": null, "ele": null, "brand:wikidata": null, "brand": null, "wikipedia": null, "wikidata": null, "opening_hours": null, "branch": null, "ref": null, "check_date": null, "addr:street": null, "addr:city": null, "operator": null, "name": "Polgasowita Post Office", "addr:postcode": null, "Date": "2015-01-01" }, "geometry": { "type": "Point", "coordinates": [ 79.9647778, 6.7874843 ] } },
{ "type": "Feature", "properties": { "fid": 510, "full_id": "n9138296744", "osm_id": "9138296744", "osm_type": "node", "amenity": "post_office", "survey:date": null, "wheelchair": null, "District": null, "addr:district": null, "office": null, "government": null, "addr:hamlet": null, "name:es": null, "description:zh": null, "post_office:type": null, "addr:housenumber": null, "phone": "+94412282250", "name:ta": null, "name:nl": null, "name:si": null, "alt_name": null, "junction": null, "designation": null, "man_made": null, "collection_times": null, "postal_code": null, "name:zh": null, "name:en": null, "atm": null, "ele": null, "brand:wikidata": null, "brand": null, "wikipedia": null, "wikidata": null, "opening_hours": null, "branch": null, "ref": null, "check_date": null, "addr:street": null, "addr:city": null, "operator": null, "name": "Morawaka Post Office", "addr:postcode": null, "Date": "2015-01-01" }, "geometry": { "type": "Point", "coordinates": [ 80.49329, 6.2577228 ] } },
{ "type": "Feature", "properties": { "fid": 511, "full_id": "n9139601857", "osm_id": "9139601857", "osm_type": "node", "amenity": "post_office", "survey:date": null, "wheelchair": null, "District": null, "addr:district": null, "office": null, "government": null, "addr:hamlet": null, "name:es": null, "description:zh": null, "post_office:type": null, "addr:housenumber": null, "phone": "+94912291116", "name:ta": null, "name:nl": null, "name:si": null, "alt_name": null, "junction": null, "designation": null, "man_made": null, "collection_times": null, "postal_code": null, "name:zh": null, "name:en": null, "atm": null, "ele": null, "brand:wikidata": null, "brand": null, "wikipedia": null, "wikidata": null, "opening_hours": null, "branch": null, "ref": null, "check_date": null, "addr:street": null, "addr:city": null, "operator": null, "name": "Karandeniya Post Office", "addr:postcode": null, "Date": "2015-01-01" }, "geometry": { "type": "Point", "coordinates": [ 80.0938636, 6.2715298 ] } },
{ "type": "Feature", "properties": { "fid": 512, "full_id": "n9139642563", "osm_id": "9139642563", "osm_type": "node", "amenity": "post_office", "survey:date": null, "wheelchair": null, "District": null, "addr:district": null, "office": null, "government": null, "addr:hamlet": null, "name:es": null, "description:zh": null, "post_office:type": null, "addr:housenumber": null, "phone": null, "name:ta": null, "name:nl": null, "name:si": null, "alt_name": null, "junction": null, "designation": null, "man_made": null, "collection_times": null, "postal_code": null, "name:zh": null, "name:en": null, "atm": null, "ele": null, "brand:wikidata": null, "brand": null, "wikipedia": null, "wikidata": null, "opening_hours": null, "branch": null, "ref": null, "check_date": null, "addr:street": null, "addr:city": null, "operator": null, "name": "Sub Post Office Dangahawila", "addr:postcode": null, "Date": "2015-01-01" }, "geometry": { "type": "Point", "coordinates": [ 80.0795862, 6.2672397 ] } },
{ "type": "Feature", "properties": { "fid": 513, "full_id": "n9139654206", "osm_id": "9139654206", "osm_type": "node", "amenity": "post_office", "survey:date": null, "wheelchair": null, "District": null, "addr:district": null, "office": null, "government": null, "addr:hamlet": null, "name:es": null, "description:zh": null, "post_office:type": null, "addr:housenumber": null, "phone": null, "name:ta": null, "name:nl": null, "name:si": null, "alt_name": null, "junction": null, "designation": null, "man_made": null, "collection_times": null, "postal_code": null, "name:zh": null, "name:en": null, "atm": null, "ele": null, "brand:wikidata": null, "brand": null, "wikipedia": null, "wikidata": null, "opening_hours": null, "branch": null, "ref": null, "check_date": null, "addr:street": null, "addr:city": null, "operator": null, "name": "Ketapala post office", "addr:postcode": null, "Date": "2015-01-01" }, "geometry": { "type": "Point", "coordinates": [ 80.1600315, 6.3187963 ] } },
{ "type": "Feature", "properties": { "fid": 514, "full_id": "n9139684704", "osm_id": "9139684704", "osm_type": "node", "amenity": "post_office", "survey:date": null, "wheelchair": null, "District": null, "addr:district": null, "office": null, "government": null, "addr:hamlet": null, "name:es": null, "description:zh": null, "post_office:type": null, "addr:housenumber": null, "phone": null, "name:ta": null, "name:nl": null, "name:si": null, "alt_name": null, "junction": null, "designation": null, "man_made": null, "collection_times": null, "postal_code": null, "name:zh": null, "name:en": null, "atm": null, "ele": null, "brand:wikidata": null, "brand": null, "wikipedia": null, "wikidata": null, "opening_hours": null, "branch": null, "ref": null, "check_date": null, "addr:street": null, "addr:city": null, "operator": null, "name": "Post office", "addr:postcode": null, "Date": "2015-01-01" }, "geometry": { "type": "Point", "coordinates": [ 80.1530322, 6.3539028 ] } },
{ "type": "Feature", "properties": { "fid": 515, "full_id": "n9147380666", "osm_id": "9147380666", "osm_type": "node", "amenity": "post_office", "survey:date": null, "wheelchair": null, "District": null, "addr:district": null, "office": null, "government": null, "addr:hamlet": null, "name:es": null, "description:zh": null, "post_office:type": null, "addr:housenumber": null, "phone": null, "name:ta": null, "name:nl": null, "name:si": null, "alt_name": null, "junction": null, "designation": null, "man_made": null, "collection_times": null, "postal_code": null, "name:zh": null, "name:en": null, "atm": null, "ele": null, "brand:wikidata": null, "brand": null, "wikipedia": null, "wikidata": null, "opening_hours": null, "branch": null, "ref": null, "check_date": null, "addr:street": null, "addr:city": null, "operator": null, "name": "Amugoda Sub Post Office", "addr:postcode": null, "Date": "2015-01-01" }, "geometry": { "type": "Point", "coordinates": [ 80.2183857, 6.3219847 ] } },
{ "type": "Feature", "properties": { "fid": 516, "full_id": "n9150595962", "osm_id": "9150595962", "osm_type": "node", "amenity": "post_office", "survey:date": null, "wheelchair": null, "District": null, "addr:district": null, "office": null, "government": null, "addr:hamlet": null, "name:es": null, "description:zh": null, "post_office:type": null, "addr:housenumber": null, "phone": null, "name:ta": null, "name:nl": null, "name:si": null, "alt_name": null, "junction": null, "designation": null, "man_made": null, "collection_times": null, "postal_code": null, "name:zh": null, "name:en": null, "atm": null, "ele": null, "brand:wikidata": null, "brand": null, "wikipedia": null, "wikidata": null, "opening_hours": null, "branch": null, "ref": null, "check_date": null, "addr:street": null, "addr:city": null, "operator": null, "name": "Pitigala Post Office", "addr:postcode": null, "Date": "2015-01-01" }, "geometry": { "type": "Point", "coordinates": [ 80.2218736, 6.3447474 ] } },
{ "type": "Feature", "properties": { "fid": 517, "full_id": "n9213989911", "osm_id": "9213989911", "osm_type": "node", "amenity": "post_office", "survey:date": null, "wheelchair": null, "District": null, "addr:district": null, "office": null, "government": null, "addr:hamlet": null, "name:es": null, "description:zh": null, "post_office:type": null, "addr:housenumber": null, "phone": null, "name:ta": null, "name:nl": null, "name:si": null, "alt_name": null, "junction": null, "designation": null, "man_made": null, "collection_times": null, "postal_code": null, "name:zh": null, "name:en": null, "atm": null, "ele": null, "brand:wikidata": null, "brand": null, "wikipedia": null, "wikidata": null, "opening_hours": null, "branch": null, "ref": null, "check_date": null, "addr:street": null, "addr:city": null, "operator": null, "name": "Sub Post Office Ugadagamkanda", "addr:postcode": null, "Date": "2015-01-01" }, "geometry": { "type": "Point", "coordinates": [ 80.1731058, 6.8172339 ] } },
{ "type": "Feature", "properties": { "fid": 518, "full_id": "n9288146353", "osm_id": "9288146353", "osm_type": "node", "amenity": "post_office", "survey:date": null, "wheelchair": null, "District": null, "addr:district": null, "office": null, "government": null, "addr:hamlet": null, "name:es": null, "description:zh": null, "post_office:type": null, "addr:housenumber": null, "phone": null, "name:ta": null, "name:nl": null, "name:si": null, "alt_name": null, "junction": null, "designation": null, "man_made": null, "collection_times": null, "postal_code": null, "name:zh": null, "name:en": null, "atm": null, "ele": null, "brand:wikidata": null, "brand": null, "wikipedia": null, "wikidata": null, "opening_hours": null, "branch": null, "ref": null, "check_date": null, "addr:street": null, "addr:city": null, "operator": null, "name": null, "addr:postcode": null, "Date": "2015-01-01" }, "geometry": { "type": "Point", "coordinates": [ 80.6624823, 6.9383503 ] } },
{ "type": "Feature", "properties": { "fid": 519, "full_id": "n9399149903", "osm_id": "9399149903", "osm_type": "node", "amenity": "post_office", "survey:date": null, "wheelchair": null, "District": null, "addr:district": null, "office": null, "government": null, "addr:hamlet": null, "name:es": null, "description:zh": null, "post_office:type": null, "addr:housenumber": null, "phone": null, "name:ta": null, "name:nl": null, "name:si": null, "alt_name": null, "junction": null, "designation": null, "man_made": null, "collection_times": null, "postal_code": null, "name:zh": null, "name:en": null, "atm": null, "ele": null, "brand:wikidata": null, "brand": null, "wikipedia": null, "wikidata": null, "opening_hours": null, "branch": null, "ref": null, "check_date": null, "addr:street": null, "addr:city": null, "operator": null, "name": "Galgamuwa Post Office", "addr:postcode": null, "Date": "2015-01-01" }, "geometry": { "type": "Point", "coordinates": [ 80.2712278, 7.996396 ] } },
{ "type": "Feature", "properties": { "fid": 520, "full_id": "n9399745795", "osm_id": "9399745795", "osm_type": "node", "amenity": "post_office", "survey:date": null, "wheelchair": null, "District": null, "addr:district": null, "office": null, "government": null, "addr:hamlet": null, "name:es": null, "description:zh": null, "post_office:type": null, "addr:housenumber": null, "phone": null, "name:ta": null, "name:nl": null, "name:si": null, "alt_name": null, "junction": null, "designation": null, "man_made": null, "collection_times": null, "postal_code": null, "name:zh": null, "name:en": null, "atm": null, "ele": null, "brand:wikidata": null, "brand": null, "wikipedia": null, "wikidata": null, "opening_hours": null, "branch": null, "ref": null, "check_date": null, "addr:street": null, "addr:city": null, "operator": null, "name": "Post Office Mahagalkadawala", "addr:postcode": null, "Date": "2015-01-01" }, "geometry": { "type": "Point", "coordinates": [ 80.2814341, 8.0603509 ] } },
{ "type": "Feature", "properties": { "fid": 521, "full_id": "n9399892403", "osm_id": "9399892403", "osm_type": "node", "amenity": "post_office", "survey:date": null, "wheelchair": null, "District": null, "addr:district": null, "office": null, "government": null, "addr:hamlet": null, "name:es": null, "description:zh": null, "post_office:type": null, "addr:housenumber": null, "phone": null, "name:ta": null, "name:nl": null, "name:si": null, "alt_name": null, "junction": null, "designation": null, "man_made": null, "collection_times": null, "postal_code": null, "name:zh": null, "name:en": null, "atm": null, "ele": null, "brand:wikidata": null, "brand": null, "wikipedia": null, "wikidata": null, "opening_hours": null, "branch": null, "ref": null, "check_date": null, "addr:street": null, "addr:city": null, "operator": null, "name": "Mahananneriya Post Office", "addr:postcode": null, "Date": "2015-01-01" }, "geometry": { "type": "Point", "coordinates": [ 80.1850686, 7.9964558 ] } },
{ "type": "Feature", "properties": { "fid": 522, "full_id": "n9400321941", "osm_id": "9400321941", "osm_type": "node", "amenity": "post_office", "survey:date": null, "wheelchair": null, "District": null, "addr:district": null, "office": null, "government": null, "addr:hamlet": null, "name:es": null, "description:zh": null, "post_office:type": null, "addr:housenumber": null, "phone": null, "name:ta": null, "name:nl": null, "name:si": null, "alt_name": null, "junction": null, "designation": null, "man_made": null, "collection_times": null, "postal_code": null, "name:zh": null, "name:en": null, "atm": null, "ele": null, "brand:wikidata": null, "brand": null, "wikipedia": null, "wikidata": null, "opening_hours": null, "branch": null, "ref": null, "check_date": null, "addr:street": null, "addr:city": null, "operator": null, "name": "Post Office Nawagattegama", "addr:postcode": null, "Date": "2015-01-01" }, "geometry": { "type": "Point", "coordinates": [ 80.1058593, 8.0052025 ] } },
{ "type": "Feature", "properties": { "fid": 523, "full_id": "n9400611599", "osm_id": "9400611599", "osm_type": "node", "amenity": "post_office", "survey:date": null, "wheelchair": null, "District": null, "addr:district": null, "office": null, "government": null, "addr:hamlet": null, "name:es": null, "description:zh": null, "post_office:type": null, "addr:housenumber": null, "phone": null, "name:ta": null, "name:nl": null, "name:si": null, "alt_name": null, "junction": null, "designation": null, "man_made": null, "collection_times": null, "postal_code": null, "name:zh": null, "name:en": null, "atm": null, "ele": null, "brand:wikidata": null, "brand": null, "wikipedia": null, "wikidata": null, "opening_hours": null, "branch": null, "ref": null, "check_date": null, "addr:street": null, "addr:city": null, "operator": null, "name": "Sub Post Office Gallewa", "addr:postcode": null, "Date": "2015-01-01" }, "geometry": { "type": "Point", "coordinates": [ 80.3305157, 7.9619306 ] } },
{ "type": "Feature", "properties": { "fid": 524, "full_id": "n9400756988", "osm_id": "9400756988", "osm_type": "node", "amenity": "post_office", "survey:date": null, "wheelchair": null, "District": null, "addr:district": null, "office": null, "government": null, "addr:hamlet": null, "name:es": null, "description:zh": null, "post_office:type": null, "addr:housenumber": null, "phone": null, "name:ta": null, "name:nl": null, "name:si": null, "alt_name": null, "junction": null, "designation": null, "man_made": null, "collection_times": null, "postal_code": null, "name:zh": null, "name:en": null, "atm": null, "ele": null, "brand:wikidata": null, "brand": null, "wikipedia": null, "wikidata": null, "opening_hours": null, "branch": null, "ref": null, "check_date": null, "addr:street": null, "addr:city": null, "operator": null, "name": "Sub Post Office Ehetuwewa", "addr:postcode": null, "Date": "2015-01-01" }, "geometry": { "type": "Point", "coordinates": [ 80.3446905, 7.9398236 ] } },
{ "type": "Feature", "properties": { "fid": 525, "full_id": "n9400843398", "osm_id": "9400843398", "osm_type": "node", "amenity": "post_office", "survey:date": null, "wheelchair": null, "District": null, "addr:district": null, "office": null, "government": null, "addr:hamlet": null, "name:es": null, "description:zh": null, "post_office:type": null, "addr:housenumber": null, "phone": null, "name:ta": null, "name:nl": null, "name:si": null, "alt_name": null, "junction": null, "designation": null, "man_made": null, "collection_times": null, "postal_code": null, "name:zh": null, "name:en": null, "atm": null, "ele": null, "brand:wikidata": null, "brand": null, "wikipedia": null, "wikidata": null, "opening_hours": null, "branch": null, "ref": null, "check_date": null, "addr:street": null, "addr:city": null, "operator": null, "name": "Ambanpola Post Office", "addr:postcode": null, "Date": "2015-01-01" }, "geometry": { "type": "Point", "coordinates": [ 80.2391982, 7.9201232 ] } },
{ "type": "Feature", "properties": { "fid": 526, "full_id": "n9410509179", "osm_id": "9410509179", "osm_type": "node", "amenity": "post_office", "survey:date": null, "wheelchair": null, "District": null, "addr:district": null, "office": null, "government": null, "addr:hamlet": null, "name:es": null, "description:zh": null, "post_office:type": null, "addr:housenumber": null, "phone": null, "name:ta": null, "name:nl": null, "name:si": null, "alt_name": null, "junction": null, "designation": null, "man_made": null, "collection_times": null, "postal_code": null, "name:zh": null, "name:en": null, "atm": null, "ele": null, "brand:wikidata": null, "brand": null, "wikipedia": null, "wikidata": null, "opening_hours": null, "branch": null, "ref": null, "check_date": null, "addr:street": null, "addr:city": null, "operator": null, "name": "Embogama Post Office", "addr:postcode": null, "Date": "2015-01-01" }, "geometry": { "type": "Point", "coordinates": [ 80.3606519, 7.919911 ] } },
{ "type": "Feature", "properties": { "fid": 527, "full_id": "n9444227221", "osm_id": "9444227221", "osm_type": "node", "amenity": "post_office", "survey:date": null, "wheelchair": null, "District": null, "addr:district": null, "office": null, "government": null, "addr:hamlet": null, "name:es": null, "description:zh": null, "post_office:type": null, "addr:housenumber": null, "phone": null, "name:ta": null, "name:nl": null, "name:si": null, "alt_name": null, "junction": null, "designation": null, "man_made": null, "collection_times": null, "postal_code": null, "name:zh": null, "name:en": null, "atm": null, "ele": null, "brand:wikidata": null, "brand": null, "wikipedia": null, "wikidata": null, "opening_hours": null, "branch": null, "ref": null, "check_date": null, "addr:street": null, "addr:city": null, "operator": null, "name": "Hureegaswewa Sub Post Office", "addr:postcode": null, "Date": "2015-01-01" }, "geometry": { "type": "Point", "coordinates": [ 80.356031, 8.0855148 ] } },
{ "type": "Feature", "properties": { "fid": 528, "full_id": "n9447949652", "osm_id": "9447949652", "osm_type": "node", "amenity": "post_office", "survey:date": null, "wheelchair": null, "District": null, "addr:district": null, "office": null, "government": null, "addr:hamlet": null, "name:es": null, "description:zh": null, "post_office:type": null, "addr:housenumber": null, "phone": null, "name:ta": null, "name:nl": null, "name:si": null, "alt_name": null, "junction": null, "designation": null, "man_made": null, "collection_times": null, "postal_code": null, "name:zh": null, "name:en": null, "atm": null, "ele": null, "brand:wikidata": null, "brand": null, "wikipedia": null, "wikidata": null, "opening_hours": null, "branch": null, "ref": null, "check_date": null, "addr:street": null, "addr:city": "Teldeniya", "operator": null, "name": "Teldeniya Post Office", "addr:postcode": null, "Date": "2015-01-01" }, "geometry": { "type": "Point", "coordinates": [ 80.7646608, 7.3087084 ] } },
{ "type": "Feature", "properties": { "fid": 529, "full_id": "n9547317961", "osm_id": "9547317961", "osm_type": "node", "amenity": "post_office", "survey:date": null, "wheelchair": null, "District": null, "addr:district": null, "office": null, "government": null, "addr:hamlet": null, "name:es": null, "description:zh": null, "post_office:type": null, "addr:housenumber": null, "phone": null, "name:ta": null, "name:nl": null, "name:si": null, "alt_name": null, "junction": null, "designation": null, "man_made": null, "collection_times": null, "postal_code": null, "name:zh": null, "name:en": null, "atm": null, "ele": null, "brand:wikidata": null, "brand": null, "wikipedia": null, "wikidata": null, "opening_hours": null, "branch": null, "ref": null, "check_date": null, "addr:street": null, "addr:city": null, "operator": null, "name": "Sub Post office", "addr:postcode": null, "Date": "2015-01-01" }, "geometry": { "type": "Point", "coordinates": [ 81.0239225, 6.8434339 ] } },
{ "type": "Feature", "properties": { "fid": 530, "full_id": "n9767295825", "osm_id": "9767295825", "osm_type": "node", "amenity": "post_office", "survey:date": null, "wheelchair": null, "District": null, "addr:district": null, "office": null, "government": null, "addr:hamlet": null, "name:es": null, "description:zh": null, "post_office:type": null, "addr:housenumber": null, "phone": null, "name:ta": null, "name:nl": null, "name:si": null, "alt_name": null, "junction": null, "designation": null, "man_made": null, "collection_times": null, "postal_code": null, "name:zh": null, "name:en": null, "atm": null, "ele": null, "brand:wikidata": null, "brand": null, "wikipedia": null, "wikidata": null, "opening_hours": null, "branch": null, "ref": null, "check_date": null, "addr:street": null, "addr:city": null, "operator": null, "name": "Sub Post Office,Kiliveddy", "addr:postcode": null, "Date": "2015-01-01" }, "geometry": { "type": "Point", "coordinates": [ 81.2857885, 8.3498205 ] } },
{ "type": "Feature", "properties": { "fid": 531, "full_id": "n9770266335", "osm_id": "9770266335", "osm_type": "node", "amenity": "post_office", "survey:date": null, "wheelchair": null, "District": null, "addr:district": null, "office": null, "government": null, "addr:hamlet": null, "name:es": null, "description:zh": null, "post_office:type": null, "addr:housenumber": null, "phone": null, "name:ta": null, "name:nl": null, "name:si": null, "alt_name": null, "junction": null, "designation": null, "man_made": null, "collection_times": null, "postal_code": null, "name:zh": null, "name:en": null, "atm": null, "ele": null, "brand:wikidata": null, "brand": null, "wikipedia": null, "wikidata": null, "opening_hours": null, "branch": null, "ref": null, "check_date": null, "addr:street": null, "addr:city": null, "operator": null, "name": "Welimada Post Office", "addr:postcode": null, "Date": "2015-01-01" }, "geometry": { "type": "Point", "coordinates": [ 80.9128447, 6.9038803 ] } },
{ "type": "Feature", "properties": { "fid": 532, "full_id": "n9771191671", "osm_id": "9771191671", "osm_type": "node", "amenity": "post_office", "survey:date": null, "wheelchair": null, "District": null, "addr:district": null, "office": null, "government": null, "addr:hamlet": null, "name:es": null, "description:zh": null, "post_office:type": null, "addr:housenumber": null, "phone": null, "name:ta": null, "name:nl": null, "name:si": null, "alt_name": null, "junction": null, "designation": null, "man_made": null, "collection_times": null, "postal_code": null, "name:zh": null, "name:en": null, "atm": null, "ele": null, "brand:wikidata": null, "brand": null, "wikipedia": null, "wikidata": null, "opening_hours": null, "branch": null, "ref": null, "check_date": null, "addr:street": null, "addr:city": null, "operator": null, "name": "post office", "addr:postcode": null, "Date": "2015-01-01" }, "geometry": { "type": "Point", "coordinates": [ 80.8156777, 7.2889676 ] } },
{ "type": "Feature", "properties": { "fid": 533, "full_id": "n9771887407", "osm_id": "9771887407", "osm_type": "node", "amenity": "post_office", "survey:date": null, "wheelchair": null, "District": null, "addr:district": null, "office": null, "government": null, "addr:hamlet": null, "name:es": null, "description:zh": null, "post_office:type": null, "addr:housenumber": null, "phone": null, "name:ta": null, "name:nl": null, "name:si": null, "alt_name": null, "junction": null, "designation": null, "man_made": null, "collection_times": null, "postal_code": null, "name:zh": null, "name:en": null, "atm": null, "ele": null, "brand:wikidata": null, "brand": null, "wikipedia": null, "wikidata": null, "opening_hours": null, "branch": null, "ref": null, "check_date": null, "addr:street": null, "addr:city": "Punduloya", "operator": null, "name": "punduloya post office", "addr:postcode": "22120", "Date": "2015-01-01" }, "geometry": { "type": "Point", "coordinates": [ 80.6655554, 7.0146558 ] } },
{ "type": "Feature", "properties": { "fid": 534, "full_id": "n9772345367", "osm_id": "9772345367", "osm_type": "node", "amenity": "post_office", "survey:date": null, "wheelchair": null, "District": null, "addr:district": null, "office": null, "government": null, "addr:hamlet": null, "name:es": null, "description:zh": null, "post_office:type": null, "addr:housenumber": null, "phone": null, "name:ta": null, "name:nl": null, "name:si": null, "alt_name": null, "junction": null, "designation": null, "man_made": null, "collection_times": null, "postal_code": null, "name:zh": null, "name:en": null, "atm": null, "ele": null, "brand:wikidata": null, "brand": null, "wikipedia": null, "wikidata": null, "opening_hours": null, "branch": null, "ref": null, "check_date": null, "addr:street": null, "addr:city": null, "operator": null, "name": "Guruthalawa Post Office", "addr:postcode": null, "Date": "2015-01-01" }, "geometry": { "type": "Point", "coordinates": [ 80.9030617, 6.8467094 ] } },
{ "type": "Feature", "properties": { "fid": 535, "full_id": "n9774967985", "osm_id": "9774967985", "osm_type": "node", "amenity": "post_office", "survey:date": null, "wheelchair": null, "District": null, "addr:district": null, "office": null, "government": null, "addr:hamlet": null, "name:es": null, "description:zh": null, "post_office:type": null, "addr:housenumber": null, "phone": null, "name:ta": null, "name:nl": null, "name:si": null, "alt_name": null, "junction": null, "designation": null, "man_made": null, "collection_times": null, "postal_code": null, "name:zh": null, "name:en": null, "atm": null, "ele": null, "brand:wikidata": null, "brand": null, "wikipedia": null, "wikidata": null, "opening_hours": null, "branch": null, "ref": null, "check_date": null, "addr:street": null, "addr:city": null, "operator": null, "name": null, "addr:postcode": null, "Date": "2015-01-01" }, "geometry": { "type": "Point", "coordinates": [ 80.6800144, 6.7940917 ] } },
{ "type": "Feature", "properties": { "fid": 536, "full_id": "n9790638361", "osm_id": "9790638361", "osm_type": "node", "amenity": "post_office", "survey:date": null, "wheelchair": null, "District": null, "addr:district": null, "office": null, "government": null, "addr:hamlet": null, "name:es": null, "description:zh": null, "post_office:type": null, "addr:housenumber": null, "phone": null, "name:ta": null, "name:nl": null, "name:si": null, "alt_name": null, "junction": null, "designation": null, "man_made": null, "collection_times": null, "postal_code": null, "name:zh": null, "name:en": null, "atm": null, "ele": null, "brand:wikidata": null, "brand": null, "wikipedia": null, "wikidata": null, "opening_hours": null, "branch": null, "ref": null, "check_date": null, "addr:street": null, "addr:city": null, "operator": null, "name": "Sub Post Office - kahatathalawa", "addr:postcode": null, "Date": "2015-01-01" }, "geometry": { "type": "Point", "coordinates": [ 80.9311781, 6.9270077 ] } },
{ "type": "Feature", "properties": { "fid": 537, "full_id": "n9794292240", "osm_id": "9794292240", "osm_type": "node", "amenity": "post_office", "survey:date": null, "wheelchair": null, "District": null, "addr:district": null, "office": null, "government": null, "addr:hamlet": null, "name:es": null, "description:zh": null, "post_office:type": null, "addr:housenumber": null, "phone": null, "name:ta": null, "name:nl": null, "name:si": null, "alt_name": null, "junction": null, "designation": null, "man_made": null, "collection_times": null, "postal_code": null, "name:zh": null, "name:en": null, "atm": null, "ele": null, "brand:wikidata": null, "brand": null, "wikipedia": null, "wikidata": null, "opening_hours": null, "branch": null, "ref": null, "check_date": null, "addr:street": null, "addr:city": null, "operator": null, "name": "Nugatalawa Sub Post Office", "addr:postcode": null, "Date": "2015-01-01" }, "geometry": { "type": "Point", "coordinates": [ 80.88753, 6.9020309 ] } },
{ "type": "Feature", "properties": { "fid": 538, "full_id": "n10246967643", "osm_id": "10246967643", "osm_type": "node", "amenity": "post_office", "survey:date": null, "wheelchair": null, "District": null, "addr:district": null, "office": null, "government": null, "addr:hamlet": null, "name:es": null, "description:zh": null, "post_office:type": null, "addr:housenumber": null, "phone": null, "name:ta": null, "name:nl": null, "name:si": null, "alt_name": null, "junction": null, "designation": null, "man_made": null, "collection_times": null, "postal_code": null, "name:zh": null, "name:en": null, "atm": null, "ele": null, "brand:wikidata": null, "brand": null, "wikipedia": null, "wikidata": null, "opening_hours": null, "branch": null, "ref": null, "check_date": "2022-12-08", "addr:street": null, "addr:city": null, "operator": null, "name": null, "addr:postcode": null, "Date": "2015-01-01" }, "geometry": { "type": "Point", "coordinates": [ 79.8317048, 8.030013 ] } },
{ "type": "Feature", "properties": { "fid": 539, "full_id": "n10266557538", "osm_id": "10266557538", "osm_type": "node", "amenity": "post_office", "survey:date": null, "wheelchair": null, "District": null, "addr:district": null, "office": null, "government": null, "addr:hamlet": null, "name:es": null, "description:zh": null, "post_office:type": null, "addr:housenumber": null, "phone": null, "name:ta": null, "name:nl": null, "name:si": null, "alt_name": null, "junction": null, "designation": null, "man_made": null, "collection_times": null, "postal_code": null, "name:zh": null, "name:en": null, "atm": null, "ele": null, "brand:wikidata": null, "brand": null, "wikipedia": null, "wikidata": null, "opening_hours": null, "branch": null, "ref": null, "check_date": null, "addr:street": null, "addr:city": null, "operator": null, "name": null, "addr:postcode": null, "Date": "2015-01-01" }, "geometry": { "type": "Point", "coordinates": [ 80.6165229, 7.3482997 ] } },
{ "type": "Feature", "properties": { "fid": 540, "full_id": "n10287255709", "osm_id": "10287255709", "osm_type": "node", "amenity": "post_office", "survey:date": null, "wheelchair": null, "District": null, "addr:district": null, "office": null, "government": null, "addr:hamlet": null, "name:es": null, "description:zh": null, "post_office:type": null, "addr:housenumber": "0001", "phone": null, "name:ta": null, "name:nl": null, "name:si": null, "alt_name": null, "junction": null, "designation": null, "man_made": null, "collection_times": null, "postal_code": null, "name:zh": null, "name:en": "உப தபாலகம் வாரிக்குட்டியூர்", "atm": null, "ele": null, "brand:wikidata": null, "brand": null, "wikipedia": null, "wikidata": null, "opening_hours": null, "branch": null, "ref": null, "check_date": null, "addr:street": "rangeth Gama to palayayooruwa", "addr:city": null, "operator": null, "name": "SUB POST OFFICE VARIKKUTTYOOR..", "addr:postcode": null, "Date": "2015-01-01" }, "geometry": { "type": "Point", "coordinates": [ 80.3637978, 8.7178799 ] } },
{ "type": "Feature", "properties": { "fid": 541, "full_id": "n10287655710", "osm_id": "10287655710", "osm_type": "node", "amenity": "post_office", "survey:date": null, "wheelchair": null, "District": null, "addr:district": null, "office": null, "government": null, "addr:hamlet": null, "name:es": null, "description:zh": null, "post_office:type": null, "addr:housenumber": "45008", "phone": null, "name:ta": null, "name:nl": null, "name:si": null, "alt_name": null, "junction": null, "designation": null, "man_made": null, "collection_times": null, "postal_code": null, "name:zh": null, "name:en": "45008 post office", "atm": null, "ele": null, "brand:wikidata": null, "brand": null, "wikipedia": null, "wikidata": null, "opening_hours": null, "branch": null, "ref": null, "check_date": null, "addr:street": null, "addr:city": null, "operator": null, "name": null, "addr:postcode": null, "Date": "2015-01-01" }, "geometry": { "type": "Point", "coordinates": [ 80.3637537, 8.7176359 ] } },
{ "type": "Feature", "properties": { "fid": 542, "full_id": "n10614985209", "osm_id": "10614985209", "osm_type": "node", "amenity": "post_office", "survey:date": null, "wheelchair": null, "District": null, "addr:district": null, "office": null, "government": null, "addr:hamlet": null, "name:es": null, "description:zh": null, "post_office:type": null, "addr:housenumber": null, "phone": null, "name:ta": null, "name:nl": null, "name:si": null, "alt_name": null, "junction": null, "designation": null, "man_made": null, "collection_times": null, "postal_code": null, "name:zh": null, "name:en": null, "atm": null, "ele": null, "brand:wikidata": null, "brand": null, "wikipedia": null, "wikidata": null, "opening_hours": null, "branch": null, "ref": null, "check_date": null, "addr:street": null, "addr:city": null, "operator": null, "name": "Post Office", "addr:postcode": null, "Date": "2015-01-01" }, "geometry": { "type": "Point", "coordinates": [ 81.2998393, 8.3237699 ] } },
{ "type": "Feature", "properties": { "fid": 543, "full_id": "n10673366451", "osm_id": "10673366451", "osm_type": "node", "amenity": "post_office", "survey:date": null, "wheelchair": null, "District": null, "addr:district": null, "office": null, "government": null, "addr:hamlet": null, "name:es": null, "description:zh": null, "post_office:type": null, "addr:housenumber": null, "phone": null, "name:ta": null, "name:nl": null, "name:si": null, "alt_name": null, "junction": null, "designation": null, "man_made": null, "collection_times": null, "postal_code": null, "name:zh": null, "name:en": null, "atm": null, "ele": null, "brand:wikidata": null, "brand": null, "wikipedia": null, "wikidata": null, "opening_hours": null, "branch": null, "ref": null, "check_date": null, "addr:street": null, "addr:city": "Komari", "operator": null, "name": "Komari Sub Post Office", "addr:postcode": "32418", "Date": "2015-01-01" }, "geometry": { "type": "Point", "coordinates": [ 81.8633018, 6.98326 ] } },
{ "type": "Feature", "properties": { "fid": 544, "full_id": "n10679745022", "osm_id": "10679745022", "osm_type": "node", "amenity": "post_office", "survey:date": null, "wheelchair": null, "District": null, "addr:district": null, "office": null, "government": null, "addr:hamlet": null, "name:es": null, "description:zh": null, "post_office:type": null, "addr:housenumber": null, "phone": null, "name:ta": null, "name:nl": null, "name:si": null, "alt_name": null, "junction": null, "designation": null, "man_made": null, "collection_times": null, "postal_code": null, "name:zh": null, "name:en": null, "atm": null, "ele": null, "brand:wikidata": null, "brand": null, "wikipedia": null, "wikidata": null, "opening_hours": null, "branch": null, "ref": null, "check_date": null, "addr:street": null, "addr:city": null, "operator": "SL Post", "name": "Ittapana Post Office", "addr:postcode": null, "Date": "2015-01-01" }, "geometry": { "type": "Point", "coordinates": [ 80.0813043, 6.4133579 ] } },
{ "type": "Feature", "properties": { "fid": 545, "full_id": "n10684821742", "osm_id": "10684821742", "osm_type": "node", "amenity": "post_box", "survey:date": null, "wheelchair": null, "District": null, "addr:district": null, "office": null, "government": null, "addr:hamlet": null, "name:es": null, "description:zh": null, "post_office:type": null, "addr:housenumber": null, "phone": null, "name:ta": null, "name:nl": null, "name:si": null, "alt_name": null, "junction": null, "designation": null, "man_made": null, "collection_times": null, "postal_code": null, "name:zh": null, "name:en": null, "atm": null, "ele": null, "brand:wikidata": null, "brand": null, "wikipedia": null, "wikidata": null, "opening_hours": null, "branch": null, "ref": null, "check_date": null, "addr:street": null, "addr:city": null, "operator": null, "name": null, "addr:postcode": null, "Date": "2015-01-01" }, "geometry": { "type": "Point", "coordinates": [ 80.1043919, 6.4379126 ] } },
{ "type": "Feature", "properties": { "fid": 546, "full_id": "n10701820833", "osm_id": "10701820833", "osm_type": "node", "amenity": "post_office", "survey:date": null, "wheelchair": null, "District": null, "addr:district": null, "office": null, "government": null, "addr:hamlet": null, "name:es": null, "description:zh": null, "post_office:type": null, "addr:housenumber": null, "phone": null, "name:ta": null, "name:nl": null, "name:si": null, "alt_name": null, "junction": null, "designation": null, "man_made": null, "collection_times": null, "postal_code": null, "name:zh": null, "name:en": null, "atm": null, "ele": null, "brand:wikidata": null, "brand": null, "wikipedia": null, "wikidata": null, "opening_hours": null, "branch": null, "ref": null, "check_date": null, "addr:street": null, "addr:city": null, "operator": null, "name": "Haloya Sub Post Office", "addr:postcode": null, "Date": "2015-01-01" }, "geometry": { "type": "Point", "coordinates": [ 80.6259023, 7.2092981 ] } },
{ "type": "Feature", "properties": { "fid": 547, "full_id": "n10718003504", "osm_id": "10718003504", "osm_type": "node", "amenity": "post_office", "survey:date": null, "wheelchair": null, "District": null, "addr:district": null, "office": null, "government": null, "addr:hamlet": null, "name:es": null, "description:zh": null, "post_office:type": null, "addr:housenumber": null, "phone": null, "name:ta": null, "name:nl": null, "name:si": null, "alt_name": null, "junction": null, "designation": null, "man_made": null, "collection_times": null, "postal_code": null, "name:zh": null, "name:en": null, "atm": null, "ele": null, "brand:wikidata": null, "brand": null, "wikipedia": null, "wikidata": null, "opening_hours": null, "branch": null, "ref": null, "check_date": null, "addr:street": null, "addr:city": null, "operator": null, "name": null, "addr:postcode": null, "Date": "2015-01-01" }, "geometry": { "type": "Point", "coordinates": [ 80.1101719, 6.4692043 ] } },
{ "type": "Feature", "properties": { "fid": 548, "full_id": "n10743542263", "osm_id": "10743542263", "osm_type": "node", "amenity": "post_office", "survey:date": null, "wheelchair": null, "District": null, "addr:district": null, "office": null, "government": null, "addr:hamlet": null, "name:es": null, "description:zh": null, "post_office:type": null, "addr:housenumber": null, "phone": null, "name:ta": "இணுவில் உபதபால் அலுவலகம்", "name:nl": null, "name:si": null, "alt_name": null, "junction": null, "designation": null, "man_made": null, "collection_times": null, "postal_code": null, "name:zh": null, "name:en": null, "atm": null, "ele": null, "brand:wikidata": null, "brand": null, "wikipedia": null, "wikidata": null, "opening_hours": null, "branch": null, "ref": null, "check_date": null, "addr:street": "Kanthasamy Kovil Road", "addr:city": null, "operator": null, "name": "Invil Subpost Office", "addr:postcode": null, "Date": "2015-01-01" }, "geometry": { "type": "Point", "coordinates": [ 80.0214783, 9.717143 ] } },
{ "type": "Feature", "properties": { "fid": 549, "full_id": "n10771329731", "osm_id": "10771329731", "osm_type": "node", "amenity": "post_office", "survey:date": null, "wheelchair": null, "District": null, "addr:district": null, "office": null, "government": null, "addr:hamlet": null, "name:es": null, "description:zh": null, "post_office:type": null, "addr:housenumber": null, "phone": null, "name:ta": null, "name:nl": null, "name:si": null, "alt_name": null, "junction": null, "designation": null, "man_made": null, "collection_times": null, "postal_code": null, "name:zh": null, "name:en": null, "atm": null, "ele": null, "brand:wikidata": null, "brand": null, "wikipedia": null, "wikidata": null, "opening_hours": null, "branch": null, "ref": null, "check_date": null, "addr:street": null, "addr:city": null, "operator": null, "name": "Idaikkadu Post Office", "addr:postcode": null, "Date": "2015-01-01" }, "geometry": { "type": "Point", "coordinates": [ 80.1167121, 9.7979894 ] } },
{ "type": "Feature", "properties": { "fid": 550, "full_id": "n10839918584", "osm_id": "10839918584", "osm_type": "node", "amenity": "post_office", "survey:date": null, "wheelchair": null, "District": null, "addr:district": null, "office": null, "government": null, "addr:hamlet": null, "name:es": null, "description:zh": null, "post_office:type": null, "addr:housenumber": null, "phone": null, "name:ta": null, "name:nl": null, "name:si": null, "alt_name": null, "junction": null, "designation": null, "man_made": null, "collection_times": null, "postal_code": null, "name:zh": null, "name:en": null, "atm": null, "ele": null, "brand:wikidata": null, "brand": null, "wikipedia": null, "wikidata": null, "opening_hours": null, "branch": null, "ref": null, "check_date": null, "addr:street": null, "addr:city": null, "operator": null, "name": "Central Camp Post Office", "addr:postcode": null, "Date": "2015-01-01" }, "geometry": { "type": "Point", "coordinates": [ 81.7346226, 7.4145416 ] } },
{ "type": "Feature", "properties": { "fid": 551, "full_id": "n11068250161", "osm_id": "11068250161", "osm_type": "node", "amenity": "post_office", "survey:date": null, "wheelchair": null, "District": null, "addr:district": null, "office": null, "government": null, "addr:hamlet": null, "name:es": null, "description:zh": null, "post_office:type": null, "addr:housenumber": null, "phone": null, "name:ta": null, "name:nl": null, "name:si": null, "alt_name": null, "junction": null, "designation": null, "man_made": null, "collection_times": null, "postal_code": null, "name:zh": null, "name:en": null, "atm": null, "ele": null, "brand:wikidata": null, "brand": null, "wikipedia": null, "wikidata": null, "opening_hours": null, "branch": null, "ref": null, "check_date": null, "addr:street": null, "addr:city": null, "operator": null, "name": "Thalunna Post Office", "addr:postcode": null, "Date": "2015-01-01" }, "geometry": { "type": "Point", "coordinates": [ 80.8342115, 6.1153993 ] } },
{ "type": "Feature", "properties": { "fid": 552, "full_id": "n11068260611", "osm_id": "11068260611", "osm_type": "node", "amenity": "post_office", "survey:date": null, "wheelchair": null, "District": null, "addr:district": null, "office": null, "government": null, "addr:hamlet": null, "name:es": null, "description:zh": null, "post_office:type": null, "addr:housenumber": null, "phone": null, "name:ta": null, "name:nl": null, "name:si": null, "alt_name": null, "junction": null, "designation": null, "man_made": null, "collection_times": null, "postal_code": null, "name:zh": null, "name:en": null, "atm": null, "ele": null, "brand:wikidata": null, "brand": null, "wikipedia": null, "wikidata": null, "opening_hours": null, "branch": null, "ref": null, "check_date": null, "addr:street": null, "addr:city": null, "operator": null, "name": "Post Office", "addr:postcode": null, "Date": "2015-01-01" }, "geometry": { "type": "Point", "coordinates": [ 80.8251288, 6.1472836 ] } },
{ "type": "Feature", "properties": { "fid": 553, "full_id": "n11140103447", "osm_id": "11140103447", "osm_type": "node", "amenity": "post_office", "survey:date": null, "wheelchair": null, "District": null, "addr:district": null, "office": null, "government": null, "addr:hamlet": null, "name:es": null, "description:zh": null, "post_office:type": null, "addr:housenumber": null, "phone": null, "name:ta": null, "name:nl": null, "name:si": null, "alt_name": null, "junction": null, "designation": null, "man_made": null, "collection_times": null, "postal_code": null, "name:zh": null, "name:en": null, "atm": null, "ele": null, "brand:wikidata": null, "brand": null, "wikipedia": null, "wikidata": null, "opening_hours": null, "branch": null, "ref": null, "check_date": null, "addr:street": "Light house street", "addr:city": "Oluvil", "operator": null, "name": "OLUVIL POST OFFICE", "addr:postcode": "32360", "Date": "2015-01-01" }, "geometry": { "type": "Point", "coordinates": [ 81.8587743, 7.2905432 ] } },
{ "type": "Feature", "properties": { "fid": 554, "full_id": "n11210789540", "osm_id": "11210789540", "osm_type": "node", "amenity": "post_office", "survey:date": null, "wheelchair": null, "District": null, "addr:district": null, "office": null, "government": null, "addr:hamlet": null, "name:es": null, "description:zh": null, "post_office:type": null, "addr:housenumber": null, "phone": null, "name:ta": null, "name:nl": null, "name:si": null, "alt_name": null, "junction": null, "designation": null, "man_made": null, "collection_times": null, "postal_code": null, "name:zh": null, "name:en": null, "atm": null, "ele": null, "brand:wikidata": null, "brand": null, "wikipedia": null, "wikidata": null, "opening_hours": null, "branch": null, "ref": null, "check_date": null, "addr:street": null, "addr:city": null, "operator": "Sri Lanka Post", "name": "Sub Post Office - Panama", "addr:postcode": null, "Date": "2015-01-01" }, "geometry": { "type": "Point", "coordinates": [ 81.8044083, 6.7566246 ] } },
{ "type": "Feature", "properties": { "fid": 555, "full_id": "n11300389581", "osm_id": "11300389581", "osm_type": "node", "amenity": "post_office", "survey:date": null, "wheelchair": null, "District": null, "addr:district": null, "office": null, "government": null, "addr:hamlet": null, "name:es": null, "description:zh": null, "post_office:type": null, "addr:housenumber": null, "phone": null, "name:ta": null, "name:nl": null, "name:si": null, "alt_name": null, "junction": null, "designation": null, "man_made": null, "collection_times": null, "postal_code": null, "name:zh": null, "name:en": null, "atm": null, "ele": null, "brand:wikidata": null, "brand": null, "wikipedia": null, "wikidata": null, "opening_hours": null, "branch": null, "ref": null, "check_date": null, "addr:street": null, "addr:city": null, "operator": null, "name": "Sub post office", "addr:postcode": null, "Date": "2015-01-01" }, "geometry": { "type": "Point", "coordinates": [ 81.8435416, 7.3947107 ] } },
{ "type": "Feature", "properties": { "fid": 556, "full_id": "n11393710275", "osm_id": "11393710275", "osm_type": "node", "amenity": "post_office", "survey:date": null, "wheelchair": null, "District": null, "addr:district": null, "office": null, "government": null, "addr:hamlet": null, "name:es": null, "description:zh": null, "post_office:type": null, "addr:housenumber": null, "phone": null, "name:ta": null, "name:nl": null, "name:si": null, "alt_name": null, "junction": null, "designation": null, "man_made": null, "collection_times": null, "postal_code": null, "name:zh": null, "name:en": null, "atm": null, "ele": null, "brand:wikidata": null, "brand": null, "wikipedia": null, "wikidata": null, "opening_hours": null, "branch": null, "ref": null, "check_date": null, "addr:street": null, "addr:city": null, "operator": null, "name": null, "addr:postcode": null, "Date": "2015-01-01" }, "geometry": { "type": "Point", "coordinates": [ 80.535586, 8.0241906 ] } },
{ "type": "Feature", "properties": { "fid": 557, "full_id": "n11399755216", "osm_id": "11399755216", "osm_type": "node", "amenity": "post_office", "survey:date": null, "wheelchair": null, "District": null, "addr:district": null, "office": null, "government": null, "addr:hamlet": null, "name:es": null, "description:zh": null, "post_office:type": null, "addr:housenumber": null, "phone": null, "name:ta": null, "name:nl": null, "name:si": null, "alt_name": null, "junction": null, "designation": null, "man_made": null, "collection_times": null, "postal_code": null, "name:zh": null, "name:en": null, "atm": null, "ele": null, "brand:wikidata": null, "brand": null, "wikipedia": null, "wikidata": null, "opening_hours": null, "branch": null, "ref": null, "check_date": null, "addr:street": null, "addr:city": null, "operator": null, "name": "SEUSL post office", "addr:postcode": null, "Date": "2015-01-01" }, "geometry": { "type": "Point", "coordinates": [ 81.8510778, 7.2977181 ] } },
{ "type": "Feature", "properties": { "fid": 558, "full_id": "n11402700943", "osm_id": "11402700943", "osm_type": "node", "amenity": "post_office", "survey:date": null, "wheelchair": null, "District": null, "addr:district": null, "office": null, "government": null, "addr:hamlet": null, "name:es": null, "description:zh": null, "post_office:type": null, "addr:housenumber": null, "phone": null, "name:ta": null, "name:nl": null, "name:si": null, "alt_name": null, "junction": null, "designation": null, "man_made": null, "collection_times": null, "postal_code": null, "name:zh": null, "name:en": null, "atm": null, "ele": null, "brand:wikidata": null, "brand": null, "wikipedia": null, "wikidata": null, "opening_hours": null, "branch": null, "ref": null, "check_date": null, "addr:street": null, "addr:city": null, "operator": null, "name": "Post Office Nintavur 32340", "addr:postcode": null, "Date": "2015-01-01" }, "geometry": { "type": "Point", "coordinates": [ 81.8451679, 7.3548626 ] } },
{ "type": "Feature", "properties": { "fid": 559, "full_id": "n11407370224", "osm_id": "11407370224", "osm_type": "node", "amenity": "post_office", "survey:date": null, "wheelchair": null, "District": null, "addr:district": null, "office": null, "government": null, "addr:hamlet": null, "name:es": null, "description:zh": null, "post_office:type": null, "addr:housenumber": null, "phone": null, "name:ta": null, "name:nl": null, "name:si": null, "alt_name": null, "junction": null, "designation": null, "man_made": null, "collection_times": null, "postal_code": null, "name:zh": null, "name:en": null, "atm": null, "ele": null, "brand:wikidata": null, "brand": null, "wikipedia": null, "wikidata": null, "opening_hours": null, "branch": null, "ref": null, "check_date": null, "addr:street": "Demodara Road", "addr:city": "Springvalley", "operator": null, "name": "Springvalley Post Office", "addr:postcode": null, "Date": "2015-01-01" }, "geometry": { "type": "Point", "coordinates": [ 81.0933386, 6.9275278 ] } },
{ "type": "Feature", "properties": { "fid": 560, "full_id": "n11449803868", "osm_id": "11449803868", "osm_type": "node", "amenity": "post_office", "survey:date": null, "wheelchair": null, "District": null, "addr:district": null, "office": null, "government": null, "addr:hamlet": null, "name:es": null, "description:zh": null, "post_office:type": null, "addr:housenumber": null, "phone": null, "name:ta": null, "name:nl": null, "name:si": null, "alt_name": null, "junction": null, "designation": null, "man_made": null, "collection_times": null, "postal_code": null, "name:zh": null, "name:en": null, "atm": null, "ele": null, "brand:wikidata": null, "brand": null, "wikipedia": null, "wikidata": null, "opening_hours": null, "branch": null, "ref": null, "check_date": null, "addr:street": null, "addr:city": null, "operator": null, "name": "Sub post Office Kahatapitiya", "addr:postcode": null, "Date": "2015-01-01" }, "geometry": { "type": "Point", "coordinates": [ 80.5767782, 7.1734543 ] } },
{ "type": "Feature", "properties": { "fid": 561, "full_id": "n11601308969", "osm_id": "11601308969", "osm_type": "node", "amenity": "post_office", "survey:date": null, "wheelchair": null, "District": null, "addr:district": null, "office": null, "government": null, "addr:hamlet": null, "name:es": null, "description:zh": null, "post_office:type": null, "addr:housenumber": null, "phone": null, "name:ta": null, "name:nl": null, "name:si": null, "alt_name": null, "junction": null, "designation": null, "man_made": null, "collection_times": null, "postal_code": null, "name:zh": null, "name:en": null, "atm": null, "ele": null, "brand:wikidata": null, "brand": null, "wikipedia": null, "wikidata": null, "opening_hours": null, "branch": null, "ref": null, "check_date": null, "addr:street": "Ketawala Road", "addr:city": "Hali-Ela", "operator": null, "name": "Hali-Ela Post Office", "addr:postcode": null, "Date": "2015-01-01" }, "geometry": { "type": "Point", "coordinates": [ 81.0315119, 6.9561142 ] } },
{ "type": "Feature", "properties": { "fid": 562, "full_id": "n11842763175", "osm_id": "11842763175", "osm_type": "node", "amenity": "post_office", "survey:date": null, "wheelchair": null, "District": null, "addr:district": null, "office": null, "government": null, "addr:hamlet": null, "name:es": null, "description:zh": null, "post_office:type": null, "addr:housenumber": null, "phone": null, "name:ta": null, "name:nl": null, "name:si": null, "alt_name": null, "junction": null, "designation": null, "man_made": null, "collection_times": null, "postal_code": null, "name:zh": null, "name:en": "post office Dehiwala", "atm": null, "ele": null, "brand:wikidata": null, "brand": null, "wikipedia": null, "wikidata": null, "opening_hours": null, "branch": null, "ref": null, "check_date": null, "addr:street": "Railway Station Road", "addr:city": null, "operator": null, "name": null, "addr:postcode": null, "Date": "2015-01-01" }, "geometry": { "type": "Point", "coordinates": [ 79.864234, 6.8512483 ] } },
{ "type": "Feature", "properties": { "fid": 563, "full_id": "n11842859891", "osm_id": "11842859891", "osm_type": "node", "amenity": "post_office", "survey:date": null, "wheelchair": null, "District": null, "addr:district": null, "office": null, "government": null, "addr:hamlet": null, "name:es": null, "description:zh": null, "post_office:type": null, "addr:housenumber": null, "phone": null, "name:ta": null, "name:nl": null, "name:si": null, "alt_name": null, "junction": null, "designation": null, "man_made": null, "collection_times": null, "postal_code": null, "name:zh": null, "name:en": "post offcie dehiwala", "atm": null, "ele": null, "brand:wikidata": null, "brand": null, "wikipedia": null, "wikidata": null, "opening_hours": "Su-Fr 09:00-04:00", "branch": null, "ref": null, "check_date": null, "addr:street": "station road dehiwala", "addr:city": null, "operator": null, "name": null, "addr:postcode": "10350", "Date": "2015-01-01" }, "geometry": { "type": "Point", "coordinates": [ 79.866847, 6.8477748 ] } },
{ "type": "Feature", "properties": { "fid": 564, "full_id": "n11939687600", "osm_id": "11939687600", "osm_type": "node", "amenity": "post_office", "survey:date": null, "wheelchair": null, "District": null, "addr:district": null, "office": null, "government": null, "addr:hamlet": null, "name:es": null, "description:zh": null, "post_office:type": null, "addr:housenumber": null, "phone": null, "name:ta": null, "name:nl": null, "name:si": null, "alt_name": null, "junction": null, "designation": null, "man_made": null, "collection_times": null, "postal_code": null, "name:zh": null, "name:en": null, "atm": null, "ele": null, "brand:wikidata": null, "brand": null, "wikipedia": null, "wikidata": null, "opening_hours": null, "branch": null, "ref": null, "check_date": null, "addr:street": null, "addr:city": null, "operator": null, "name": "kumbukkandura sub post office", "addr:postcode": null, "Date": "2015-01-01" }, "geometry": { "type": "Point", "coordinates": [ 80.7414436, 7.3027145 ] } },
{ "type": "Feature", "properties": { "fid": 565, "full_id": "n12101739252", "osm_id": "12101739252", "osm_type": "node", "amenity": "post_office", "survey:date": "2024-08-10", "wheelchair": null, "District": null, "addr:district": null, "office": null, "government": null, "addr:hamlet": null, "name:es": null, "description:zh": null, "post_office:type": null, "addr:housenumber": null, "phone": null, "name:ta": null, "name:nl": null, "name:si": null, "alt_name": null, "junction": null, "designation": null, "man_made": null, "collection_times": null, "postal_code": null, "name:zh": null, "name:en": null, "atm": null, "ele": null, "brand:wikidata": "Q489815", "brand": "DHL", "wikipedia": null, "wikidata": null, "opening_hours": null, "branch": null, "ref": null, "check_date": null, "addr:street": null, "addr:city": null, "operator": null, "name": "DHL", "addr:postcode": null, "Date": "2015-01-01" }, "geometry": { "type": "Point", "coordinates": [ 79.8578015, 6.920493 ] } },
{ "type": "Feature", "properties": { "fid": 566, "full_id": "n12115439895", "osm_id": "12115439895", "osm_type": "node", "amenity": "post_office", "survey:date": null, "wheelchair": null, "District": null, "addr:district": null, "office": null, "government": null, "addr:hamlet": null, "name:es": null, "description:zh": null, "post_office:type": null, "addr:housenumber": null, "phone": null, "name:ta": null, "name:nl": null, "name:si": null, "alt_name": null, "junction": null, "designation": null, "man_made": null, "collection_times": null, "postal_code": null, "name:zh": null, "name:en": null, "atm": null, "ele": null, "brand:wikidata": null, "brand": null, "wikipedia": null, "wikidata": null, "opening_hours": null, "branch": null, "ref": null, "check_date": null, "addr:street": null, "addr:city": null, "operator": null, "name": null, "addr:postcode": null, "Date": "2015-01-01" }, "geometry": { "type": "Point", "coordinates": [ 81.8322679, 6.8597517 ] } },
{ "type": "Feature", "properties": { "fid": 567, "full_id": "n12343239222", "osm_id": "12343239222", "osm_type": "node", "amenity": "post_office", "survey:date": null, "wheelchair": null, "District": null, "addr:district": null, "office": null, "government": null, "addr:hamlet": null, "name:es": null, "description:zh": null, "post_office:type": null, "addr:housenumber": null, "phone": null, "name:ta": null, "name:nl": null, "name:si": null, "alt_name": null, "junction": null, "designation": null, "man_made": null, "collection_times": null, "postal_code": null, "name:zh": null, "name:en": null, "atm": null, "ele": null, "brand:wikidata": null, "brand": null, "wikipedia": null, "wikidata": null, "opening_hours": null, "branch": null, "ref": null, "check_date": null, "addr:street": null, "addr:city": null, "operator": null, "name": null, "addr:postcode": null, "Date": "2015-01-01" }, "geometry": { "type": "Point", "coordinates": [ 79.9036505, 7.127645 ] } },
{ "type": "Feature", "properties": { "fid": 568, "full_id": "n12343239236", "osm_id": "12343239236", "osm_type": "node", "amenity": "post_office", "survey:date": null, "wheelchair": null, "District": null, "addr:district": null, "office": null, "government": null, "addr:hamlet": null, "name:es": null, "description:zh": null, "post_office:type": null, "addr:housenumber": null, "phone": null, "name:ta": null, "name:nl": null, "name:si": null, "alt_name": null, "junction": null, "designation": null, "man_made": null, "collection_times": null, "postal_code": null, "name:zh": null, "name:en": null, "atm": null, "ele": null, "brand:wikidata": null, "brand": null, "wikipedia": null, "wikidata": null, "opening_hours": null, "branch": null, "ref": null, "check_date": null, "addr:street": null, "addr:city": null, "operator": null, "name": null, "addr:postcode": null, "Date": "2015-01-01" }, "geometry": { "type": "Point", "coordinates": [ 79.9035021, 7.1316732 ] } },
{ "type": "Feature", "properties": { "fid": 569, "full_id": "n12388143470", "osm_id": "12388143470", "osm_type": "node", "amenity": "post_office", "survey:date": null, "wheelchair": null, "District": null, "addr:district": null, "office": null, "government": null, "addr:hamlet": null, "name:es": null, "description:zh": null, "post_office:type": null, "addr:housenumber": null, "phone": null, "name:ta": null, "name:nl": null, "name:si": null, "alt_name": null, "junction": null, "designation": null, "man_made": null, "collection_times": null, "postal_code": null, "name:zh": null, "name:en": null, "atm": null, "ele": null, "brand:wikidata": null, "brand": null, "wikipedia": null, "wikidata": null, "opening_hours": null, "branch": null, "ref": null, "check_date": null, "addr:street": null, "addr:city": null, "operator": null, "name": "Pilimatalawa Post Office", "addr:postcode": null, "Date": "2015-01-01" }, "geometry": { "type": "Point", "coordinates": [ 80.553594, 7.2657618 ] } },
{ "type": "Feature", "properties": { "fid": 570, "full_id": "n12456315202", "osm_id": "12456315202", "osm_type": "node", "amenity": "post_office", "survey:date": null, "wheelchair": null, "District": null, "addr:district": null, "office": null, "government": null, "addr:hamlet": null, "name:es": null, "description:zh": null, "post_office:type": null, "addr:housenumber": null, "phone": null, "name:ta": null, "name:nl": null, "name:si": null, "alt_name": null, "junction": null, "designation": null, "man_made": null, "collection_times": null, "postal_code": null, "name:zh": null, "name:en": null, "atm": null, "ele": null, "brand:wikidata": null, "brand": null, "wikipedia": null, "wikidata": null, "opening_hours": null, "branch": null, "ref": null, "check_date": null, "addr:street": null, "addr:city": null, "operator": null, "name": "Post office - Polhena", "addr:postcode": null, "Date": "2015-01-01" }, "geometry": { "type": "Point", "coordinates": [ 80.5260524, 5.9423309 ] } },
{ "type": "Feature", "properties": { "fid": 571, "full_id": "n12496003106", "osm_id": "12496003106", "osm_type": "node", "amenity": "post_office", "survey:date": null, "wheelchair": null, "District": null, "addr:district": null, "office": null, "government": null, "addr:hamlet": null, "name:es": null, "description:zh": null, "post_office:type": null, "addr:housenumber": null, "phone": null, "name:ta": null, "name:nl": null, "name:si": null, "alt_name": null, "junction": null, "designation": null, "man_made": null, "collection_times": null, "postal_code": null, "name:zh": null, "name:en": null, "atm": null, "ele": null, "brand:wikidata": null, "brand": null, "wikipedia": null, "wikidata": null, "opening_hours": null, "branch": null, "ref": null, "check_date": null, "addr:street": null, "addr:city": null, "operator": null, "name": "Mandawala Post Office", "addr:postcode": null, "Date": "2015-01-01" }, "geometry": { "type": "Point", "coordinates": [ 80.0949509, 7.0011571 ] } },
{ "type": "Feature", "properties": { "fid": 572, "full_id": "n12565140101", "osm_id": "12565140101", "osm_type": "node", "amenity": "post_office", "survey:date": null, "wheelchair": null, "District": null, "addr:district": null, "office": null, "government": null, "addr:hamlet": null, "name:es": null, "description:zh": null, "post_office:type": null, "addr:housenumber": null, "phone": null, "name:ta": null, "name:nl": null, "name:si": null, "alt_name": null, "junction": null, "designation": null, "man_made": null, "collection_times": null, "postal_code": null, "name:zh": null, "name:en": null, "atm": null, "ele": null, "brand:wikidata": null, "brand": null, "wikipedia": null, "wikidata": null, "opening_hours": null, "branch": null, "ref": null, "check_date": null, "addr:street": null, "addr:city": null, "operator": null, "name": null, "addr:postcode": null, "Date": "2015-01-01" }, "geometry": { "type": "Point", "coordinates": [ 80.6345868, 7.2922828 ] } },
{ "type": "Feature", "properties": { "fid": 573, "full_id": "n12880769112", "osm_id": "12880769112", "osm_type": "node", "amenity": "post_office", "survey:date": null, "wheelchair": null, "District": null, "addr:district": null, "office": null, "government": null, "addr:hamlet": null, "name:es": null, "description:zh": null, "post_office:type": null, "addr:housenumber": null, "phone": null, "name:ta": null, "name:nl": null, "name:si": null, "alt_name": null, "junction": null, "designation": null, "man_made": null, "collection_times": null, "postal_code": null, "name:zh": null, "name:en": null, "atm": null, "ele": null, "brand:wikidata": null, "brand": null, "wikipedia": null, "wikidata": null, "opening_hours": null, "branch": null, "ref": null, "check_date": null, "addr:street": null, "addr:city": null, "operator": null, "name": "owiliknda post office", "addr:postcode": null, "Date": "2015-01-01" }, "geometry": { "type": "Point", "coordinates": [ 80.5827212, 7.455096 ] } },
{ "type": "Feature", "properties": { "fid": 574, "full_id": "n12880801281", "osm_id": "12880801281", "osm_type": "node", "amenity": "post_office", "survey:date": null, "wheelchair": null, "District": null, "addr:district": null, "office": null, "government": null, "addr:hamlet": null, "name:es": null, "description:zh": null, "post_office:type": null, "addr:housenumber": null, "phone": null, "name:ta": null, "name:nl": null, "name:si": null, "alt_name": null, "junction": null, "designation": null, "man_made": null, "collection_times": null, "postal_code": null, "name:zh": null, "name:en": null, "atm": null, "ele": null, "brand:wikidata": null, "brand": null, "wikipedia": null, "wikidata": null, "opening_hours": null, "branch": null, "ref": null, "check_date": null, "addr:street": null, "addr:city": null, "operator": null, "name": "Matale Post Office", "addr:postcode": null, "Date": "2015-01-01" }, "geometry": { "type": "Point", "coordinates": [ 80.6234462, 7.4668936 ] } },
{ "type": "Feature", "properties": { "fid": 575, "full_id": "n12880973926", "osm_id": "12880973926", "osm_type": "node", "amenity": "post_office", "survey:date": null, "wheelchair": null, "District": null, "addr:district": null, "office": null, "government": null, "addr:hamlet": null, "name:es": null, "description:zh": null, "post_office:type": null, "addr:housenumber": null, "phone": null, "name:ta": null, "name:nl": null, "name:si": null, "alt_name": null, "junction": null, "designation": null, "man_made": null, "collection_times": null, "postal_code": null, "name:zh": null, "name:en": null, "atm": null, "ele": null, "brand:wikidata": null, "brand": null, "wikipedia": null, "wikidata": null, "opening_hours": null, "branch": null, "ref": null, "check_date": null, "addr:street": null, "addr:city": null, "operator": null, "name": "Udispattuwa Post Office", "addr:postcode": null, "Date": "2015-01-01" }, "geometry": { "type": "Point", "coordinates": [ 80.7857363, 7.314322 ] } },
{ "type": "Feature", "properties": { "fid": 576, "full_id": "n12881013787", "osm_id": "12881013787", "osm_type": "node", "amenity": "post_office", "survey:date": null, "wheelchair": null, "District": null, "addr:district": null, "office": null, "government": null, "addr:hamlet": null, "name:es": null, "description:zh": null, "post_office:type": null, "addr:housenumber": null, "phone": null, "name:ta": null, "name:nl": null, "name:si": null, "alt_name": null, "junction": null, "designation": null, "man_made": null, "collection_times": null, "postal_code": null, "name:zh": null, "name:en": null, "atm": null, "ele": null, "brand:wikidata": null, "brand": null, "wikipedia": null, "wikidata": null, "opening_hours": null, "branch": null, "ref": null, "check_date": null, "addr:street": null, "addr:city": null, "operator": null, "name": "Ampara post office", "addr:postcode": null, "Date": "2015-01-01" }, "geometry": { "type": "Point", "coordinates": [ 81.6765657, 7.2912224 ] } },
{ "type": "Feature", "properties": { "fid": 577, "full_id": "n12881050776", "osm_id": "12881050776", "osm_type": "node", "amenity": "post_office", "survey:date": null, "wheelchair": null, "District": null, "addr:district": null, "office": null, "government": null, "addr:hamlet": null, "name:es": null, "description:zh": null, "post_office:type": null, "addr:housenumber": null, "phone": null, "name:ta": null, "name:nl": null, "name:si": null, "alt_name": null, "junction": null, "designation": null, "man_made": null, "collection_times": null, "postal_code": null, "name:zh": null, "name:en": "Sub Post office", "atm": null, "ele": null, "brand:wikidata": null, "brand": null, "wikipedia": null, "wikidata": null, "opening_hours": null, "branch": null, "ref": null, "check_date": null, "addr:street": null, "addr:city": null, "operator": null, "name": null, "addr:postcode": null, "Date": "2015-01-01" }, "geometry": { "type": "Point", "coordinates": [ 80.6829028, 7.9227656 ] } }
]
}
